x,y,t,fund,unemp,gdp
0.45,169,1,2745.821978861573,0.023998404232063408,-0.05305019743746013
0.45,169,2,2797.2993205389243,0.0037271066499286833,0.01235605298403768
0.45,169,3,2848.8920254945815,0.0021614315678007323,-0.0026313124057343183
0.45,169,4,2900.1700469487087,0.0019191884508934186,-0.0019003540913575215
0.45,169,5,2949.264066552517,0.02065820228469573,0.0006004269677442618
0.45,169,6,3000.53645089223,0.004657577348163144,0.01381249140492147
0.45,169,7,3050.645786401055,0.0036915044844142235,0.0021484335409121
0.45,169,8,3098.889941280437,0.003804751845985675,0.0013889019001537331
0.45,169,9,3156.768789055478,0.022302140224146064,0.0016819675735596205
0.45,169,10,3217.0210341490915,0.008386321313596427,0.011987649825720382
0.45,169,11,3276.4478041313246,0.006236510069867027,0.0024284813470829975
0.45,169,12,3334.4782965632985,0.005342917739879134,0.0023293670767307053
0.45,169,13,3387.9989561949346,0.024074300450280608,-0.0031766061210161223
0.45,169,14,3443.34770699851,0.00864325474111056,0.009189942273840086
0.45,169,15,3497.511262442742,0.00562296083500028,-0.001428179715478048
0.45,169,16,3549.8854653231488,0.0038262964210280296,-0.0010489756969709978
0.45,169,17,3595.5461424762525,0.022629525814610314,-0.0038157799262584957
0.45,169,18,3642.6338710121317,0.0064103058100597405,0.009048753615408543
0.45,169,19,3686.9806138451804,0.005559413530128791,-0.005185147742071237
0.45,169,20,3728.196955006689,0.005716092503973951,-0.005092803092610027
0.45,169,21,3761.1318445936326,0.027312107874846787,-0.004683213502784966
0.45,169,22,3793.972408097551,0.017278325381501557,0.00415239926570906
0.45,169,23,3824.7966118762615,0.013897041697921397,-0.004925812660530492
0.45,169,24,3854.43328025607,0.009907475008512986,0.002889864755739804
0.45,169,25,3877.319550840597,0.030090375231117097,-9.37063429605001e-05
0.45,169,26,3900.0503705909805,0.019844046919669157,0.007031321001341392
0.45,169,27,3922.3791244539048,0.01278776913170389,0.00539989862794586
0.45,169,28,3943.4132883606517,0.01055154435750691,0.0012590260684859258
0.45,169,29,3951.3315387753273,0.0247844150912875,-0.0022051244610445716
0.45,169,30,3960.315834323362,0.014232023275487837,0.00668768210966431
0.45,169,31,3967.669179525593,0.009425538110144877,0.00046577013525147675
0.45,169,32,3972.8257451749178,0.007520189715517557,-0.00014527422230683581
0.45,169,33,3956.6859803657558,0.02260534013552268,0.00046535262341608995
0.45,169,34,3939.565033991762,0.01180397012390111,0.00864151343823047
0.45,169,35,3918.956800893854,0.009400066886666987,-0.000360991735870564
0.45,169,36,3894.464571087424,0.006986274192784229,-3.4686320521531977e-06
0.45,169,37,3856.4919716646664,0.023592969320834486,-0.0021178310508015827
0.45,169,38,3816.663128674815,0.01523658230006775,0.008722471904553901
0.45,169,39,3773.8153225066476,0.010295656755553313,0.00140479828371384
0.45,169,40,3726.545735330141,0.01165267746797274,-0.004239769040170354
0.45,173,1,2763.8522235676787,0.025705239567923633,-0.038122932272606436
0.45,173,2,2832.4422850702626,0.008736771429627819,0.009249281463934172
0.45,173,3,2901.6337286511252,0.005071898769610043,-0.00011418924684083942
0.45,173,4,2970.7522181583818,0.0033306847222319552,-0.001490185637205802
0.45,173,5,3037.777911830507,0.022610157031391822,-9.650908369064077e-05
0.45,173,6,3106.833669009829,0.008812992324945477,0.01160367964988828
0.45,173,7,3175.1687410198697,0.0072726453659631134,0.0018699906496758333
0.45,173,8,3242.572569571321,0.006974212923135813,0.0016527234295028912
0.45,173,9,3319.988609469811,0.025653423942891725,0.0012433483950972494
0.45,173,10,3399.420331085573,0.014477821379115555,0.010595877348887962
0.45,173,11,3478.386632526763,0.01206119038110521,0.0027204836595426675
0.45,173,12,3556.4842993559314,0.011541915459583003,0.0022647552067285343
0.45,173,13,3630.8166167358277,0.028611230557901515,-0.000866839238463016
0.45,173,14,3707.030734655552,0.017004913456501704,0.006611580423630958
0.45,173,15,3783.1466496156954,0.01145630638890277,0.0017243704850284384
0.45,173,16,3858.3016044077626,0.009254812242569299,-0.00020537573910474935
0.45,173,17,3927.1463130214343,0.025791569840627936,-0.0008173746261641869
0.45,173,18,3996.7389790601283,0.014114110289907873,0.005346623016275837
0.45,173,19,4063.7682369872364,0.013416026024229494,-0.005523409033290527
0.45,173,20,4128.251768419842,0.012769241647739373,-0.005169016103299189
0.45,173,21,4184.090067683222,0.033750309521962854,-0.0029199237606970926
0.45,173,22,4238.828878605582,0.027290592011350586,0.0018328226333541623
0.45,173,23,4292.381378382815,0.023909656784922115,-0.004224712582445925
0.45,173,24,4344.181796925771,0.02166214998870118,0.00016203027376281536
0.45,173,25,4390.249417381161,0.038510467568905846,-0.0012198222049211302
0.45,173,26,4435.348177661164,0.032850004679059276,0.00715060001443311
0.45,173,27,4478.431139576394,0.03020973207011875,0.004409220329368924
0.45,173,28,4520.367570840007,0.023921187278216287,0.00044147440256204427
0.45,173,29,4547.913839298001,0.03449845828456175,0.0038244503330048616
0.45,173,30,4575.779220089214,0.026747817948213924,0.005166509903546487
0.45,173,31,4603.168254491967,0.01977150991241723,0.0014868951604422435
0.45,173,32,4629.376501924764,0.015832674475389504,0.0015951914124895789
0.45,173,33,4632.274266210662,0.02901282149888085,0.0033990305490023045
0.45,173,34,4633.110943640829,0.022034993372196554,0.004153353625073803
0.45,173,35,4631.169989544314,0.017252060002578378,0.004750511103253082
0.45,173,36,4625.540656952878,0.015568950893929493,-0.0005521184793861702
0.45,173,37,4613.662891341454,0.03377363807309388,-0.0028843265107875303
0.45,173,38,4599.3607806078735,0.02763666512863622,0.004279065833760731
0.45,173,39,4581.538774983776,0.02665036653660458,0.002399134786989117
0.45,173,40,4559.94308753107,0.029055694992692303,-0.0038354025991144606
0.45,177,1,2779.3898620397235,0.02906557125910642,-0.026770022420123298
0.45,177,2,2863.035265959203,0.01424208617876928,0.0077603760606041764
0.45,177,3,2947.685238768706,0.009519037647681583,2.167307054499735e-05
0.45,177,4,3032.9487376697402,0.007791156091222203,-0.0004156967953599418
0.45,177,5,3116.7589416472256,0.025667701369509324,0.0009212386588818893
0.45,177,6,3201.9721486122567,0.016910488896062458,0.00841893601836222
0.45,177,7,3286.591004760093,0.014364680506960393,0.0026088758876322404
0.45,177,8,3370.3835108734584,0.014173389916305257,0.0013688450559897966
0.45,177,9,3464.6140192919333,0.03126772087957542,0.002785812752432718
0.45,177,10,3560.037861535437,0.024724274453502944,0.005508235699722304
0.45,177,11,3655.5189296158337,0.02303506117458398,0.003394664974819111
0.45,177,12,3750.4284671952646,0.02184145824946291,0.0029610600228349615
0.45,177,13,3842.1255525725555,0.037835904575080126,0.0004845320604490835
0.45,177,14,3935.0360299262625,0.029668442692002805,0.00549439965616366
0.45,177,15,4028.5521902335013,0.024724435932865753,0.0017705856888061194
0.45,177,16,4122.54661146267,0.020980357725493094,0.0017721690331415753
0.45,177,17,4211.18398551688,0.034452668369378374,0.001800117530921187
0.45,177,18,4299.084304417282,0.027885966491941267,0.000940826243099658
0.45,177,19,4385.332638654253,0.024834035015602284,-0.002797315168510081
0.45,177,20,4468.685053064777,0.024821266290847865,-0.005656289062876383
0.45,177,21,4542.57753487655,0.04817604906509752,-0.006523550069607473
0.45,177,22,4614.803622401115,0.04624844891441455,-0.003944853626394696
0.45,177,23,4685.5244243070365,0.044224628097313076,-0.0036901853851552674
0.45,177,24,4755.624413040245,0.03845968905927067,0.0059904539414770116
0.45,177,25,4818.968857829814,0.05641815089223957,-0.006637192086973811
0.45,177,26,4880.903433809287,0.05252653089294779,0.0107711070059319
0.45,177,27,4942.121997433108,0.045231068702040945,0.0017719512659454466
0.45,177,28,5003.0015201640745,0.03960120967739813,0.00658342523122889
0.45,177,29,5048.8787189844525,0.04967383891169422,0.001450435993645485
0.45,177,30,5094.9547534964795,0.04181536825096303,0.0032512118945225393
0.45,177,31,5140.702627953716,0.03538976555559915,0.004610428751333381
0.45,177,32,5186.133622135737,0.03020051561745892,0.0015818194943673298
0.45,177,33,5206.583258950324,0.04176229165047735,0.0027739417895879153
0.45,177,34,5225.2535487248515,0.03520723508383429,0.006297901306861138
0.45,177,35,5241.2105313703605,0.030918533188180254,0.005443261882208573
0.45,177,36,5254.501081092836,0.029688874930930562,0.0008935587198055541
0.45,177,37,5268.709355008273,0.047034477082622046,-0.003659598020728191
0.45,177,38,5280.148111215857,0.04642383965452881,0.00042716808194091343
0.45,177,39,5288.312012720039,0.04730480272580885,0.0019611568407605167
0.45,177,40,5292.397436430639,0.05254853531874418,-0.007549780964086496
0.45,181,1,2795.029786620077,0.035210370811880096,-0.01744228026704016
0.45,181,2,2894.792746494012,0.023974692813870914,0.005049714918177699
0.45,181,3,2996.252398822713,0.01888206758314175,0.0008041845439726454
0.45,181,4,3098.8977657575956,0.015399150833800163,0.00040527014386375197
0.45,181,5,3199.677452834658,0.03242404773186896,0.0008990637253839466
0.45,181,6,3301.154121765899,0.026155633162273793,0.005702050374697832
0.45,181,7,3402.158115647579,0.024438387258551943,0.001870197013579562
0.45,181,8,3502.5473159358144,0.02386959279931947,0.001970856129777133
0.45,181,9,3613.633447173607,0.04091560837351486,0.002357996378528834
0.45,181,10,3724.936041849445,0.03740196217935456,0.0040197502529957145
0.45,181,11,3836.4556100641253,0.03478569955158353,0.003530466418579256
0.45,181,12,3947.6683916216425,0.034029631752481505,0.002577789531823531
0.45,181,13,4055.903318704929,0.048644652289061494,0.0017920525619351886
0.45,181,14,4165.633110416354,0.041396067603171466,0.0044848905509607935
0.45,181,15,4275.878213537252,0.0369258658502613,0.002454522351296571
0.45,181,16,4386.2122005582405,0.03202434417869602,0.002122642407305968
0.45,181,17,4490.881296259616,0.04457079248247247,0.0030621179145580786
0.45,181,18,4595.157950189949,0.039357182517264507,0.0008122767946273942
0.45,181,19,4698.560642957296,0.03763198037919617,-0.0034750107501769034
0.45,181,20,4800.782270686147,0.03810394432459076,-0.004269038241157353
0.45,181,21,4894.585717414162,0.06026905302342088,-0.0054295097637742035
0.45,181,22,4984.862041396816,0.06541992337075529,-0.007642963884599817
0.45,181,23,5071.708207137253,0.06926832517619391,-0.01240837833837342
0.45,181,24,5157.661241378029,0.06560597584888443,0.0015216746705328204
0.45,181,25,5237.882874022956,0.07921635340782879,0.0064541148319747525
0.45,181,26,5317.591566628492,0.07452060367155762,0.004706435661064419
0.45,181,27,5397.082582051006,0.06781551678582802,0.009715754351700837
0.45,181,28,5476.254670422849,0.06183752944296762,0.0005489182497428785
0.45,181,29,5539.713879019259,0.06769336709383848,0.00516396324608776
0.45,181,30,5603.731996817675,0.05772717030517718,0.00602087368088188
0.45,181,31,5667.073267488616,0.05136336131389082,0.005590901066364173
0.45,181,32,5729.314747268588,0.04711369667454133,0.0016991750614415533
0.45,181,33,5763.83306578176,0.0585218287469298,0.0028333347926732966
0.45,181,34,5795.586108742714,0.05468025657201669,0.002220777688523677
0.45,181,35,5825.1170441927725,0.05018981726941417,0.004212196463091715
0.45,181,36,5851.62555975059,0.04711309422980184,0.005009571158128878
0.45,181,37,5886.146584081061,0.06148229676499311,0.001389942415385237
0.45,181,38,5917.724818655088,0.06406159999963991,-0.005742560551321091
0.45,181,39,5945.528169397954,0.07083935877382835,-0.008009483957184739
0.45,181,40,5968.540402975562,0.08344972118969057,-0.014871509895305196
0.45,185,1,2808.962355366748,0.04302207982223442,-0.011004486202133379
0.45,185,2,2921.552844663662,0.03455105559877073,0.003038146931621413
0.45,185,3,3036.0741270438225,0.029578600877282958,0.0004509002323583568
0.45,185,4,3152.63471624111,0.025593201458135192,0.0017353890194204712
0.45,185,5,3268.6179961516928,0.041542032093361075,0.0020326702483132856
0.45,185,6,3384.847475902997,0.03903101334549307,0.003348227121978262
0.45,185,7,3501.132979166177,0.03739671474078452,0.0019873929329034027
0.45,185,8,3616.9106692323244,0.03715964264880615,0.0017100199267170311
0.45,185,9,3743.6221159300244,0.053550748471454274,0.001477423070757737
0.45,185,10,3870.7099924593617,0.05154118618687961,0.00442185811617369
0.45,185,11,3997.431818309426,0.050867875730871856,0.002318190900253802
0.45,185,12,4123.723754287737,0.05011994250095037,0.0027954957304680192
0.45,185,13,4247.099989544919,0.06424055174833496,0.002385871492798254
0.45,185,14,4371.391801003577,0.05938663717991712,0.003116201543874468
0.45,185,15,4496.209338576985,0.054418557895548406,0.002928342246046824
0.45,185,16,4622.100478999453,0.048729243276330096,0.003640803970681596
0.45,185,17,4741.8359820107435,0.06181255196600367,0.0015878548739934517
0.45,185,18,4861.361829466341,0.0574592688303385,-0.00040266885246885827
0.45,185,19,4980.230143810592,0.054403169461957473,-0.0008811033421909257
0.45,185,20,5096.500622646225,0.059318297470177174,-0.01036115685529511
0.45,185,21,5203.319703762145,0.08270462122138675,-0.009261106292572912
0.45,185,22,5307.96266769368,0.0860859183913268,-0.006631749039367933
0.45,185,23,5410.557905615891,0.08751694272224782,-0.00010840508711028931
0.45,185,24,5511.59032804174,0.08793458548675138,-0.004105440136806087
0.45,185,25,5607.662466719047,0.10007407605497788,0.0017270630425418217
0.45,185,26,5703.9077188870715,0.09429456409264841,0.007092939019132464
0.45,185,27,5799.760634212077,0.08876021524786425,0.009088928992926893
0.45,185,28,5895.360271438881,0.0815960323099843,0.0067296483220882575
0.45,185,29,5974.198520712919,0.0863329014859766,0.004975794988436543
0.45,185,30,6053.510215946559,0.07869889984292593,0.003805482122401884
0.45,185,31,6133.6702507028185,0.0706373335800591,0.006259896685033474
0.45,185,32,6213.919285311159,0.06478390441509459,0.004293854067328167
0.45,185,33,6264.003871868982,0.07683622755987476,0.0015598538806414408
0.45,185,34,6310.94387390065,0.07451230125772342,0.0033345652044449703
0.45,185,35,6355.09719472809,0.07227782725797684,0.0021168729406763802
0.45,185,36,6395.424313782923,0.07294306794961433,0.0003681469024063699
0.45,185,37,6449.845308029127,0.08785413645912352,0.0005754086626714623
0.45,185,38,6500.1770911135145,0.09606222969050796,-0.010483123703792476
0.45,185,39,6547.0408253371825,0.10268581343691957,-0.0058843191592825245
0.45,185,40,6589.292068585978,0.11512881804052116,-0.014363427217769629
0.45,189,1,2822.615673535094,0.049308648540025035,-0.007491730823182126
0.45,189,2,2947.8587694530024,0.04615761562034445,0.0022676163136657263
0.45,189,3,3074.7840739807816,0.04238793257223518,0.0011549750925680968
0.45,189,4,3203.2870098153394,0.038353165627444695,0.0010922141084085781
0.45,189,5,3331.5570262875767,0.053603170007398164,0.0022151823442474084
0.45,189,6,3460.2451804889943,0.051529465892999796,0.0030100772079654616
0.45,189,7,3588.7949546236214,0.051945951110285125,0.0012127337744569997
0.45,189,8,3717.0933244780335,0.05197209218504082,0.0016618004353646345
0.45,189,9,3856.9579740160557,0.06794249619814156,0.002393553325213504
0.45,189,10,3997.4187224434554,0.06707342889927217,0.0029415852501107165
0.45,189,11,4137.818402711339,0.06728728228149829,0.0030458978601809747
0.45,189,12,4277.892369237754,0.06767547026162204,0.0024611052953038537
0.45,189,13,4415.13654059177,0.08120338628465083,0.0020282043460574427
0.45,189,14,4553.366969070879,0.07704273694753336,0.003369925935100768
0.45,189,15,4692.25797039298,0.07240882723088403,0.0033690532636989536
0.45,189,16,4831.740053528354,0.06709889601413818,0.0044711746508459636
0.45,189,17,4965.236143789002,0.07915203914903748,0.0020968539065821
0.45,189,18,5098.307298368409,0.07534707606337468,0.0007800354184919101
0.45,189,19,5228.392239654926,0.08012195694921526,-0.012782330570505247
0.45,189,20,5355.931948152715,0.08376190745017541,-0.00750933964609809
0.45,189,21,5472.267683368594,0.10959097772701004,-0.015195550082325792
0.45,189,22,5585.796657178652,0.11493816274337604,-0.004064391778035996
0.45,189,23,5697.709406734158,0.11635626394298691,-0.009237779543285711
0.45,189,24,5810.62758118443,0.10920558584844067,0.00673066187063562
0.45,189,25,5917.872863529558,0.12078120881580177,0.009277625473140849
0.45,189,26,6026.680133773133,0.11144704263863549,0.004674736529645395
0.45,189,27,6137.117265191595,0.10128033649784705,0.008855118123248256
0.45,189,28,6248.939479082384,0.09329523702228255,0.007693019510196863
0.45,189,29,6343.365241739741,0.0999142948492183,0.005724519442608477
0.45,189,30,6438.270772679544,0.09281929410805323,0.0063223754383548115
0.45,189,31,6532.9268229492745,0.08722601043118004,0.004058459215109864
0.45,189,32,6627.60971839721,0.08185025071200144,0.00641798546459277
0.45,189,33,6690.630661360559,0.09309798306400989,0.00454397407107062
0.45,189,34,6750.790852645515,0.09071732117891643,0.0032116037904568735
0.45,189,35,6807.845359632599,0.08936471278035941,0.0006337905973701438
0.45,189,36,6860.129548042308,0.09119306758970284,-0.0023234295608287434
0.45,189,37,6930.41822488161,0.11225729873089321,-0.007739624695606016
0.45,189,38,6995.31439193912,0.1275672267621195,-0.01561648832178958
0.45,189,39,7054.409866445852,0.14467415406171266,-0.01723822530294172
0.45,189,40,7108.842790692634,0.15862620300557845,-0.009716807506619185
0.45,193,1,2836.979741925873,0.05590622542431426,-0.00503237983935592
0.45,193,2,2976.058584683941,0.05577531830423496,0.002212730733056195
0.45,193,3,3116.146927589562,0.05434501678166741,-7.772110240228707e-05
0.45,193,4,3258.1725119301204,0.05218413740759504,0.0010312036371606355
0.45,193,5,3399.599567482171,0.0683479377761691,0.0017035161467077004
0.45,193,6,3541.1004508908936,0.06754292730144626,0.0017648309007746814
0.45,193,7,3682.9903702937195,0.0670739020694641,0.0022068508091127818
0.45,193,8,3824.9068468090813,0.06719175840889947,0.0014955494317190066
0.45,193,9,3977.9739127113294,0.08322891211391907,0.0027357468046481574
0.45,193,10,4131.5754742555555,0.08291805719441996,0.0026484376936955286
0.45,193,11,4285.52455914809,0.08348224067839012,0.003050226419614725
0.45,193,12,4439.497029932966,0.08437469969665123,0.002530783992282255
0.45,193,13,4590.138374725182,0.09783104015296383,0.0025672188017083607
0.45,193,14,4741.281653992009,0.09445252288211935,0.003778779113080387
0.45,193,15,4893.378642062056,0.08980472934206163,0.003926263492681683
0.45,193,16,5046.644955220139,0.08507742898061253,0.003389986664905623
0.45,193,17,5194.34072889099,0.09669239979550413,0.003199540794593256
0.45,193,18,5340.3771897949955,0.0982697796700884,-0.0060092876484707765
0.45,193,19,5483.201290100482,0.10309050354508657,-0.011512254693202741
0.45,193,20,5622.636770090684,0.10931535483243739,-0.012290972108139751
0.45,193,21,5752.952496388334,0.12814438398825564,-0.0022607486960946614
0.45,193,22,5879.8910084419895,0.1350485548929395,-0.015720535681890458
0.45,193,23,6005.982594948322,0.13558664192078315,-0.0026893246861926564
0.45,193,24,6133.171397854348,0.12777339919544609,0.007958478745367864
0.45,193,25,6254.633106650903,0.13751436479528173,0.005043946806223828
0.45,193,26,6378.292113972415,0.12677271462425319,0.014002478529779443
0.45,193,27,6504.310176711721,0.11603340839501773,0.008378571225694558
0.45,193,28,6631.618492410581,0.10796029293959296,0.0026771211786386314
0.45,193,29,6740.134643715962,0.11482827782901225,0.00748366993094364
0.45,193,30,6849.575242399741,0.10915021977738465,0.005367958560136807
0.45,193,31,6959.0544361278735,0.10474103294260366,0.007654535825696949
0.45,193,32,7068.770635837356,0.10063029876333905,0.004869535096546949
0.45,193,33,7145.338928929923,0.11083429937523089,0.003650414224546184
0.45,193,34,7219.4253225126695,0.1082328318638147,0.0028473969404638803
0.45,193,35,7289.532643221613,0.10935206798091565,-0.0015764439058879682
0.45,193,36,7355.027166855955,0.11293761197391361,-0.002127751185822769
0.45,193,37,7443.538362946397,0.13724729731466512,-0.01381406604425645
0.45,193,38,7525.962966830692,0.15818292878026782,-0.020814137173417287
0.45,193,39,7602.3045804844105,0.17904420263049142,-0.020427982846731155
0.45,193,40,7674.73029542313,0.18817926472614976,-0.0030497335159997436
0.45,197,1,2850.0935604501115,0.06264716472972633,-0.0021992668903604248
0.45,197,2,3001.240746383212,0.06757514094828099,0.0014266331486180418
0.45,197,3,3153.5980524431,0.06867477577774726,-0.00037983993640851326
0.45,197,4,3307.682814423558,0.06762021959461409,0.0002738341463915244
0.45,197,5,3461.0479555974002,0.08291855218774766,0.0017840740298710677
0.45,197,6,3614.3773977879528,0.08289160089866017,0.0013690368890520142
0.45,197,7,3767.7793497302164,0.08307965703380314,0.001772683994999028
0.45,197,8,3920.786479822166,0.08345869642087528,0.001473197340864188
0.45,197,9,4084.6900099577356,0.09926607825599672,0.002216024583126779
0.45,197,10,4248.777176474893,0.09960605313585151,0.0031962591957828855
0.45,197,11,4413.399252566775,0.09930802498082529,0.0035571909246804533
0.45,197,12,4578.57859729766,0.09964164409064395,0.003305656800924082
0.45,197,13,4741.6784742849,0.1116459501575348,0.003338620246133211
0.45,197,14,4905.934131210709,0.1084204940143259,0.0029307587724294866
0.45,197,15,5071.700273951956,0.10380243456787092,0.004804801761019247
0.45,197,16,5239.221175210104,0.0995085548457119,0.004371767555309134
0.45,197,17,5401.110369995079,0.11066055278273877,0.0029490732672988527
0.45,197,18,5562.549086427617,0.10948820288592269,-0.0018284181496534253
0.45,197,19,5720.005313590946,0.11955632733579395,-0.020857838793258063
0.45,197,20,5873.770565598675,0.12857263791176207,-0.014836014244558859
0.45,197,21,6017.266248854895,0.14965186901525096,-0.007920362161489704
0.45,197,22,6158.974239980071,0.15250860990686618,-0.0006342178302402711
0.45,197,23,6300.4231577491055,0.15002381423554995,0.0036793329066745653
0.45,197,24,6442.577359701273,0.14287950392491655,0.002618655204015327
0.45,197,25,6580.9333596326915,0.146342893413297,0.009925794852597992
0.45,197,26,6721.495075980932,0.13663308115410694,0.007242885470496199
0.45,197,27,6863.91154613427,0.1271852551936023,0.00963661544542516
0.45,197,28,7006.367427944707,0.12280037076754761,0.009505154225900786
0.45,197,29,7128.932461086264,0.12969529707082883,0.0025113984516573597
0.45,197,30,7251.839484679808,0.12523381529435487,0.005569205269554345
0.45,197,31,7375.058775514897,0.12008423521204398,0.005962741211186883
0.45,197,32,7497.653668859825,0.11837102384017603,0.004697992554135849
0.45,197,33,7585.200033158299,0.13050641749867803,-0.0005574890479210417
0.45,197,34,7669.845885916148,0.13022160348676018,0.0009051841590932784
0.45,197,35,7750.8390972414,0.13150451273625305,0.004518071301878628
0.45,197,36,7826.4750104488785,0.1395506101985431,-0.008949687442852431
0.45,197,37,7931.0112666317145,0.16429034926204802,-0.015084456796554728
0.45,197,38,8029.777968788844,0.18453797042138997,-0.02630008043791749
0.45,197,39,8122.754164488296,0.20361300269676333,-0.015861753503070817
0.45,197,40,8211.355617539311,0.21758899917689417,-0.006929247786070759
0.45,201,1,2864.0980933998785,0.06954235198243415,0.0013549261094943572
0.45,201,2,3027.831478835316,0.07852790618021745,0.0004715152014846141
0.45,201,3,3191.5696794634346,0.08185887692943135,-0.001844409153405249
0.45,201,4,3356.2284494498463,0.0819908524773691,-0.000205854695645636
0.45,201,5,3519.9216405656916,0.09720803898970692,0.00046089792930697966
0.45,201,6,3683.6697618928188,0.09777130939861389,0.0008403883753358333
0.45,201,7,3847.456090636776,0.09788724224836035,0.0010569885578894055
0.45,201,8,4011.5801032918785,0.09794511633441859,0.0016487336147324437
0.45,201,9,4187.459002110384,0.11353104171722617,0.002587177869384204
0.45,201,10,4363.530098902395,0.11444661983311556,0.002770521243625311
0.45,201,11,4539.875710847276,0.11529933996186899,0.0031652043314670504
0.45,201,12,4716.869709263846,0.11586650533611743,0.00359611242407562
0.45,201,13,4891.444718065015,0.12830739443261718,0.0037243060308907237
0.45,201,14,5067.3873844676855,0.12501326554157133,0.003183526125996247
0.45,201,15,5244.650293359109,0.12147028475318708,0.004458450651324277
0.45,201,16,5423.479450627764,0.11776644248587059,0.005627516617219163
0.45,201,17,5596.2402692490205,0.1282575497006722,0.0030374729790484515
0.45,201,18,5768.446687247338,0.12830706717392273,-0.003200013014122868
0.45,201,19,5938.241341435781,0.13510532912333964,-0.012932169697026858
0.45,201,20,6102.524074507933,0.15144107704766116,-0.028367172698161056
0.45,201,21,6254.8085000636065,0.1760077066760336,-0.014568800940593029
0.45,201,22,6404.406266157128,0.1839559966510486,-0.013051118122736695
0.45,201,23,6553.601624361556,0.18370770624146432,-0.00044450944410015275
0.45,201,24,6704.211283385745,0.17713474821116604,0.01809602306791676
0.45,201,25,6852.405668887003,0.17411883694990754,0.011369546653428018
0.45,201,26,7004.597745801376,0.15859178241274033,0.012277914717050439
0.45,201,27,7158.526598911761,0.14965656083095225,0.008170005914201927
0.45,201,28,7313.681721391755,0.14092980906170569,0.006118912008951349
0.45,201,29,7448.334901524412,0.14721599402569657,0.006371642227121327
0.45,201,30,7582.899512176225,0.14383650085796174,0.006226909489858627
0.45,201,31,7717.829404025196,0.14069482244474799,0.005420335238170257
0.45,201,32,7852.684517875355,0.1382659979412413,0.00451344508809805
0.45,201,33,7951.391059509142,0.14823911073895582,0.005937211036863604
0.45,201,34,8046.979770904447,0.14776500485540192,0.0017993787284704482
0.45,201,35,8139.078288719609,0.14867329820451614,0.0024489493785621124
0.45,201,36,8226.504048903873,0.15380723841625712,-0.007023734455472672
0.45,201,37,8345.510394464403,0.18699193655406307,-0.029315960296212504
0.45,201,38,8457.980277471197,0.2111651677149346,-0.019769605978809272
0.45,201,39,8562.234328838505,0.2429503791304512,-0.03197058131323855
0.45,201,40,8660.136453331537,0.26435891761145675,-0.01902254409297923
0.45,205,1,2876.507483339978,0.0739171019908338,0.0044291035776005865
0.45,205,2,3051.767248757409,0.08745311521578808,-0.0015571134008907528
0.45,205,3,3227.289083657844,0.09289111405202875,-0.002259372832722923
0.45,205,4,3403.5558139987693,0.0952837919103699,-0.0010542392936949778
0.45,205,5,3578.9303384708483,0.11257345524335394,-0.00018460470060904568
0.45,205,6,3754.5677571394945,0.11312192817279586,0.0009031484688053626
0.45,205,7,3930.0065046008576,0.11431325871231124,0.0003652215581136054
0.45,205,8,4106.185593600616,0.11397374713178172,0.0015555913683902086
0.45,205,9,4293.370774976838,0.12920337854852362,0.002765616827294628
0.45,205,10,4481.256136947622,0.12979370711481372,0.0026549418705097477
0.45,205,11,4669.199546409018,0.13045860668800346,0.003789334696613619
0.45,205,12,4858.050474828615,0.13114213570267513,0.00394427571166693
0.45,205,13,5044.201039221552,0.14354038438465622,0.0035553007182933622
0.45,205,14,5231.339546947968,0.14075837799376142,0.0038985201275855415
0.45,205,15,5420.30529931097,0.1366844957417209,0.005202648748795947
0.45,205,16,5611.074779457981,0.13289790073266142,0.005846667125506306
0.45,205,17,5796.6347825404255,0.14182729197123406,0.006419635527903167
0.45,205,18,5982.693469878842,0.1395762951973953,0.002499637831879323
0.45,205,19,6166.145375211596,0.1456477201947066,-0.01082980027627262
0.45,205,20,6343.180802616431,0.16471374504943107,-0.0353113902214793
0.45,205,21,6504.679821648557,0.20136997986324073,-0.037525369252100024
0.45,205,22,6662.367125131011,0.21289852373322693,-0.018965356673247166
0.45,205,23,6818.710842027377,0.21561624239430568,0.0024978374187212323
0.45,205,24,6976.842938391558,0.20913313022198973,0.016482308116809948
0.45,205,25,7133.231287223636,0.20488242488373393,0.025050225359110383
0.45,205,26,7296.177604543397,0.18303913661372784,0.020160445528472366
0.45,205,27,7464.514089829051,0.16382018934814493,0.005625634434385434
0.45,205,28,7635.251574594072,0.1530473311823686,0.009264826580503533
0.45,205,29,7784.068087656598,0.15987595345404151,0.004241970175534904
0.45,205,30,7932.705066332468,0.15650900373454066,0.007394568738813677
0.45,205,31,8080.788612652294,0.15407210986897762,0.006372637345429036
0.45,205,32,8229.089813077651,0.15067475384999246,0.007056499505883172
0.45,205,33,8339.295106489011,0.1614353378244821,0.00353941932413777
0.45,205,34,8447.005168903588,0.16005881801058053,0.0037008379190804725
0.45,205,35,8551.510028600824,0.1599795505830778,0.001369830877835028
0.45,205,36,8651.383141135224,0.16353806278321228,-0.003319882876626798
0.45,205,37,8788.289875340553,0.19325432584492455,-0.02320100162241643
0.45,205,38,8914.643218575167,0.23318934123764617,-0.04902558205908877
0.45,205,39,9031.651908132566,0.2690307304487314,-0.031337717165386914
0.45,205,40,9141.867528304221,0.2937050862601557,-0.021697799165600655
0.45,209,1,2887.973730715274,0.07813113584439862,0.006645379861689953
0.45,209,2,3074.3981469468918,0.09454829476268815,-0.003302276957580554
0.45,209,3,3260.1677776726956,0.1027269250215094,-0.002674146063626606
0.45,209,4,3447.066655953439,0.10577108461896875,-0.001154422513821053
0.45,209,5,3633.7143957120893,0.12227225470709079,8.138048756594474e-05
0.45,209,6,3820.9392965489637,0.12433589914922832,0.00039158861821717413
0.45,209,7,4009.0130698445664,0.1254434456442872,0.0008145251001477387
0.45,209,8,4197.765857147549,0.1272977101557413,0.001426913088015176
0.45,209,9,4398.498762411376,0.1425254310494703,0.002314839928176162
0.45,209,10,4600.169036722711,0.14383253254141345,0.002571339223618831
0.45,209,11,4802.601093606894,0.14526865869352346,0.0033362018222017273
0.45,209,12,5005.775946553332,0.14637239788272077,0.00415774483257625
0.45,209,13,5206.577576036178,0.15853796083450222,0.0034500331293197658
0.45,209,14,5409.461497343515,0.1554332947262587,0.004445664641680308
0.45,209,15,5614.137202518413,0.15167436892717762,0.006133776822614698
0.45,209,16,5820.458004753998,0.14804274799747558,0.005223933574555217
0.45,209,17,6020.540368575545,0.15773650474464287,0.006961518868306784
0.45,209,18,6221.294050132998,0.15399161339270917,0.005050240959029648
0.45,209,19,6420.587495306382,0.1566045163099439,-0.0056784406082683045
0.45,209,20,6614.2392498751715,0.17229645200918214,-0.02716367886774188
0.45,209,21,6790.201341059258,0.21354435026108837,-0.04789662935079564
0.45,209,22,6958.6346726613865,0.23531705145469223,-0.03594875559037668
0.45,209,23,7124.266762110265,0.24320180430358912,-0.0070295657929325675
0.45,209,24,7291.048912711325,0.23878689910461712,0.015556920485304764
0.45,209,25,7454.40481891578,0.23745116996603158,0.015486659447860028
0.45,209,26,7622.472314723753,0.2219659472952968,0.041585634635494806
0.45,209,27,7800.85420451855,0.18820539701151276,0.013723469624283823
0.45,209,28,7984.382850808378,0.17019272238805874,0.005483104806829241
0.45,209,29,8145.73071468926,0.17592858993548596,0.007049670172081318
0.45,209,30,8307.291584172448,0.17314703696372116,0.005834765223370706
0.45,209,31,8468.489004987145,0.17202084122298442,0.00704512110559623
0.45,209,32,8629.162297843335,0.1701578834423257,0.005835372764108253
0.45,209,33,8750.151220150796,0.18002994039081338,0.006119659148690413
0.45,209,34,8868.074079878097,0.17911184613762948,0.0010766946012635147
0.45,209,35,8983.095555256083,0.17732449615384363,0.0025486613665084987
0.45,209,36,9095.119176528764,0.1778080407402464,0.0020342848416317525
0.45,209,37,9249.762719572094,0.20421979411099364,-0.023268567954987496
0.45,209,38,9395.09389012145,0.24028508360117087,-0.04458900218415513
0.45,209,39,9528.650904895718,0.28611658912444027,-0.04653263769411219
0.45,209,40,9651.835034203965,0.3255481739779246,-0.04114506574985454
0.475,169,1,2886.0325839525367,0.02416314524695774,-0.05278178556625015
0.475,169,2,2927.5367529582963,0.003932788324670437,0.012321916816074396
0.475,169,3,2968.866581654396,0.001999855018362968,-0.0023667345883375815
0.475,169,4,3009.2997285174106,0.0017565381465747,-0.0022450176368402357
0.475,169,5,3047.6283371881264,0.020809518718468478,0.0008129322833893624
0.475,169,6,3088.609919706215,0.005018193360193211,0.014673159788417326
0.475,169,7,3127.891832637552,0.0041977416704608705,0.001352221891664207
0.475,169,8,3164.842348980164,0.0035975403807273166,0.0012127473857738449
0.475,169,9,3211.0910603966126,0.022137538380594585,0.000584103553663693
0.475,169,10,3259.015197998863,0.008481347821855906,0.012979090340384985
0.475,169,11,3305.445311325447,0.006007615943537503,0.0018028905812968565
0.475,169,12,3350.139776551986,0.0059956419966863995,0.0013647814361531915
0.475,169,13,3390.689161286328,0.023085158923647767,-0.0008997339366177212
0.475,169,14,3433.0877452270884,0.008589971127364513,0.008766370004888575
0.475,169,15,3474.5124398383427,0.004707201519861612,-0.00022721858031992046
0.475,169,16,3513.6251392175645,0.0039656967827505305,-0.0034009018769045976
0.475,169,17,3545.650935778703,0.022250654275165337,-0.0033333142921761496
0.475,169,18,3578.6316166420543,0.007014959485254505,0.0084589992306632
0.475,169,19,3609.0840907596057,0.005482535178461246,-0.0044183146449417645
0.475,169,20,3636.5010545388245,0.005241943258718434,-0.00547032831485102
0.475,169,21,3655.61785621476,0.027086481820062902,-0.005115121499280875
0.475,169,22,3674.957502954517,0.01543958120211732,0.006335252143554547
0.475,169,23,3692.1657619231232,0.01235470290131673,-0.0036970012054365867
0.475,169,24,3707.3922805696516,0.009798498460466003,0.0007126515098525745
0.475,169,25,3716.3895423196873,0.028743749551391487,-0.0019589809575628917
0.475,169,26,3725.627249373239,0.01828449933381924,0.012397455429446206
0.475,169,27,3733.5318813298477,0.011655780815956212,0.0043822141405733105
0.475,169,28,3739.246103639118,0.009510624687021567,-0.0009017898044340995
0.475,169,29,3731.568348118504,0.02417669772214505,0.00036229920000989906
0.475,169,30,3723.9879631110866,0.014198012667263784,0.0023946493629027816
0.475,169,31,3715.433208654216,0.008412544694673608,0.0030200932626488967
0.475,169,32,3704.478786182714,0.005851723931592148,-0.0003259258098189353
0.475,169,33,3672.5412122333323,0.022437943785985848,-0.001139390916118811
0.475,169,34,3638.991819272005,0.011224753236608681,0.007955784349636758
0.475,169,35,3602.5146336784537,0.006729894500634623,0.0011882758880056715
0.475,169,36,3562.3342665545947,0.006582210838035512,-0.003346901407478252
0.475,169,37,3504.2852645782546,0.022226942997495565,0.0002805655575640982
0.475,169,38,3443.5371671260536,0.012124467893649923,0.007307090685272406
0.475,169,39,3379.480182072848,0.009180593475583757,0.002371610724039277
0.475,169,40,3311.4627485531983,0.008880417404257539,-0.004314633959410086
0.475,173,1,2903.3415073762417,0.02461651962528031,-0.03816930410325361
0.475,173,2,2960.984229158356,0.007582852830732056,0.009259351066759156
0.475,173,3,3018.855020993231,0.004870159395999557,-0.0017271374121904243
0.475,173,4,3076.8070038135215,0.0036734349080188135,-0.0015632095066932248
0.475,173,5,3132.414615854681,0.022229136532504704,0.00021980452586124435
0.475,173,6,3189.746162726313,0.009066221070805668,0.011862395982234784
0.475,173,7,3245.985986739751,0.006309143930754759,0.0031223848002270866
0.475,173,8,3300.9348447837415,0.006663397028506673,0.0006079264824913838
0.475,173,9,3365.688886051038,0.02482390707748803,0.0017768199816598496
0.475,173,10,3431.9930007404855,0.015183286928212887,0.009421286986941762
0.475,173,11,3498.382777444925,0.01149405226754616,0.004103342697672135
0.475,173,12,3563.713336082814,0.011816191697458808,0.0020220388727749884
0.475,173,13,3624.9392079085374,0.0281712736362254,-0.0008411443177153616
0.475,173,14,3688.542404448643,0.016114732468690177,0.0072944843232480355
0.475,173,15,3751.60804596764,0.01199711399954242,0.000877436798924825
0.475,173,16,3813.7175444753234,0.00989189366520779,-0.0016111189129450426
0.475,173,17,3869.313306041351,0.025953593432061186,-0.0004533199863324553
0.475,173,18,3925.2436049237535,0.014097959369344836,0.005277108923857624
0.475,173,19,3978.986648719305,0.010277380993404693,-0.00181996934400038
0.475,173,20,4030.098592511893,0.009904718176553539,-0.003361323911608438
0.475,173,21,4071.4565172609496,0.035112866475697266,-0.010770026831324848
0.475,173,22,4111.958969022631,0.028348123298888618,0.000738501892884625
0.475,173,23,4151.425393713827,0.02151992407430988,0.0024826398049451917
0.475,173,24,4188.49902327538,0.02079054412380744,-0.0004565421761223365
0.475,173,25,4219.251141392992,0.03913324605780608,-0.003578603404888604
0.475,173,26,4249.38520984062,0.03162115409824705,0.007723272958691987
0.475,173,27,4278.363348599493,0.02549538460828267,0.006221231358428869
0.475,173,28,4305.502387165958,0.0219415455995094,0.0025945740877463515
0.475,173,29,4318.6228791832345,0.03399296336317936,-0.0023551041719594595
0.475,173,30,4331.805727806063,0.026108093966977018,0.003832572606164933
0.475,173,31,4344.626984206833,0.019561308113911092,0.00518961784201885
0.475,173,32,4356.628658267418,0.015308196522601717,0.0030441966265086656
0.475,173,33,4345.3781006536165,0.030157800182485886,0.0003607653110838533
0.475,173,34,4332.28243506526,0.022478186864023315,0.003326028196463607
0.475,173,35,4315.915030590996,0.018351701810139127,0.0013531275220352368
0.475,173,36,4296.016210508909,0.014686611177871222,0.001865608115522961
0.475,173,37,4266.311625928098,0.030908575430101982,-0.0009519112083772125
0.475,173,38,4234.277807260309,0.02613720504367441,0.004718367336214186
0.475,173,39,4198.3217214104125,0.02553808442635794,-0.0031981464863747367
0.475,173,40,4158.305098574378,0.024725135230962616,-0.001984470320813258
0.475,177,1,2919.4256816007032,0.028709130943663248,-0.027709087098173095
0.475,177,2,2993.120284472102,0.014074578543350516,0.007739859674717276
0.475,177,3,3067.742816882254,0.009613736939459806,2.6814299247159405e-05
0.475,177,4,3142.49241397693,0.0070928898675253465,-0.00012088658463605733
0.475,177,5,3214.9250388395576,0.024943710018191876,0.0005020114755496484
0.475,177,6,3288.3861605777547,0.0152683425239926,0.008460449112573617
0.475,177,7,3361.114865502351,0.01321584430564831,0.0024277644322969094
0.475,177,8,3432.7723518105545,0.012569231946783907,0.0016677764623578804
0.475,177,9,3515.1313956035256,0.029388028657062946,0.002813481921092257
0.475,177,10,3598.393147810613,0.022399458557970035,0.006689050040344856
0.475,177,11,3681.7861562361218,0.01966963245463676,0.003969423468836323
0.475,177,12,3764.252457385622,0.01992717186725508,0.0021791796770112945
0.475,177,13,3843.3519718038583,0.035761103452433,0.0007436443256249326
0.475,177,14,3923.4712877839706,0.026921118181037908,0.004270807821824484
0.475,177,15,4004.3466131435753,0.021239012063873613,0.002657623009220041
0.475,177,16,4085.2913372557605,0.01803089526381332,0.0012572098108407997
0.475,177,17,4160.833476210019,0.031862208941437334,0.0014001914400159686
0.475,177,18,4236.612766832861,0.0240154479387984,0.0038660454763250977
0.475,177,19,4310.539183813719,0.022570225479984555,-0.005034697521327099
0.475,177,20,4381.991435523231,0.022239012293405296,-0.0038162360768340905
0.475,177,21,4443.800872520293,0.045905527723631344,-0.009531296903016713
0.475,177,22,4504.578412897291,0.04128603159034728,0.005457963036297903
0.475,177,23,4562.413717925665,0.04212728832485289,-0.009683309107404893
0.475,177,24,4617.843132624504,0.04113695341212157,-0.004568604070333001
0.475,177,25,4667.374523338145,0.05490624443753999,0.005369443589892607
0.475,177,26,4714.982674929368,0.051810603967346644,0.0014690442080086594
0.475,177,27,4761.34635252844,0.04609972367753794,0.010164498133983532
0.475,177,28,4807.110248169421,0.03949043703749612,-0.0010182571234246646
0.475,177,29,4838.173225500727,0.0481119197745161,0.004082585674847613
0.475,177,30,4868.951942265,0.040446211581320814,0.0047156448327126035
0.475,177,31,4900.147175038434,0.031267061326198546,0.004931982197845847
0.475,177,32,4930.918350819019,0.02486765729904632,0.004502417997914138
0.475,177,33,4937.521126872008,0.03857593476045336,0.00205091799121931
0.475,177,34,4942.375182925123,0.03257041844097255,0.0033233872564688545
0.475,177,35,4944.967278300405,0.028796318096475742,0.0030546617129643626
0.475,177,36,4944.4967750794685,0.027413991159764495,0.0034407698836298054
0.475,177,37,4941.018499992434,0.04350936925596698,-0.0030778708763216285
0.475,177,38,4934.340976897364,0.043877461292975685,-0.0022319018027865197
0.475,177,39,4923.820946990132,0.044606115606569595,-0.00154741890835594
0.475,177,40,4908.622131454487,0.047918542765444945,-0.001911239105976145
0.475,181,1,2936.4729276858916,0.035721231091270796,-0.017415655585882688
0.475,181,2,3026.874028798949,0.024427510336225696,0.005280110917663616
0.475,181,3,3118.692639746761,0.018687142750533882,0.0008072020053198301
0.475,181,4,3211.640734687399,0.01511195305224692,0.0004974347246059402
0.475,181,5,3302.8018648015404,0.03233536885001031,0.0008269807032906514
0.475,181,6,3394.316759483123,0.02649190833995353,0.0053263271563801845
0.475,181,7,3485.4954671825385,0.02395925586160713,0.002808075929731198
0.475,181,8,3575.8551232967284,0.023186353344258327,0.0017364195877931535
0.475,181,9,3676.418381714628,0.04063451115896665,0.001441945417185579
0.475,181,10,3777.2877565028334,0.03651983235173373,0.004673196003598735
0.475,181,11,3877.897283547041,0.035263171951426815,0.0024554670599978377
0.475,181,12,3977.5992741729015,0.034168831915062925,0.0027090968235695193
0.475,181,13,4074.635396339145,0.04803036438448206,0.0017052869463168475
0.475,181,14,4172.506503058928,0.04195233357838759,0.0039051928792524443
0.475,181,15,4271.182465855397,0.03712431329357401,0.00279272780031431
0.475,181,16,4370.4109808535195,0.031396984180295,0.002720230861559771
0.475,181,17,4463.223145953075,0.04522191961424777,0.0013001567474930965
0.475,181,18,4555.841710399127,0.03795076254927829,0.002526079431779122
0.475,181,19,4647.422778959791,0.035342879978338924,-0.00143147314372866
0.475,181,20,4736.719189325695,0.0371240650255669,-0.008418146883413465
0.475,181,21,4817.54725615406,0.059423189103359114,-0.006572592480083623
0.475,181,22,4896.680757404884,0.05992230421080357,0.0006314795618373017
0.475,181,23,4973.2964561614535,0.061318797198978384,-0.0045193163539268165
0.475,181,24,5048.0498498200695,0.06103149607394269,-0.006088778436203585
0.475,181,25,5115.733106623525,0.07815003134963572,-0.004040010438717839
0.475,181,26,5182.279271591611,0.074752101502525,0.006210926280148177
0.475,181,27,5247.716001248961,0.07072545308238584,0.00953025698811289
0.475,181,28,5312.812808900386,0.0632843296436344,0.0032833161078169902
0.475,181,29,5361.717487383061,0.07058311595350418,0.0019183536148531981
0.475,181,30,5411.723703969584,0.05905841836206263,0.00773994471460801
0.475,181,31,5461.451032471901,0.051186315805504035,0.004216267592961139
0.475,181,32,5511.017775754662,0.04423443212902114,0.004611781967078009
0.475,181,33,5533.411737687647,0.05562713687942804,0.0021001046427158608
0.475,181,34,5553.1580324911765,0.05149811249739589,0.0034752798820818997
0.475,181,35,5570.29487940943,0.047880473764837395,0.0034225033117824366
0.475,181,36,5584.784184539385,0.044861428554252916,0.0033250531653734234
0.475,181,37,5603.789594751366,0.05774643553567897,0.0031826338856518733
0.475,181,38,5620.351294062928,0.05680207586924541,0.001935878152125342
0.475,181,39,5633.243003665189,0.062879916911054,-0.009879993154727132
0.475,181,40,5642.522969711422,0.0665506961886377,-0.0023636429939627246
0.475,185,1,2950.515210546686,0.043197210239053,-0.012375857407974795
0.475,185,2,3055.446827298417,0.03396712486439445,0.004629223151706181
0.475,185,3,3161.7737490770955,0.029235515043261898,0.0003459024345586289
0.475,185,4,3269.4106822573603,0.025743552308160843,0.0012153465157650736
0.475,185,5,3376.194462876853,0.04142898927153516,0.0021031608206668233
0.475,185,6,3483.6045228922803,0.03829325655492972,0.0038357448614579535
0.475,185,7,3590.9673245697572,0.036852026351130406,0.0020817190124711045
0.475,185,8,3697.8161625633525,0.03616905527627857,0.0021244006498626036
0.475,185,9,3815.328417112271,0.053282395924058264,0.0013703852292767757
0.475,185,10,3933.024407856344,0.05124718253507516,0.003914740374029019
0.475,185,11,4050.3087470500573,0.05027810917617732,0.0022791902067235193
0.475,185,12,4167.26464589154,0.04991692879296334,0.0027230276453968183
0.475,185,13,4280.546779797179,0.06417462645335442,0.002249513782425554
0.475,185,14,4393.884530224989,0.059177186262535646,0.0028603248105618967
0.475,185,15,4507.617454538164,0.054679306547791455,0.002734123478292358
0.475,185,16,4621.904982465509,0.04929753907798408,0.0033586426644228126
0.475,185,17,4730.881672839317,0.06091906496316121,0.002436792435828394
0.475,185,18,4839.411657156795,0.05619693587546518,0.00016785418291815084
0.475,185,19,4945.490960264218,0.05847574019508007,-0.008829125034921254
0.475,185,20,5049.870872871474,0.05850091157636593,-0.004051406204239523
0.475,185,21,5144.346854805126,0.08236501655917956,-0.010294889328010587
0.475,185,22,5236.862134305944,0.08615123625153562,0.00038641074900974036
0.475,185,23,5328.570292696194,0.08484171401947652,-0.005328393584540997
0.475,185,24,5418.863420916813,0.08335022619835392,-0.0020143676272255566
0.475,185,25,5503.7649756456985,0.09609858754718442,0.007355196978763005
0.475,185,26,5588.370401175836,0.09186361472443375,-6.222867442624841e-05
0.475,185,27,5672.434545466373,0.08796570609603833,0.004065883576321609
0.475,185,28,5755.846798146046,0.08229183186376056,0.005101112476337736
0.475,185,29,5822.491411509344,0.089282048879894,0.006235104447937428
0.475,185,30,5889.908917042839,0.08052875380250377,0.0038494654890976125
0.475,185,31,5957.425514952283,0.07323592212843481,0.005278857231320187
0.475,185,32,6024.486062018084,0.06750012719335893,0.00390912684309488
0.475,185,33,6062.965696301468,0.07716316109749076,0.0043765077639662964
0.475,185,34,6099.735516513366,0.07157404159962878,0.004827124097141194
0.475,185,35,6133.297941367624,0.06897189484338488,0.003182422273316021
0.475,185,36,6162.657260821945,0.06846649983124081,0.0009917629913058232
0.475,185,37,6203.334092619528,0.08194709006919358,0.0019581394447154826
0.475,185,38,6240.676441306831,0.08556157824469636,-0.004557931076720281
0.475,185,39,6273.468893894581,0.09326044328120757,-0.008835646810981786
0.475,185,40,6301.058880873281,0.10408582708136331,-0.011709686902921299
0.475,189,1,2964.9153863281754,0.050191691054475,-0.007820263306402966
0.475,189,2,3082.380386265346,0.046573945172633135,0.002105180271043883
0.475,189,3,3201.667502437563,0.042817972686316146,0.0016909191832551636
0.475,189,4,3322.8169075671008,0.039085273241078466,0.0011448848556360701
0.475,189,5,3443.0141491263507,0.05507341434678143,0.0013903684251453242
0.475,189,6,3563.5083782049696,0.05343782930407597,0.0024965297714163465
0.475,189,7,3683.7388753567598,0.05297861956676495,0.001861423688446033
0.475,189,8,3803.5918327844192,0.05254905072442408,0.0014244107851699634
0.475,189,9,3934.5308475058023,0.06894507988921271,0.002577057044188678
0.475,189,10,4065.955319684603,0.0683884091582012,0.0027354273791227158
0.475,189,11,4197.535378250669,0.06760284426685723,0.0025702911328963243
0.475,189,12,4328.977414902179,0.06702507656374795,0.003611053116350749
0.475,189,13,4457.510452641832,0.08070192490486677,0.0026587413397197277
0.475,189,14,4586.348974975484,0.0770252347772495,0.0029260958187074635
0.475,189,15,4715.854678825983,0.07300255804806825,0.0030536579553469274
0.475,189,16,4846.2760858561005,0.06809126835012953,0.0033221105401573855
0.475,189,17,4971.496870344209,0.07956621301355886,0.0032052662315578905
0.475,189,18,5095.1723524002,0.07896416067970219,-0.004011549124312907
0.475,189,19,5216.661791139705,0.08062500610628505,-0.006960911891006159
0.475,189,20,5335.084100881331,0.08565974257505722,-0.010804867204541211
0.475,189,21,5443.883578783824,0.10586543214754654,-0.004527532699462164
0.475,189,22,5549.749471199781,0.11014554254701077,-0.00814891917448721
0.475,189,23,5654.483602267458,0.10785737690131597,-0.0028508808151635145
0.475,189,24,5759.168457115268,0.10401419375533046,0.006108121459735261
0.475,189,25,5857.867705217013,0.1159581714529426,-0.00039499750180455544
0.475,189,26,5957.1078701913075,0.10882674195976728,0.005162618436120914
0.475,189,27,6057.367741351097,0.10115017391155721,0.007979014079093322
0.475,189,28,6157.739349641441,0.09430045213480706,0.004541059910493588
0.475,189,29,6240.545039091846,0.1013162896236119,0.0073377675469207294
0.475,189,30,6324.104273212068,0.09432338074588359,0.007180010587092087
0.475,189,31,6408.420367829819,0.0871969587352815,0.004885620850865372
0.475,189,32,6492.467877786891,0.08206575130235608,0.0037061033107602588
0.475,189,33,6546.004336438095,0.09181380181810196,0.005870160586951469
0.475,189,34,6596.095601204459,0.08942820185564565,0.005007713412383927
0.475,189,35,6643.357101174481,0.087397901063897,0.0008309409321819193
0.475,189,36,6686.556352033239,0.08845319140763702,-0.0018063313745425916
0.475,189,37,6745.174802720603,0.11030607708406835,-0.009583041302328057
0.475,189,38,6799.260095248154,0.12020789120090587,-0.007512478924928669
0.475,189,39,6848.006544852514,0.13608578847850372,-0.013564169478056633
0.475,189,40,6890.891205426014,0.15158177943676854,-0.013090218475024515
0.475,193,1,2980.3718829472014,0.05662909316890596,-0.004523386415443216
0.475,193,2,3112.2966647874546,0.05723513385892906,0.0016808731111812515
0.475,193,3,3245.4343013286175,0.05616554352429606,1.3775384561299088e-05
0.475,193,4,3379.7696769843965,0.053999161358959595,0.0008207075716550272
0.475,193,5,3513.762313281963,0.06887349323913129,0.0017617155347838913
0.475,193,6,3647.484954068711,0.06849824443451999,0.0022250075793838983
0.475,193,7,3781.122116912694,0.06821633790697182,0.0013627801339882656
0.475,193,8,3915.0543329440316,0.0675724347907276,0.0024008498281459997
0.475,193,9,4059.548902940777,0.08360972761524176,0.0019094113629060134
0.475,193,10,4204.551460697453,0.08326114898916828,0.0029771574597166786
0.475,193,11,4349.507548682411,0.08321797957073204,0.002764839074494062
0.475,193,12,4494.140502332001,0.08407016652083511,0.0031673553090644695
0.475,193,13,4636.0841921916735,0.09697473726298485,0.002637762143806395
0.475,193,14,4779.127097585011,0.09324176627573068,0.002930269640774962
0.475,193,15,4922.842965898322,0.08846535939984286,0.003182671979512193
0.475,193,16,5067.9976102060355,0.08384135619153736,0.004550788972062675
0.475,193,17,5207.153280187274,0.09447753141776302,0.0029465588869594366
0.475,193,18,5345.452844087558,0.09282514413710231,-0.00130211468033723
0.475,193,19,5479.435206167583,0.10177036522845145,-0.019397451199632588
0.475,193,20,5610.185323739574,0.1077883181143628,-0.01151896956710465
0.475,193,21,5732.089355564905,0.12454431856687712,0.0015382030276096068
0.475,193,22,5851.6988985832995,0.12901047181125871,-0.004859003283573748
0.475,193,23,5969.910407442706,0.12921564205316213,-0.00695617631574152
0.475,193,24,6089.3784574705005,0.1214421233764522,0.006805190654212456
0.475,193,25,6203.615552983428,0.12916717651103723,0.0034920513025389617
0.475,193,26,6318.25826038575,0.12301179339694703,0.010502581945981573
0.475,193,27,6433.796456816893,0.11553056098474643,0.007788877739493557
0.475,193,28,6550.112549334742,0.1078197329551406,0.005575675803382926
0.475,193,29,6647.978416770391,0.11302342543171685,0.008245883855426595
0.475,193,30,6745.660541547631,0.10827459632755931,0.0020947775210223333
0.475,193,31,6843.767895249156,0.10443002214486663,0.0041500139671282535
0.475,193,32,6941.1642149274685,0.10261699765817965,0.0026775258418345943
0.475,193,33,7005.818489125569,0.11471960472927413,0.0024958671115049903
0.475,193,34,7067.549391048014,0.11232613984242143,0.004405832755826479
0.475,193,35,7125.974971009488,0.11134723991185945,0.004017542700824139
0.475,193,36,7180.362134725377,0.11170394374650346,0.000996763048957548
0.475,193,37,7256.085809914215,0.13442389142184272,-0.013309516372600926
0.475,193,38,7327.059138120997,0.14774097569982186,-0.015110567632897916
0.475,193,39,7393.183422527422,0.1617306627865602,-0.01165868168632553
0.475,193,40,7453.6620751753735,0.17734028487145984,-0.014818128361311394
0.475,197,1,2993.619451649386,0.0631293889252884,-0.002446737434933783
0.475,197,2,3138.424251723823,0.06820983720143756,0.001155038855721397
0.475,197,3,3283.8002993861787,0.06919678779377139,-0.000406344407827746
0.475,197,4,3430.3165131602104,0.06758153576086216,0.0008247644927004723
0.475,197,5,3575.885458266573,0.08300853821982183,0.0014539282959166613
0.475,197,6,3721.1177857601524,0.08321569392713614,0.0015474538544798236
0.475,197,7,3865.947937414907,0.08292982080774425,0.001410661671113284
0.475,197,8,4010.770914024696,0.08223079543943176,0.0023346160573922367
0.475,197,9,4166.424482829167,0.09746525607699062,0.002317697336884528
0.475,197,10,4322.454498015202,0.09791360779586546,0.002232189968821327
0.475,197,11,4478.964409614889,0.09816346039921736,0.0035713347197194054
0.475,197,12,4635.840776272222,0.09856406020015007,0.0036298957776639165
0.475,197,13,4789.921475405176,0.11161094619427266,0.0027364370529461644
0.475,197,14,4945.552401845617,0.107599779835363,0.00324094581201316
0.475,197,15,5102.593869775604,0.10336153794937805,0.004480610906576744
0.475,197,16,5261.361077491159,0.09875173972525506,0.003880675429959545
0.475,197,17,5413.850606075986,0.11050843726135254,0.002376133437512327
0.475,197,18,5565.249812083362,0.11047570000212187,-0.00334558304758576
0.475,197,19,5714.151921540048,0.11573836905631897,-0.011822090734341623
0.475,197,20,5859.980230684347,0.12197357350472852,-0.01078311513180116
0.475,197,21,5994.864649975051,0.14530492861576622,-0.012461948051893086
0.475,197,22,6128.150185397521,0.1465656425108042,-0.002489237319083993
0.475,197,23,6259.867627081139,0.14649072594326254,-0.005084171050101797
0.475,197,24,6392.394312958187,0.14131025389510507,0.00762651416906732
0.475,197,25,6519.87305633396,0.1508178329518069,0.009116542499482337
0.475,197,26,6649.8717441741255,0.13908316315197938,0.0032381751763820234
0.475,197,27,6780.4755595123015,0.13328822245032912,0.011246914235390598
0.475,197,28,6911.720391651126,0.12720894983474212,0.0018970859046440552
0.475,197,29,7023.092732596222,0.13340688804588435,0.009922368451028151
0.475,197,30,7135.459733656792,0.12728071665464014,0.006353674942808865
0.475,197,31,7248.24809185541,0.12245065568049651,0.00443491580103086
0.475,197,32,7360.969873128357,0.1183093809375272,0.003964308285636288
0.475,197,33,7438.560330200329,0.13076025437411934,-0.00037787183697710313
0.475,197,34,7512.935321798358,0.13058605244289037,0.002160760360929451
0.475,197,35,7583.443046697661,0.13220114831097843,0.001499248271821145
0.475,197,36,7649.192645865811,0.1359558222361713,-0.0012712847336190773
0.475,197,37,7741.6914108668625,0.16016042287409654,-0.016180233373436388
0.475,197,38,7829.164563374318,0.17525358628720505,-0.016017657363952092
0.475,197,39,7910.682356159905,0.19602812405724013,-0.020536709528598835
0.475,197,40,7987.132308150357,0.21075209539819514,-0.010306746715898733
0.475,201,1,3008.6638415005127,0.06950876856308394,0.0011789048112509878
0.475,201,2,3167.182791982158,0.0785575173650779,0.00022168853943423046
0.475,201,3,3326.035694597537,0.0811316982202268,-0.001352251083368927
0.475,201,4,3485.7877527374417,0.08092628667178828,-0.00027117389018302293
0.475,201,5,3644.3566581367004,0.09651216585103423,0.00012913599451990697
0.475,201,6,3802.8962081692985,0.09671562403968977,0.0014994390830499224
0.475,201,7,3961.0678956007832,0.09683598624596143,0.0011335304320395354
0.475,201,8,4119.467906914177,0.09693890719896989,0.0018312218365331395
0.475,201,9,4289.166358840935,0.11232013572286922,0.0023621226609956848
0.475,201,10,4459.262382840784,0.11316419079384042,0.002782057394623489
0.475,201,11,4629.457706114413,0.11444027962601129,0.0030114126590367893
0.475,201,12,4799.666649135796,0.11508152824019349,0.003396901555874639
0.475,201,13,4966.934336907596,0.12798194329151727,0.003542251161003655
0.475,201,14,5135.15708365007,0.12453081998264773,0.0033972095534391426
0.475,201,15,5304.810030543768,0.12058386385394551,0.004681559663300741
0.475,201,16,5475.7143872254765,0.1162072400426413,0.004948259499962729
0.475,201,17,5641.653740217911,0.12607176589439326,0.005615179988427452
0.475,201,18,5807.201472670855,0.12629235860229146,-0.0030618350656674742
0.475,201,19,5969.300276585196,0.13555104165425427,-0.018213190566550068
0.475,201,20,6126.416197506152,0.15002972424735894,-0.024762918310794618
0.475,201,21,6271.413266902249,0.17612969608835347,-0.015207421774431606
0.475,201,22,6412.398700356775,0.18598788979436084,-0.01399552114077817
0.475,201,23,6551.82077152847,0.18622590275267908,-0.0019957288248322594
0.475,201,24,6693.507237832137,0.17646625862408674,0.016303681627120103
0.475,201,25,6832.54223355293,0.17398528505733293,0.013387910180617845
0.475,201,26,6974.73220448173,0.16049191359943074,0.015404626866147625
0.475,201,27,7120.151272998844,0.14662327527243796,0.008026221288119553
0.475,201,28,7267.345861132928,0.13715929767249563,0.007489906998368383
0.475,201,29,7394.248585474364,0.14326210656236782,0.006909220416163946
0.475,201,30,7520.622943282137,0.1407559421571329,0.0045127598059410716
0.475,201,31,7647.028726096421,0.13798451645417784,0.003859785428014917
0.475,201,32,7772.747097435929,0.13575030148521236,0.006023333966405689
0.475,201,33,7862.211182348082,0.1460628964012374,0.004407468237192085
0.475,201,34,7949.753164260142,0.14411609958805902,0.0023842114884186348
0.475,201,35,8033.551455171763,0.14483567684697454,0.0016621166321831582
0.475,201,36,8111.994471845836,0.15086626406730674,-0.007881836552029188
0.475,201,37,8219.933697774148,0.18526893111141837,-0.029363155503209813
0.475,201,38,8319.902703305534,0.2155270010438377,-0.030325676536614766
0.475,201,39,8411.818895902037,0.2437323881758236,-0.02233488271556718
0.475,201,40,8498.987209603461,0.26015033541022436,-0.01004038804017735
0.475,205,1,3021.194195955114,0.07402664504765634,0.004415274959150426
0.475,205,2,3191.3096505279796,0.08758121010874444,-0.0014778633602140873
0.475,205,3,3361.496238304969,0.09366985794764346,-0.0024051139776940923
0.475,205,4,3533.321769111029,0.0953130306172084,-0.0008411190635592654
0.475,205,5,3704.5806983153216,0.111773936857084,-0.00028823362774942394
0.475,205,6,3875.8224791133375,0.1130716458032368,0.000851596816563946
0.475,205,7,4046.9451840684183,0.11419030306661455,0.0005842665616399231
0.475,205,8,4217.996121791582,0.11508993589390587,0.0013811071731296947
0.475,205,9,4400.3477519935805,0.13017838720574398,0.002435169724684765
0.475,205,10,4583.409915828777,0.13099594909178608,0.0035581532804958697
0.475,205,11,4766.6570473337515,0.1316901837491415,0.00338259496038447
0.475,205,12,4949.695875079571,0.13342240120066182,0.0031947830830841776
0.475,205,13,5129.402791837345,0.1451857993642294,0.0032482757033580113
0.475,205,14,5310.283928141332,0.14120202273413113,0.004188641535404769
0.475,205,15,5492.5141406469775,0.1375796159172772,0.0055500326298781036
0.475,205,16,5676.593659476061,0.13327516321078742,0.005040723154831772
0.475,205,17,5855.059275217107,0.142523259061727,0.005793849044944114
0.475,205,18,6033.2654916272795,0.14052670122901553,0.0018322683546016015
0.475,205,19,6209.695085738674,0.1439493852258927,-0.00749213521707661
0.475,205,20,6378.606236071271,0.16501884486538762,-0.03741733996194082
0.475,205,21,6533.5370017739815,0.19716231796653494,-0.028565680241392038
0.475,205,22,6684.256557630764,0.2093459926484647,-0.016575151386774876
0.475,205,23,6832.493775050787,0.2157815043645536,-0.007996385059716686
0.475,205,24,6981.270328457866,0.2116131613317975,0.014125576427873009
0.475,205,25,7128.564848862885,0.2057827468297359,0.019598934291750525
0.475,205,26,7280.22161773001,0.18935834939719393,0.021066261085310307
0.475,205,27,7436.665339478787,0.17140572248616873,0.011424418736734377
0.475,205,28,7595.898820423637,0.1591487628677816,0.005354555907350207
0.475,205,29,7734.2876996571395,0.16350451723724418,0.003992472177192815
0.475,205,30,7872.5716209322945,0.16102433412033174,0.007556325370870084
0.475,205,31,8010.270368666605,0.15944552956274027,0.005705955069783604
0.475,205,32,8147.762099796633,0.15741798628665027,0.00475190999770341
0.475,205,33,8247.517788884325,0.16686393021814563,0.005019251453055102
0.475,205,34,8344.467043122511,0.16526336796989657,0.004612268545394537
0.475,205,35,8438.433373422296,0.1653136073847377,0.0016658851774828153
0.475,205,36,8527.77579781539,0.17018753516473897,-0.0056510294604385355
0.475,205,37,8653.426564828182,0.1992749203409469,-0.0231614594936097
0.475,205,38,8770.956599083938,0.22905809642178712,-0.034020091003304366
0.475,205,39,8880.392698520356,0.2581912298785475,-0.024107446537441582
0.475,205,40,8980.917752221987,0.29159524557974054,-0.03538672106949471
0.475,209,1,3033.354264924217,0.07993642156437196,0.00634670891657234
0.475,209,2,3214.903046592313,0.09671083104722991,-0.003049554348163871
0.475,209,3,3396.196638707458,0.10457980241568456,-0.0028083592319679144
0.475,209,4,3578.562816190583,0.10709532482037279,-0.0008553164756573354
0.475,209,5,3760.141550572086,0.12368252983727522,-0.0002014798939975851
0.475,209,6,3941.741565101008,0.12543407322159256,0.000313169769351804
0.475,209,7,4123.722727833253,0.12692255453766682,0.0006368413053723429
0.475,209,8,4306.003826573416,0.1279985162078025,0.0011859306279770612
0.475,209,9,4499.945137365511,0.14332121063522657,0.002222020977843707
0.475,209,10,4695.343866842039,0.1433928006455589,0.0035970407867283814
0.475,209,11,4891.2727663002825,0.14474853598026768,0.0032623507759664706
0.475,209,12,5087.647436752257,0.14636790322988144,0.003691632976013231
0.475,209,13,5281.32904023667,0.15791872296205078,0.0034703727478747476
0.475,209,14,5476.4606044990105,0.15470126473495383,0.005458238258954935
0.475,209,15,5673.032021658013,0.15164641562578682,0.005423326320355834
0.475,209,16,5870.795839547342,0.14813404896061436,0.0053313744928123585
0.475,209,17,6062.558134272034,0.1567279245312614,0.005937862586755157
0.475,209,18,6254.322858177073,0.15354702346578414,0.0038097365021760587
0.475,209,19,6444.393668272419,0.15662332423760553,-0.005780007991310603
0.475,209,20,6628.659080814343,0.17358497084423197,-0.029317526441605884
0.475,209,21,6796.974360281925,0.2093675326689193,-0.03760273118810327
0.475,209,22,6958.4257472053805,0.22968876551775946,-0.03414589734385336
0.475,209,23,7117.025077830734,0.23748089291800725,-0.007041662710638644
0.475,209,24,7276.803818228971,0.23214213890373533,0.014730462575924749
0.475,209,25,7433.587588008094,0.23093804771716916,0.01861809628378852
0.475,209,26,7595.445775684968,0.21225690357145063,0.025883720713281978
0.475,209,27,7763.07911752981,0.1916009200917536,0.016563628107787356
0.475,209,28,7935.67447050349,0.17438674032928922,0.008072940913486799
0.475,209,29,8087.374395062864,0.17728761547839608,0.0072033287881788114
0.475,209,30,8239.005918737055,0.1740944983399554,0.004840068348223849
0.475,209,31,8390.478514373586,0.17171202425812088,0.0064437882450107346
0.475,209,32,8541.197373206607,0.17058007389597693,0.005327845065930645
0.475,209,33,8652.305624963254,0.1805887441355601,0.005452477723060225
0.475,209,34,8760.545922221367,0.17983961439481805,0.003793544279677848
0.475,209,35,8865.99900099225,0.17878966555711867,0.0028937688821618593
0.475,209,36,8967.83615835052,0.18160158492225506,-0.0027424331389416154
0.475,209,37,9111.050748976244,0.2065163729518349,-0.019678858251013114
0.475,209,38,9246.111355644502,0.23720401161765708,-0.03738442347331748
0.475,209,39,9369.792534171549,0.28242065515329623,-0.05034393035015426
0.475,209,40,9483.626764029967,0.31986846643954464,-0.039988623109535076
0.5,169,1,3026.159331964201,0.02424477705912784,-0.05205934084743754
0.5,169,2,3057.1509496743984,0.00411579038075623,0.012168976728427611
0.5,169,3,3087.23461968872,0.0020934404554284395,-0.0028141316000614733
0.5,169,4,3116.346964252915,0.0019887935041775196,-0.0024735889050459025
0.5,169,5,3142.921608878873,0.020855506862096748,0.0008437409416576714
0.5,169,6,3171.1589792905856,0.004611962705534654,0.014075191891676046
0.5,169,7,3197.41216464028,0.003302269629242973,0.00196737395091314
0.5,169,8,3221.901387214907,0.00315530661242637,0.0003013226274330625
0.5,169,9,3255.6540060859393,0.021657543489064734,0.002429155130119807
0.5,169,10,3290.9235938579927,0.00773460713024683,0.012345998970119966
0.5,169,11,3325.0440003711365,0.005514012705280933,0.002326138507886721
0.5,169,12,3356.96997040858,0.00543437573001211,0.0010538189163231406
0.5,169,13,3384.177687306306,0.023275132972257685,-0.0019135841863367525
0.5,169,14,3412.454090425199,0.008732681423699323,0.008210269888392047
0.5,169,15,3438.952831226225,0.004941617909697643,-0.0013910370794143164
0.5,169,16,3463.5676508420697,0.0032353183069952565,-0.0019435397784369852
0.5,169,17,3481.0003649117593,0.022287909866525842,-0.0034604158358461515
0.5,169,18,3498.910090414547,0.005915714024954213,0.009189185994071373
0.5,169,19,3513.275232234102,0.005044261187623046,-0.005386454468330494
0.5,169,20,3524.2109952046535,0.004909546531501191,-0.005898342460032551
0.5,169,21,3526.9749289132155,0.026159253576395602,-0.004005721210597145
0.5,169,22,3530.1195539965174,0.012872092846108383,0.008792888396785999
0.5,169,23,3531.2812701241223,0.009891920688810644,-0.004279834944715109
0.5,169,24,3530.219622527346,0.007673469068563217,-0.0023052168450626567
0.5,169,25,3522.6442448471657,0.02684394470465847,-0.0013400102565821954
0.5,169,26,3514.6883391342217,0.016286278310742985,0.011921870856777142
0.5,169,27,3505.8588200147256,0.009922060794172093,0.005060481417222697
0.5,169,28,3494.3698286208073,0.008319654234255557,-0.00038311016044309033
0.5,169,29,3470.3235163486747,0.022361876353277004,0.0008159847164119654
0.5,169,30,3445.4968214401797,0.012900731039762867,0.002609482275366919
0.5,169,31,3418.5292291037017,0.007223419248792387,0.000635070801824673
0.5,169,32,3388.8929934954717,0.005005801137755944,-0.001919657160036881
0.5,169,33,3340.0158863147158,0.020812622460012913,0.0006358944665127514
0.5,169,34,3290.863783839901,0.0081755537710751,0.01021843619199932
0.5,169,35,3237.251462134487,0.0061199512494780235,6.878321411157185e-06
0.5,169,36,3178.7617699156035,0.004794788801909805,-0.0030179332140660843
0.5,169,37,3098.289031141532,0.020280126858674138,-0.0006018585299356516
0.5,169,38,3015.164034143417,0.010658175115607772,0.007397236273808357
0.5,169,39,2928.234685521024,0.007186616702905716,-0.0001643407210571175
0.5,169,40,2836.6314837164687,0.008766100498858521,-0.0031925533992123354
0.5,173,1,3044.925040962377,0.025794259889859217,-0.03800430008620654
0.5,173,2,3094.225733830131,0.008020999892311793,0.009996178419139098
0.5,173,3,3143.1023676860345,0.0052735009611259995,-0.0015591560081511518
0.5,173,4,3191.1692090427046,0.003964137678013077,-0.0018700750619259833
0.5,173,5,3236.303077464422,0.022462039275113657,0.0003379550902199628
0.5,173,6,3282.773041025425,0.009108929821838037,0.011719985319402883
0.5,173,7,3327.955933133542,0.00665056049682391,0.0026103027945625773
0.5,173,8,3371.4693846439195,0.005936549684625953,0.0019006758512289557
0.5,173,9,3424.736033893146,0.025280042262544232,0.0005244111310312292
0.5,173,10,3479.781648765652,0.01400893635008926,0.010118040909177338
0.5,173,11,3533.9735562770143,0.01163207013523147,0.0026018617731164858
0.5,173,12,3587.3047558933145,0.010538709824199344,0.0024653692265476698
0.5,173,13,3636.428375132364,0.027619715119964108,-0.0006491132611820773
0.5,173,14,3686.6434306635097,0.015940643934114256,0.006128496208705743
0.5,173,15,3736.142343168278,0.010409354047205053,0.0014274716863692794
0.5,173,16,3784.102654830203,0.008133634149935237,-0.0009493085904307749
0.5,173,17,3825.1694510376024,0.025028210350869242,-0.0015348076284717558
0.5,173,18,3866.882034310321,0.011927554108204567,0.005902192743451796
0.5,173,19,3906.506633673856,0.00908988694968129,-0.0013315277727728651
0.5,173,20,3942.88835799223,0.0098554815059039,-0.007205161226792083
0.5,173,21,3970.437115794402,0.0325210398929156,-0.00661838039891587
0.5,173,22,3997.3564353676998,0.024363179356846797,0.0038821439052780446
0.5,173,23,4022.7294085952567,0.01933476374360009,-0.0008821997837011503
0.5,173,24,4046.4733720156073,0.0152361237002529,0.0011217400351364426
0.5,173,25,4063.4780871064336,0.032884017796393446,-0.0010045352794193264
0.5,173,26,4079.500103692034,0.026788820813285756,0.00370928120494403
0.5,173,27,4094.3282668795323,0.019735017193335348,0.0051849070171295555
0.5,173,28,4106.512298795502,0.017679991690443587,0.0032980507634208837
0.5,173,29,4105.308952466766,0.029111671216617355,0.0025625367786289333
0.5,173,30,4104.032604128449,0.01989786544391966,0.002978760407589356
0.5,173,31,4101.661319707772,0.015393409642625831,0.0007962045568773844
0.5,173,32,4097.130412347977,0.01132893953275471,0.0007268116781184111
0.5,173,33,4071.0185610410094,0.025963090135030415,0.0019220800729078385
0.5,173,34,4043.123638672606,0.0174420182123352,0.00628877499039405
0.5,173,35,4011.2286871801507,0.013854554102431364,0.00020884636490887132
0.5,173,36,3975.4577095890363,0.01062109119010032,0.0015377031375178479
0.5,173,37,3925.9523477463013,0.026082715639074876,8.937049733042159e-05
0.5,173,38,3873.605268043924,0.020278365664795125,0.0023374229202800883
0.5,173,39,3818.4606231304138,0.015346907304157666,0.005002586006829493
0.5,173,40,3758.7753062599136,0.01684920216732804,-0.0027135269055392317
0.5,177,1,3061.107893682004,0.02882811224471598,-0.02637050138949389
0.5,177,2,3126.5795606387865,0.014496458198182103,0.007496934694642391
0.5,177,3,3193.229356343223,0.00901309550617326,0.0004649065725509386
0.5,177,4,3259.2530336939767,0.00755446409916531,-0.0012341210284173793
0.5,177,5,3322.884206864307,0.025737774276250878,0.0006480124838496991
0.5,177,6,3387.478990447957,0.015390388816687276,0.009265355958445796
0.5,177,7,3451.0036476916566,0.013634625133916655,0.0019046265780444489
0.5,177,8,3512.854498931357,0.013286377454485455,0.0006349526921156525
0.5,177,9,3584.119926809761,0.03139951812776193,0.0019645694084203104
0.5,177,10,3656.4938052386947,0.023268743006977805,0.007998652490361812
0.5,177,11,3728.3897265275364,0.02163294523489022,0.002215422515234193
0.5,177,12,3799.5697801755728,0.02050404601410891,0.0022957415154677297
0.5,177,13,3866.6153760938378,0.03555352179614178,0.0013730896740383155
0.5,177,14,3934.1200167753436,0.026912112474579322,0.003983330618197529
0.5,177,15,4002.0988624503825,0.021479625172172546,0.002451008193853509
0.5,177,16,4070.0994771417872,0.016925247768987205,0.0014768419837683264
0.5,177,17,4132.03950602182,0.032361346378594405,0.0004812142261843461
0.5,177,18,4193.808532872596,0.024270591959232726,0.0030268718182561555
0.5,177,19,4253.880203895489,0.0199811314923148,-0.0005310079670141588
0.5,177,20,4310.348951923631,0.020111644803977206,-0.006550054856917754
0.5,177,21,4357.3065947073965,0.041770225167213605,-0.006231842964879807
0.5,177,22,4402.519964475209,0.03841535655429624,-0.0019487429321167675
0.5,177,23,4445.568771122689,0.036064852461188866,-0.0006252540481975716
0.5,177,24,4487.203093237136,0.03276881758040488,-0.0004145806863095405
0.5,177,25,4521.8682686421325,0.0507910073749847,-0.0019612790987163843
0.5,177,26,4554.205630372425,0.048860681267890275,0.00361184918858245
0.5,177,27,4585.2709231002755,0.0432662891952029,0.0008262932974172046
0.5,177,28,4614.954142724968,0.03805410859980348,0.008064498033061801
0.5,177,29,4630.273620950611,0.04728154499761762,0.0020423218706929532
0.5,177,30,4645.821567365276,0.03721782886250261,0.003950044101417405
0.5,177,31,4660.613808539399,0.03040584378551286,0.0010377860842163999
0.5,177,32,4674.52088938196,0.024650763697091103,0.003904315432186248
0.5,177,33,4665.269409931155,0.03583775234405982,0.003986592057830213
0.5,177,34,4654.026618379997,0.03029303578387188,0.00385210095654411
0.5,177,35,4639.970987134709,0.02696768482942123,0.0021699609214574835
0.5,177,36,4622.624827797185,0.025883662844233202,-0.001197870245949773
0.5,177,37,4599.547376593869,0.039914916728786186,0.0033253046377775563
0.5,177,38,4574.190515200761,0.038206453956222707,5.358569486475807e-05
0.5,177,39,4545.659723846517,0.03660714999129678,0.001313063966200212
0.5,177,40,4513.839693382898,0.036434151459872076,0.001288804699760146
0.5,181,1,3077.603068573763,0.03554935366799403,-0.017153991219240685
0.5,181,2,3159.329533758016,0.02426312725774375,0.005317720744222727
0.5,181,3,3242.0323984010734,0.01896016133780732,0.000673930661366896
0.5,181,4,3325.019546082187,0.01542285277750751,2.690926779128465e-05
0.5,181,5,3406.427454212196,0.03199233266940917,0.001383330483741705
0.5,181,6,3488.4974962292686,0.025815744405220376,0.005563307341490617
0.5,181,7,3569.4519781923573,0.02510450311945557,0.0016561375331478596
0.5,181,8,3649.292707424669,0.02381633350523352,0.0015327813356473367
0.5,181,9,3738.8902597405986,0.04027380928052273,0.0023116908758595172
0.5,181,10,3829.139667998747,0.03593017769226341,0.0048712125203993865
0.5,181,11,3919.4468412174087,0.033959426466005596,0.0031100216393238978
0.5,181,12,4009.6335412974936,0.03273643333815295,0.002951372598657076
0.5,181,13,4096.014487648229,0.048591751031094345,0.0009276950132574214
0.5,181,14,4182.86099315233,0.042329215471629406,0.0036141304354894207
0.5,181,15,4269.964825918837,0.03703063956540704,0.0021286230095245023
0.5,181,16,4357.028210838157,0.03313929743233049,0.0019476811423325595
0.5,181,17,4437.538789350164,0.04629394524367795,0.0013153056712407248
0.5,181,18,4517.73366099336,0.03928930593806044,0.00048579511181957863
0.5,181,19,4597.211101093982,0.034869371498737485,0.0011986335583326134
0.5,181,20,4674.823408253597,0.034785544452836256,-0.00472736869562367
0.5,181,21,4743.841530815158,0.056190421367691215,-0.0063068746355342984
0.5,181,22,4810.593013053235,0.057011076302089944,-0.004162733841008837
0.5,181,23,4874.345632551713,0.058033687503641525,-0.00281132678563721
0.5,181,24,4936.270127174905,0.05626022694443614,-0.0036207967389415164
0.5,181,25,4991.148721713065,0.07134326738338007,0.0035559265181339264
0.5,181,26,5044.2582553473185,0.06844384778097769,0.002053897205678097
0.5,181,27,5095.908934104242,0.06378981458785846,0.0039373104328583085
0.5,181,28,5146.08458535736,0.06050142336853604,0.0032184231191407934
0.5,181,29,5181.3326457251,0.06688207875215492,0.0019813973167270332
0.5,181,30,5216.9422444432885,0.058598612591031406,0.008138738110042808
0.5,181,31,5252.510260401606,0.051072514701382236,0.0020552323404713644
0.5,181,32,5288.1012020397875,0.04437108915244738,0.005376697127735453
0.5,181,33,5297.8664163607555,0.0556589693413196,0.0005136843138353295
0.5,181,34,5305.054437019739,0.049432657153635755,0.006107850521892782
0.5,181,35,5309.248849657491,0.0460924482827098,0.0016654912720686136
0.5,181,36,5310.524001688825,0.04294050010298158,0.0027606263315954047
0.5,181,37,5312.848056119837,0.05956154369213056,-0.003547810308872493
0.5,181,38,5312.379197536282,0.05904305604120179,0.0022689573492695684
0.5,181,39,5308.467078782358,0.05975880630982453,0.00026005762081437203
0.5,181,40,5300.962599976986,0.06190311094052568,-0.0020507690312652166
0.5,185,1,3092.457172939391,0.04307792473316254,-0.010806894558847436
0.5,185,2,3188.579768163384,0.03537177015975802,0.002971514183802004
0.5,185,3,3286.1059364515045,0.030532342429415008,0.0008318995352913939
0.5,185,4,3385.243994609981,0.02592108404632224,0.0019229766948108196
0.5,185,5,3482.836806919192,0.04199712174487607,0.0012337113680697736
0.5,185,6,3580.419537507265,0.03909951412780775,0.0031008653189421257
0.5,185,7,3677.253605513967,0.03822623910036161,0.0018683062254472446
0.5,185,8,3773.249092723393,0.03748941072562518,0.0020788378581475925
0.5,185,9,3879.373644152544,0.05343098211339365,0.002122368833793697
0.5,185,10,3986.023437846229,0.050824942468663495,0.003815018617419383
0.5,185,11,4092.0557525628737,0.0510113729612268,0.0024493724998202312
0.5,185,12,4197.273292335276,0.050375836899522894,0.0030722336659666427
0.5,185,13,4298.766835824284,0.06487970936184374,0.0013573397989611812
0.5,185,14,4400.573564913167,0.059918344427827,0.002698059874814325
0.5,185,15,4502.985195645886,0.05451912720277199,0.0033799135992363368
0.5,185,16,4605.988736590737,0.04970179217024757,0.0029150240375183586
0.5,185,17,4702.4923201397205,0.06262561475518108,0.0013187976324421152
0.5,185,18,4798.073432648482,0.058928671420220256,-0.0007294641698162068
0.5,185,19,4892.278625474174,0.05716259857612389,-0.0036628283770642643
0.5,185,20,4984.451330952241,0.057863196104110955,-0.005508163996113327
0.5,185,21,5066.698505011771,0.08131015200739072,-0.008948032776612937
0.5,185,22,5146.204405175341,0.08481316051220385,-0.007020769509189641
0.5,185,23,5223.906928597974,0.0853551567113226,-0.000915901936113919
0.5,185,24,5300.87383422381,0.08287449680182393,-0.0038374441671855304
0.5,185,25,5371.4855473702155,0.09592156359080395,0.007041557764725947
0.5,185,26,5441.858590830747,0.08982033223749611,0.0033124678273693236
0.5,185,27,5511.93615870968,0.08450425721125537,0.0053011679497818
0.5,185,28,5581.745191633191,0.07722579559949808,0.007084249787154204
0.5,185,29,5634.553187504597,0.08515060603867065,0.004161856205012812
0.5,185,30,5687.648272261819,0.07676553256363962,0.0037241185528734035
0.5,185,31,5740.486893975346,0.06881706267396066,0.004963521597186179
0.5,185,32,5792.728514144485,0.06263853427927964,0.003457171021475593
0.5,185,33,5816.853283301667,0.07273451888466202,0.005609140607397988
0.5,185,34,5838.317172059019,0.06888480149684026,0.004459674255914758
0.5,185,35,5856.982188012553,0.06476889879613984,0.0022833885009062283
0.5,185,36,5873.432742983163,0.06188891886035562,0.00243599389942195
0.5,185,37,5897.177568205464,0.07738723712882796,-0.0002741413209759624
0.5,185,38,5916.765179527448,0.08343763358845517,-0.006700406387859049
0.5,185,39,5931.615924628637,0.09348131700961546,-0.012392825355057585
0.5,185,40,5942.057374220255,0.1011791718779452,-0.00616028856240624
0.5,189,1,3107.863598409474,0.04951348501488503,-0.007915692570606116
0.5,189,2,3218.433492001915,0.04500175838152928,0.002650365516471743
0.5,189,3,3330.1497124738776,0.04220368396354949,0.00033733498351776913
0.5,189,4,3443.2635195012754,0.03818655769110859,0.0018189334724893677
0.5,189,5,3555.0455704811843,0.05377008642866596,0.001799548559541435
0.5,189,6,3667.5197859005157,0.0510169511650266,0.002876423374219696
0.5,189,7,3779.8057699930346,0.050308854150767406,0.0020173290792285742
0.5,189,8,3891.5561601057166,0.0504382739432117,0.0013622287581653116
0.5,189,9,4014.062905724852,0.06755231462255613,0.0020366054651196203
0.5,189,10,4135.863873904423,0.06770366446006729,0.002457881028778338
0.5,189,11,4257.534586671274,0.06667171899386291,0.002926387359482935
0.5,189,12,4378.484566719447,0.0664079850155573,0.0029090080144220905
0.5,189,13,4495.941551937974,0.07968670513159018,0.0021568379556961103
0.5,189,14,4613.988639545909,0.07501362311085845,0.0023666496915790702
0.5,189,15,4733.2481463911045,0.06962245576948924,0.004416906267440604
0.5,189,16,4853.1167250736935,0.06512852928534114,0.0024553109966307307
0.5,189,17,4967.056171835914,0.07701659017073959,0.00238202524299386
0.5,189,18,5079.957984904807,0.07546399255684223,-0.002628421457789437
0.5,189,19,5191.466161580394,0.07524971461688947,-0.004700594458370384
0.5,189,20,5300.163485324349,0.079449161395857,-0.00849485888641131
0.5,189,21,5399.376594084016,0.1005014783675279,-0.006093643149027927
0.5,189,22,5496.477942900694,0.10296130259872678,-0.0046987226166636245
0.5,189,23,5591.661702331838,0.10249694840338718,-0.004334554767251383
0.5,189,24,5684.949913024215,0.10361927271966821,-0.0061162876613645
0.5,189,25,5772.185766414707,0.11566559650472734,0.0035724593555230247
0.5,189,26,5859.450841206053,0.1084057055219216,0.007787237532818522
0.5,189,27,5946.728419855392,0.10298818868085856,0.007030142070941162
0.5,189,28,6034.641663316171,0.09643441051971581,0.006928623649828821
0.5,189,29,6106.0519006003715,0.10120899006915575,0.0038519644711938984
0.5,189,30,6178.344517945645,0.0926732553263298,0.007804313288622922
0.5,189,31,6250.767910473388,0.08484567072243387,0.006661783114960776
0.5,189,32,6322.581419442442,0.0802322925597263,0.0033160079596369105
0.5,189,33,6364.428195730264,0.08963630632813921,0.005247308541652071
0.5,189,34,6402.766057826596,0.08799286444129722,0.0016485837185497105
0.5,189,35,6437.270475319659,0.08733477330401723,0.0020976221481105897
0.5,189,36,6468.000924605446,0.08628762281600354,0.0024137173257291803
0.5,189,37,6512.565800342802,0.10368461157863836,-0.004093150136434297
0.5,189,38,6552.958926985851,0.11231410289152709,-0.007223456811980459
0.5,189,39,6587.86739569837,0.126186574949949,-0.018679809225206345
0.5,189,40,6616.551798641176,0.14140355316946013,-0.012855117690326583
0.5,193,1,3123.8989526416426,0.05747032164738057,-0.00507059632153344
0.5,193,2,3249.810164014124,0.05781438762916326,0.0021267491562552442
0.5,193,3,3377.0077632254993,0.05649649280915491,0.00028839828678020135
0.5,193,4,3505.640696502746,0.053731600435090544,0.0011912451418981207
0.5,193,5,3632.9175086930027,0.0695576671790226,0.0010800230929011272
0.5,193,6,3760.028941636754,0.06850859155623895,0.0024966894344057577
0.5,193,7,3886.9859320053065,0.06809437965915272,0.0013256812996128738
0.5,193,8,4013.5568475722002,0.06823696750542943,0.0018454759379164497
0.5,193,9,4150.887610109313,0.08406546865755207,0.0021176061133314234
0.5,193,10,4287.902932196538,0.08383023145124949,0.002949011792266931
0.5,193,11,4424.20960953243,0.08414504908753545,0.002132917175697238
0.5,193,12,4560.561905087279,0.08413725976751334,0.0031536590325516468
0.5,193,13,4693.785473919273,0.09717158603286875,0.0032630195670860385
0.5,193,14,4827.67751985531,0.09286925224206087,0.0025408584749665106
0.5,193,15,4962.5320237260485,0.08826759201413643,0.003280993668055656
0.5,193,16,5097.825480628793,0.08332642438223828,0.0043257626525117785
0.5,193,17,5226.760440506215,0.09536914259659751,0.0020313909400238115
0.5,193,18,5355.043021880594,0.09268592630440062,-0.0007960468983232501
0.5,193,19,5481.235459427698,0.09453587878455871,-0.00874438415881113
0.5,193,20,5603.523013776196,0.10113143835996101,-0.013106674570865744
0.5,193,21,5715.159411807093,0.12462764768035045,-0.011608541679304371
0.5,193,22,5823.946146061458,0.128199520207999,-0.004950867795006929
0.5,193,23,5931.342288025975,0.1280348071215374,-0.0034633253610444007
0.5,193,24,6039.0446120754805,0.12202534904318181,0.005794651893048856
0.5,193,25,6141.936075735764,0.12945341283400327,0.011322440842481737
0.5,193,26,6245.81927754021,0.11988869679910685,0.004980546011778502
0.5,193,27,6351.209419493655,0.11066025408501234,0.009447493653043667
0.5,193,28,6456.7493607743645,0.10460824877183765,0.0012047207069214893
0.5,193,29,6543.911727679981,0.1118555975253495,0.00917989272072221
0.5,193,30,6631.359449161263,0.10607700487814833,0.0052240459077999325
0.5,193,31,6718.987157417744,0.1004469068117657,0.004749004885635315
0.5,193,32,6806.888774920548,0.09636109890054577,0.003515805765133954
0.5,193,33,6863.019232287568,0.10693721941371653,0.00446815071996461
0.5,193,34,6915.661378209446,0.1071224771685967,0.0005699449932728255
0.5,193,35,6964.889732874069,0.10643868060127884,0.0007091297076524502
0.5,193,36,7009.849261772574,0.10809871449097706,0.00260521307185791
0.5,193,37,7073.847016101678,0.1296731241219168,-0.010512260033104568
0.5,193,38,7132.674112010787,0.14162882706262186,-0.0123113983155869
0.5,193,39,7186.648485374021,0.15596788465520686,-0.01445372806662675
0.5,193,40,7235.30584925132,0.1700454395434131,-0.012774563332552079
0.5,197,1,3138.289128245185,0.06323124788066835,-0.002338629107857423
0.5,197,2,3276.4362237529353,0.06892403964094714,0.0010280853176174276
0.5,197,3,3415.26056413805,0.06952654828832355,-0.0001867002206248935
0.5,197,4,3555.375572675441,0.0678075862714631,0.00042510432192514614
0.5,197,5,3694.907309824196,0.08264234454180396,0.0017576213898108236
0.5,197,6,3834.407617260002,0.0816563817090417,0.0019438425571330921
0.5,197,7,3973.8002588524087,0.08147722159401334,0.0017670710832116924
0.5,197,8,4112.565227092182,0.08154341602039623,0.001608403222913873
0.5,197,9,4262.008615465284,0.09721574839283335,0.00199966961749794
0.5,197,10,4411.616248603561,0.0976977160790911,0.002685280786025288
0.5,197,11,4561.63871661958,0.09766006470592577,0.0024540193327068113
0.5,197,12,4711.692662289616,0.09830626179353304,0.003166611427749621
0.5,197,13,4858.350739877109,0.11179395405689357,0.002131373403688537
0.5,197,14,5005.680773259314,0.10787200212065616,0.003339985949508502
0.5,197,15,5153.696080390422,0.10352225634205642,0.003741697634085864
0.5,197,16,5303.186740107571,0.09876331529459637,0.004348326129164983
0.5,197,17,5446.979373976401,0.10946120356827636,0.0026069740272062353
0.5,197,18,5589.689303928346,0.11002779251198835,-0.004157862232498726
0.5,197,19,5729.457754514584,0.11508714432040844,-0.011864853960345822
0.5,197,20,5866.872357093601,0.11847208033678686,-0.006917974467751007
0.5,197,21,5993.034919981194,0.14184555613641361,-0.012393132439406073
0.5,197,22,6117.607101569575,0.14274950965731048,-0.0017227474414834734
0.5,197,23,6241.294559379311,0.14234429084064656,-0.00393292385655758
0.5,197,24,6365.774381048581,0.1362034381935181,0.005743711606571013
0.5,197,25,6484.209273098457,0.14623860261029753,0.00815493100415837
0.5,197,26,6603.953125807421,0.13639495749540878,0.0069269608392688465
0.5,197,27,6724.5223289610785,0.12947130291213024,0.003588386546324638
0.5,197,28,6844.979960415473,0.1254679016632375,0.003170709813439525
0.5,197,29,6945.807294512967,0.13330153011167817,0.006974751461827352
0.5,197,30,7046.886532519842,0.12905844981487383,0.004883888752653296
0.5,197,31,7148.237197546436,0.12330635384489573,0.006553865469870087
0.5,197,32,7249.92256008449,0.11803533756987174,0.006871745014785865
0.5,197,33,7318.042377059631,0.12684768740636673,0.004784116390873754
0.5,197,34,7383.412141044849,0.12448065240847536,0.0014493614578898154
0.5,197,35,7445.1865926448745,0.12561255016582548,-0.0001727107360578334
0.5,197,36,7502.254327658056,0.1303631069622933,-0.0020380931304125305
0.5,197,37,7584.357182154796,0.15418730197136596,-0.01215934675363582
0.5,197,38,7661.352720523207,0.17007701717972848,-0.016702319398098207
0.5,197,39,7734.116446170209,0.18207012517084822,-0.01036465706191523
0.5,197,40,7801.414110939785,0.19788690395324143,-0.013732778147716779
0.5,201,1,3153.399125398049,0.06971288133026547,0.0009545576062742957
0.5,201,2,3306.7645035909613,0.07890241491179212,0.0005051141529306825
0.5,201,3,3460.3133890673407,0.08246150823472281,-0.0012875756694903726
0.5,201,4,3614.710823747116,0.08203759088020082,-0.0004994806638939054
0.5,201,5,3768.0241737043125,0.0976236632580843,0.00048334558912441737
0.5,201,6,3921.1871481031535,0.09870043521372733,0.0010167068640852903
0.5,201,7,4074.055200173637,0.0991383327643451,0.0011654508238134562
0.5,201,8,4226.654642738716,0.0994597097783585,0.0016177328734702315
0.5,201,9,4389.859038379904,0.11520914395129214,0.0022192770231320665
0.5,201,10,4552.976139454115,0.11461764413263051,0.0028391717682923843
0.5,201,11,4716.637846105178,0.1142631392175987,0.0037057109762210533
0.5,201,12,4880.490080126899,0.11507144010336097,0.003129674832477501
0.5,201,13,5041.233333000544,0.12707767759315775,0.00341557410658267
0.5,201,14,5203.26672890937,0.12364847278337159,0.004345228514952105
0.5,201,15,5366.693041558264,0.11991728273174718,0.004097635285654373
0.5,201,16,5531.227407769487,0.11600671621845048,0.004649619508589939
0.5,201,17,5689.809159583179,0.12578520768794338,0.004261913288004891
0.5,201,18,5847.622736616699,0.12597602772515457,-0.002944641942332788
0.5,201,19,6001.596838410715,0.13634533049669362,-0.020913317386898587
0.5,201,20,6151.343439156864,0.14651233428168778,-0.016920893454719328
0.5,201,21,6288.624487911519,0.17347827657890813,-0.018753257698930745
0.5,201,22,6423.35443144658,0.17899588198485092,-0.010941056591952806
0.5,201,23,6557.540094016051,0.17788563487758946,0.006828535916209061
0.5,201,24,6693.658077269458,0.16792832440617753,0.009951667377915004
0.5,201,25,6825.702238721612,0.17007352963787709,0.015900501466423852
0.5,201,26,6961.352452423503,0.15401117719346707,0.010487366362926324
0.5,201,27,7098.8471445300465,0.14352994156623264,0.00564501117627861
0.5,201,28,7237.468638919666,0.13793571224465903,0.006709588311116478
0.5,201,29,7354.815405866716,0.1454458218827521,0.00827440150201776
0.5,201,30,7472.346608449401,0.14076858330775435,0.0057347882770410535
0.5,201,31,7589.803675355265,0.13746064421056298,0.004735637292512593
0.5,201,32,7707.390474515427,0.1340918128788266,0.004631902532806677
0.5,201,33,7788.237303548659,0.1450862701220286,0.004425498515239724
0.5,201,34,7865.782392789844,0.14545428481647962,0.0004911132383498206
0.5,201,35,7939.8833524914335,0.14515371237915967,0.003783933664366386
0.5,201,36,8007.323095951297,0.1556331008301961,-0.013866418092439357
0.5,201,37,8104.548480549101,0.18589319118095882,-0.02188733520307369
0.5,201,38,8195.813088035075,0.2050947105096782,-0.016455193905051988
0.5,201,39,8281.03645764795,0.22813738488354987,-0.019662194114547605
0.5,201,40,8361.681371840592,0.24435668086993875,-0.016841860784847472
0.5,205,1,3165.6959084812756,0.074168949511395,0.004244531694468497
0.5,205,2,3330.511060602862,0.08749192055840213,-0.0016548939213721573
0.5,205,3,3495.2460340880602,0.09338471220871895,-0.0022608718443896253
0.5,205,4,3661.276646419981,0.0952305082267812,-0.0007779968244936525
0.5,205,5,3826.782955858862,0.11167200260907803,0.00025822808096128227
0.5,205,6,3992.2242497636394,0.11344450838995353,0.0007010153008599299
0.5,205,7,4156.74210527144,0.1144563806532236,0.0002196402795379139
0.5,205,8,4321.165173980749,0.11433603106840921,0.001526840833826499
0.5,205,9,4496.7741983284,0.12943368065350155,0.0023040809615416558
0.5,205,10,4672.4973183903985,0.1303559042878416,0.002693588881942583
0.5,205,11,4848.160479445582,0.13084928222487266,0.0031453599832750815
0.5,205,12,5024.583742000631,0.13180354785026868,0.0048888945902932504
0.5,205,13,5198.274597645452,0.1444740575389739,0.0034225225866941675
0.5,205,14,5373.7389776758255,0.14113103357047557,0.0031875349363312978
0.5,205,15,5550.6083512813575,0.13759608362730255,0.004952104461894257
0.5,205,16,5729.071986691871,0.1340729266634962,0.005843683247012458
0.5,205,17,5901.864384215432,0.14362681407000752,0.005441033650517387
0.5,205,18,6075.196811067286,0.13977015857845496,0.004725411204736404
0.5,205,19,6246.2664096275885,0.14489134121325822,-0.010783795967696975
0.5,205,20,6411.3944449033415,0.16170854780524258,-0.029869922882007845
0.5,205,21,6561.466274247812,0.1954065584430933,-0.031586933514062464
0.5,205,22,6704.714628379104,0.214296188375199,-0.027788326865024558
0.5,205,23,6846.498324976256,0.2166103583321449,-0.00299509788661993
0.5,205,24,6989.006852751585,0.2106872499846004,0.0154093316117904
0.5,205,25,7128.8204510581145,0.20854412374839706,0.020443571674212173
0.5,205,26,7272.090930868319,0.1914049241604502,0.022567603869451402
0.5,205,27,7421.089749301018,0.16850644489907077,0.010565410759064425
0.5,205,28,7572.968180180178,0.1564300095138082,0.004063328746326262
0.5,205,29,7702.918222095096,0.16299500918786616,0.005989227897583545
0.5,205,30,7832.415301500459,0.1607732148236584,0.005493528627676608
0.5,205,31,7961.560904233696,0.15790720543411876,0.006027287045741806
0.5,205,32,8090.449386202587,0.1551920746795008,0.0076291725435004955
0.5,205,33,8181.552905206626,0.1652075361803006,0.005004911402513916
0.5,205,34,8269.450681540116,0.16365608839192583,0.004991623963936468
0.5,205,35,8354.341606568507,0.16211238814708606,0.0012630253628560023
0.5,205,36,8436.024768871892,0.16166964714046225,0.0017921354871414871
0.5,205,37,8552.840738667228,0.1895646518121049,-0.023998154542619287
0.5,205,38,8661.54039688418,0.21760383140632758,-0.031126944422665902
0.5,205,39,8761.272760619944,0.2506277245559759,-0.03043718908640917
0.5,205,40,8852.675909976108,0.28208782910075125,-0.03050890854898073
0.5,209,1,3179.601798599321,0.07872651008604352,0.006740971437519717
0.5,209,2,3357.0235328218473,0.09502425612682316,-0.003958164134123964
0.5,209,3,3533.984477759581,0.10296516046611894,-0.0022622696234006557
0.5,209,4,3712.2304499537977,0.10560250357744909,-0.0009196886510434374
0.5,209,5,3890.3866214105155,0.12183685656691771,0.00019668019155576753
0.5,209,6,4068.355060495351,0.12439822806776465,7.271730191277109e-06
0.5,209,7,4246.558554552216,0.12564519024656684,0.0007875136005879017
0.5,209,8,4425.276533325071,0.12711184909796103,0.0012105270635793316
0.5,209,9,4615.255556183653,0.1421697848416726,0.0019230974151184985
0.5,209,10,4805.833527804498,0.1436833890805531,0.002800381807041292
0.5,209,11,4997.081187066024,0.14493732948686258,0.0035042449236952233
0.5,209,12,5188.641861258807,0.14567490265607502,0.0036370792315043926
0.5,209,13,5377.1068317424015,0.15810468648980666,0.003192660947797724
0.5,209,14,5566.72480257759,0.15496957786738083,0.004680616606254118
0.5,209,15,5757.610461125834,0.15065812593748937,0.0052718118892241955
0.5,209,16,5950.091534237132,0.14657940194746286,0.005399479368595612
0.5,209,17,6136.1759282254925,0.15645788456124568,0.005806323214806843
0.5,209,18,6322.665752922331,0.15226153074823,0.0059553968933711374
0.5,209,19,6508.332161901167,0.15384942890938585,-0.00438724791866905
0.5,209,20,6689.711190251194,0.166175186983853,-0.021382073244839088
0.5,209,21,6854.448825497025,0.20308555938435546,-0.03993855363073716
0.5,209,22,7010.421612168789,0.22794682017981388,-0.038906019463070964
0.5,209,23,7163.696105042805,0.23353999073780488,-0.0029883805331865124
0.5,209,24,7316.379210358378,0.23341385208422513,0.0022196713933194485
0.5,209,25,7465.653233352894,0.232830132351925,0.01806578623838654
0.5,209,26,7618.320997623838,0.2193194611769387,0.03446352916718406
0.5,209,27,7780.2824660648475,0.1893388786949173,0.015383072419372033
0.5,209,28,7947.223181931716,0.17205585908307927,0.009024159148449324
0.5,209,29,8093.006666384477,0.17447697300535883,0.0037155648124663266
0.5,209,30,8238.84089477698,0.17088384021269068,0.0072958589993799535
0.5,209,31,8384.345612553494,0.16803552304223449,0.00684676284387463
0.5,209,32,8530.070653105491,0.16463253090821836,0.007260212241813861
0.5,209,33,8635.982619532402,0.17484000438231104,0.00505156283296261
0.5,209,34,8739.485498177803,0.17391183264921542,0.005016850325531767
0.5,209,35,8839.919255072764,0.1732063487188555,0.003907658024817704
0.5,209,36,8936.334952661475,0.17487431837282558,0.00012142274509838177
0.5,209,37,9074.455415734266,0.19564661122183294,-0.014202934626669488
0.5,209,38,9205.141825625835,0.22349646116623129,-0.037538305873298546
0.5,209,39,9324.185489137486,0.26570709978311174,-0.047995613516191006
0.5,209,40,9434.542797715007,0.2977638372639361,-0.023853203882071104
0.525,169,1,3165.700401302748,0.023851755462733343,-0.05238925378742157
0.525,169,2,3186.5576434459113,0.004114719681194484,0.012145138632234808
0.525,169,3,3207.0787653397992,0.0020902606912768648,-0.002881420844460329
0.525,169,4,3226.0965591887884,0.0015279430414805876,-0.0026326981383761722
0.525,169,5,3241.848182009795,0.02068289341190539,-1.488322180549032e-07
0.525,169,6,3258.90815913129,0.00454615862579922,0.014933221908352131
0.525,169,7,3274.1173278006504,0.0033711296190428743,0.0010597107151265905
0.525,169,8,3287.4767746022344,0.0027853338603060955,0.0011300511325118704
0.525,169,9,3309.9647735859853,0.021542580731829776,0.002118873221216105
0.525,169,10,3334.1710758735553,0.00748529808206251,0.013091457759218961
0.525,169,11,3356.2865980104257,0.00565842867293147,0.0017231738325537275
0.525,169,12,3376.014828278981,0.005064268933614304,0.001177839658526778
0.525,169,13,3390.4895852134227,0.023445234125326123,-0.00225782208586983
0.525,169,14,3406.1625132993927,0.007712015078059597,0.008621431780947656
0.525,169,15,3420.0679776751495,0.004312789429424628,-0.001368670904168972
0.525,169,16,3430.903790087184,0.0038230739102618296,-0.002946527931704116
0.525,169,17,3434.080001029582,0.022000597611786667,-0.003868227278363045
0.525,169,18,3438.1797549388693,0.005351837009002654,0.009319824029715337
0.525,169,19,3439.4566251867927,0.003952233096517015,-0.003869854168605025
0.525,169,20,3437.295003906864,0.0045481885170025145,-0.006073887216877543
0.525,169,21,3427.5945452488254,0.02429376052772762,-0.0034579160235871276
0.525,169,22,3418.438268587896,0.011017163151240612,0.007424006652138882
0.525,169,23,3406.3710505078066,0.008943243866398578,-0.004118975006500058
0.525,169,24,3392.001721877415,0.006698084973335117,-0.002558646826411205
0.525,169,25,3370.3102071614235,0.025545962861854673,0.0027280312954369446
0.525,169,26,3348.8415507482514,0.012422717836117777,0.011397816980051602
0.525,169,27,3324.9526597102504,0.00816426539963069,0.002245289001736681
0.525,169,28,3298.334506506687,0.00595363151512766,0.0018461838988746118
0.525,169,29,3259.1599594206764,0.02159299607240194,-0.0036830390618801225
0.525,169,30,3220.081346894255,0.00990556518816217,0.007950146578130767
0.525,169,31,3178.9346659319367,0.006211249221999917,-0.0010689818465547925
0.525,169,32,3135.571698823787,0.00476847560868193,-0.0001307153556450244
0.525,169,33,3073.841657732135,0.020256494585711583,-0.0014869646183695794
0.525,169,34,3009.2676818066525,0.010619195330960349,0.0052686814857276975
0.525,169,35,2940.6573833589164,0.006073273325532247,7.925972942066393e-05
0.525,169,36,2867.7224202712537,0.00485258728901062,-0.0013702504339681615
0.525,169,37,2769.074229156025,0.02244067437767439,-0.0013922793898319718
0.525,169,38,2668.13245098331,0.010296666512383036,0.009718297137236476
0.525,169,39,2563.4543489663997,0.006085542427434508,0.0004226345945404156
0.525,169,40,2454.0416757335825,0.004797778608426171,-0.001045347183162863
0.525,173,1,3183.467432206136,0.026079052589596162,-0.039650949540024766
0.525,173,2,3222.0610854408983,0.0076363572474974694,0.011247996912358622
0.525,173,3,3260.095970114939,0.0047980210604851165,-0.00246797669011242
0.525,173,4,3297.513906764321,0.0034169341252082274,-0.0006794767748280171
0.525,173,5,3332.429334914764,0.02218514467146411,0.0009801395629167777
0.525,173,6,3368.4625771563306,0.008369388036718124,0.011484871655252206
0.525,173,7,3402.799332351331,0.006783929282249434,0.0018592815556151626
0.525,173,8,3435.4111007562865,0.006615648200597247,0.0011353234211504092
0.525,173,9,3477.530776486118,0.0241876893726973,0.0019438309006917546
0.525,173,10,3520.9386297499827,0.013721928962486673,0.009445229823680682
0.525,173,11,3563.0025970460865,0.011781106681511527,0.0021656361974781843
0.525,173,12,3603.3755777135884,0.01101933920315512,0.002654784323484326
0.525,173,13,3639.551221850056,0.027835163940723388,-0.00026298485504979986
0.525,173,14,3677.0505391468614,0.017028480529244234,0.0058667423331623825
0.525,173,15,3712.961281847871,0.012006155894557113,0.0006978938209837985
0.525,173,16,3747.1345701529353,0.00821195362535403,-0.00030042033597351244
0.525,173,17,3773.697982313838,0.02542052933711353,-0.002415305828170709
0.525,173,18,3800.937729779969,0.011846949557908404,0.0065227650780138365
0.525,173,19,3825.9582357078557,0.009207586618758935,-0.0032634876024776774
0.525,173,20,3848.1982691285834,0.00749580725892048,-0.0028094358560678207
0.525,173,21,3861.5901323603025,0.02883060228523417,-0.005912904193657382
0.525,173,22,3873.961323893906,0.020196738247549587,0.003094896324063287
0.525,173,23,3884.5346699832758,0.016100975326461337,-0.0017165736931078776
0.525,173,24,3892.8482032941715,0.014192493764591233,-0.0017909800808840915
0.525,173,25,3895.1924161360894,0.032770771345190346,0.0019465325970635474
0.525,173,26,3895.7671738411914,0.025578284162950455,0.004296790587998264
0.525,173,27,3894.674420205988,0.020487064777524537,0.008115267967048362
0.525,173,28,3891.3025532864276,0.01686588737295059,-0.0025020215373248397
0.525,173,29,3874.7305072011272,0.02890070983330258,0.0017763149751223995
0.525,173,30,3858.4352444087076,0.020032066661239044,0.005561391657155632
0.525,173,31,3840.953920131492,0.015472258832703147,-0.00011477500912031014
0.525,173,32,3822.1049697605777,0.010166911058113093,0.0023801244748345297
0.525,173,33,3782.7765645072363,0.024338667262457443,0.0017404415971247623
0.525,173,34,3741.092735467598,0.017027945880294857,0.0036037303855112365
0.525,173,35,3695.9655466373106,0.013306216611447296,0.0006691805049224293
0.525,173,36,3646.848726022749,0.010880686457754243,0.00025175317669436505
0.525,173,37,3579.9206295195972,0.025713596184260844,0.001992376491948805
0.525,173,38,3509.6953739411974,0.019988157070878674,0.002443260547461682
0.525,173,39,3435.783847099099,0.0160550988414083,0.0004994523623112495
0.525,173,40,3357.844337746258,0.015160052667921647,-0.0009794208149400485
0.525,177,1,3202.5174630650376,0.029028312525210754,-0.026554028426873714
0.525,177,2,3259.4855995316098,0.014444912156564743,0.007260048613721354
0.525,177,3,3316.8506296647156,0.009928940065003134,0.00031763133152377737
0.525,177,4,3373.960845352135,0.0073052498870981065,-0.00016865405970203898
0.525,177,5,3428.18886396157,0.025618762054060384,-0.0002625142627100298
0.525,177,6,3483.058488433999,0.016698447074100852,0.0082777843578393
0.525,177,7,3537.014392454364,0.013376172980874245,0.0031553026432949135
0.525,177,8,3589.5686417401025,0.011954885378035856,0.0016798825852044068
0.525,177,9,3651.8567011552254,0.03025480988838544,0.0018642746520471365
0.525,177,10,3714.528970262714,0.024320972691513683,0.006124629676451356
0.525,177,11,3776.3909234319417,0.021396524663552314,0.0031059037796744857
0.525,177,12,3836.6119354663883,0.02011559849778435,0.0023891135614383732
0.525,177,13,3892.678932379823,0.035321124055533705,0.0010673071045433716
0.525,177,14,3949.0233559889402,0.027749897773477517,0.003861731612767981
0.525,177,15,4005.142510618608,0.021516957370100898,0.0017107175810412655
0.525,177,16,4060.700306497534,0.017908711839588733,0.0007090885190852561
0.525,177,17,4110.277479216971,0.03300123207337697,0.0004896724761376347
0.525,177,18,4160.825846812583,0.02168360674485743,0.006265932402573484
0.525,177,19,4209.30484436167,0.018435883534676536,-0.001882422129242546
0.525,177,20,4255.278566926544,0.0167387273090712,-0.0036528961753112847
0.525,177,21,4291.492552632026,0.04040260111860268,-0.010588132938076367
0.525,177,22,4325.389827662692,0.03873106390100242,-0.002376199029842117
0.525,177,23,4356.63310639312,0.039128281173195195,-0.0046457455110984125
0.525,177,24,4386.055497173301,0.0359145936906439,0.0013231736301385366
0.525,177,25,4409.641393448366,0.04952806698710039,0.00041460757892897046
0.525,177,26,4431.799481993395,0.046284095083517524,0.007959236194754613
0.525,177,27,4452.618045004948,0.04097739734570251,0.0015827616651349333
0.525,177,28,4472.044165705423,0.03486025716496548,0.004047675559893227
0.525,177,29,4476.624091642064,0.04388313388341631,0.00234174067523453
0.525,177,30,4480.861734425042,0.03642928748392589,0.0042528878995325295
0.525,177,31,4484.562431586192,0.02841196063408928,0.002763973401989989
0.525,177,32,4487.0518768672655,0.022879555759785716,0.0018483957400167454
0.525,177,33,4466.224247257396,0.03594672276127411,0.0024961238581635865
0.525,177,34,4442.602291448926,0.030239365169562896,0.0030620873095028073
0.525,177,35,4416.415154796676,0.025802927805601485,0.0043569072432468325
0.525,177,36,4387.128313578649,0.02277497418821617,0.0010439443785509415
0.525,177,37,4347.993821457605,0.03724877786019013,0.0018687780388831439
0.525,177,38,4305.635484703386,0.03368121367499084,0.0018503340281122314
0.525,177,39,4259.9609161850685,0.0315025982027051,0.0010210584511838436
0.525,177,40,4209.9866312683125,0.03374686949748453,-0.004686914632006414
0.525,181,1,3219.2186025157857,0.03581382492196557,-0.01749880589512428
0.525,181,2,3292.4077934025945,0.02359108101982903,0.006233772838861217
0.525,181,3,3365.978404088457,0.018601141961902646,-0.0006729929783619703
0.525,181,4,3439.719883741062,0.01586471009326195,-0.00020976212513407964
0.525,181,5,3511.6609615190905,0.03223687256879943,0.0018451648433944377
0.525,181,6,3583.9103935711482,0.02614771295281288,0.005582787886986203
0.525,181,7,3655.3911328538293,0.024111302926189834,0.0024764477667768557
0.525,181,8,3725.878788135209,0.022527582453641226,0.002004020470597798
0.525,181,9,3806.543068961421,0.039802737206741524,0.0015526756095987117
0.525,181,10,3887.482253675965,0.03713347513991706,0.0037273271361635825
0.525,181,11,3967.9558727825365,0.03529717505674971,0.0033364671437291155
0.525,181,12,4047.2828704665935,0.034314693159842376,0.0020715062278542124
0.525,181,13,4122.65172681945,0.048995462108326164,0.001703215363006303
0.525,181,14,4197.920185128639,0.04228735393269921,0.003632073658062163
0.525,181,15,4273.274158776919,0.036343599419936465,0.00216147055502885
0.525,181,16,4348.128207656487,0.031175794587297002,0.0017826591014966856
0.525,181,17,4416.885633988695,0.044050379466865394,0.0016572243363539086
0.525,181,18,4485.334456521319,0.037486701871505934,0.0006861297573511766
0.525,181,19,4552.9856765530085,0.03310090685024955,-0.00018022561619910268
0.525,181,20,4619.00127861596,0.031047456911144744,-0.0025866414954091293
0.525,181,21,4676.450477286465,0.051931876706212084,-0.004953894588783247
0.525,181,22,4731.5245567244465,0.05218028202616443,-0.00298128350134306
0.525,181,23,4783.118409939986,0.05372696593821459,-0.007115256401278097
0.525,181,24,4832.177668092719,0.05251556462890058,-0.004261776527024622
0.525,181,25,4874.986470792167,0.0659826406255974,0.004225713421023148
0.525,181,26,4916.135568806883,0.06261798348371815,0.0047690067391728845
0.525,181,27,4956.018131515329,0.05834632435083332,0.006201184066796945
0.525,181,28,4994.9765080235675,0.052537063414139766,0.0030415042824474972
0.525,181,29,5018.238586505961,0.05991179476876448,0.004027728513727344
0.525,181,30,5041.432207557972,0.04991906260670314,0.005913744398228972
0.525,181,31,5063.8996615431515,0.042549760606064725,0.004232063614767445
0.525,181,32,5085.707319868409,0.036761526747872635,0.002435921683751186
0.525,181,33,5081.979408819734,0.049336368148991644,0.0023632080596543733
0.525,181,34,5075.811158478182,0.04545549885375912,0.002431240664411212
0.525,181,35,5066.18940263207,0.04339420634034923,0.002177455235079513
0.525,181,36,5053.099023635614,0.041127850671392144,0.0020812985240978776
0.525,181,37,5038.449691232253,0.056216066674904516,-0.0015384509092779132
0.525,181,38,5021.474624746138,0.05600106570025899,0.00022358661029207662
0.525,181,39,5001.067822725625,0.05908007272680895,-0.0036898831879074293
0.525,181,40,4977.305696271073,0.060323395781182065,0.001126699959934039
0.525,185,1,3235.9324564365484,0.04303267548973685,-0.011077071441207998
0.525,185,2,3324.99687621223,0.03516834535918409,0.0030981559974108744
0.525,185,3,3415.101925717711,0.029956187260571993,0.0015981279007242384
0.525,185,4,3505.8061278502937,0.02631105276513283,0.0006511451072518958
0.525,185,5,3595.0752452641923,0.04230176833974145,0.0016327893260095388
0.525,185,6,3683.9340649245514,0.03914611019366607,0.003437054106878835
0.525,185,7,3771.8156309534306,0.03777126133896301,0.002431899134030053
0.525,185,8,3858.650500600567,0.037324042908185744,0.0013290080023432437
0.525,185,9,3955.5082934641246,0.054117773721274166,0.0017906963887434721
0.525,185,10,4051.9783411745716,0.052330652820448506,0.002992853932869106
0.525,185,11,4147.363105890678,0.0511087896393442,0.0022210694979834405
0.525,185,12,4242.03296073074,0.051059013074451085,0.002548045194210117
0.525,185,13,4333.873710919161,0.0645040349459197,0.0023607103109829467
0.525,185,14,4425.705674878647,0.05942875172164087,0.0027429032345436194
0.525,185,15,4517.796216733191,0.05365318991599064,0.0027475653103756935
0.525,185,16,4610.027501088747,0.04860714566876327,0.0024329378818713776
0.525,185,17,4696.1995251823655,0.060588745112172805,0.0023781649757600265
0.525,185,18,4782.088355753431,0.05491490162180531,0.0008434697613254053
0.525,185,19,4867.015400330533,0.05265989738050934,-0.0029702772171065713
0.525,185,20,4950.075565207878,0.05211087003518875,-0.00368168839923086
0.525,185,21,5023.602570714303,0.0726972783037829,-0.005835705188459463
0.525,185,22,5094.471431478453,0.07381452000361449,-0.003338661800546246
0.525,185,23,5163.088589854547,0.07589331736727457,-0.005111970897118913
0.525,185,24,5228.980384433311,0.07685564089577958,-0.0037178544487903357
0.525,185,25,5287.982156685914,0.09259470519486097,-0.00156262267976119
0.525,185,26,5345.894717932128,0.08959147114579742,0.005607933434243253
0.525,185,27,5402.948548214698,0.08385350444379598,0.005821954426804028
0.525,185,28,5458.987386366062,0.0786375929221869,0.006070170730045449
0.525,185,29,5499.030273768484,0.08402432062916647,0.003997770013190344
0.525,185,30,5538.887604929255,0.07603485524265441,0.0033243476367755733
0.525,185,31,5577.9434342672175,0.06931090824451372,0.00350619238427818
0.525,185,32,5616.50111952364,0.06382863923020594,0.0028142534227193062
0.525,185,33,5628.667687031071,0.07244598575311569,0.005048935636909088
0.525,185,34,5638.051101844202,0.0680082436377322,0.003715711975892295
0.525,185,35,5644.516653009411,0.06474226622537446,0.0030660443682682475
0.525,185,36,5648.165012631759,0.061564157051386854,0.002102242934049946
0.525,185,37,5656.455436542944,0.07642399606881298,-0.0010256218688459058
0.525,185,38,5662.287113182442,0.07532023399278884,0.002339400298474917
0.525,185,39,5664.452842544501,0.08098969801751692,-0.006423267450620015
0.525,185,40,5662.651148291455,0.0861974136972539,-0.0036480834656377236
0.525,189,1,3251.066953544926,0.04973036235884547,-0.007531573948810207
0.525,189,2,3354.4172392711575,0.04615966147082455,0.0024876503753206974
0.525,189,3,3458.6833876893875,0.04309917136795963,0.00045532812978845187
0.525,189,4,3563.417458567309,0.039319910589805086,0.0007770071486084035
0.525,189,5,3666.8139521664903,0.054727061948169786,0.0019178062430357642
0.525,189,6,3769.608586516749,0.05296394351697252,0.002590065333983958
0.525,189,7,3872.6300535392274,0.05178733648160519,0.002345927101233661
0.525,189,8,3975.4831502352217,0.051713448777866475,0.0015443372874693322
0.525,189,9,4088.8734900047116,0.06814074674395683,0.0021916920040863683
0.525,189,10,4201.797711425329,0.06807396265791407,0.002087649529382042
0.525,189,11,4314.051758681372,0.06763647642740468,0.0026427054137826045
0.525,189,12,4425.733584819575,0.0678421074477021,0.0027379485811317985
0.525,189,13,4533.650035618882,0.08140306840370352,0.002392848815211892
0.525,189,14,4641.62147778799,0.0759464437991683,0.002779464118334349
0.525,189,15,4750.103788483189,0.0710354861772134,0.0029783649667253207
0.525,189,16,4859.069757841738,0.06566866192156626,0.003801912501195455
0.525,189,17,4961.053494003745,0.07746554623886201,0.001680685690884786
0.525,189,18,5062.940691402964,0.07255589428176004,0.0017278520542906403
0.525,189,19,5163.029282247812,0.07355125129627092,-0.0065255768772376705
0.525,189,20,5260.499804323763,0.07742644287216983,-0.009809215493728094
0.525,189,21,5348.167317887344,0.09986124912837917,-0.010816760791724713
0.525,189,22,5433.440038758364,0.10179882608980304,0.0008276463212172935
0.525,189,23,5516.7929947568155,0.10242522343549099,-0.005756734806484243
0.525,189,24,5598.696591037138,0.1015510218332835,-0.0017353723256666254
0.525,189,25,5675.168439523488,0.1111063646790635,0.006269052922361385
0.525,189,26,5751.599246687142,0.10423843561093628,0.0029048080278293426
0.525,189,27,5827.870397865902,0.09878685783380245,0.009709539632443616
0.525,189,28,5903.613996820177,0.09298302961099975,0.001585866983676589
0.525,189,29,5962.830123854064,0.09811709698599712,0.007554286814575335
0.525,189,30,6022.567484451453,0.09010486198593463,0.0071223707042433
0.525,189,31,6081.065723925307,0.08472350930645282,0.0047540172685226366
0.525,189,32,6139.367800940568,0.07832244112732188,0.0048927986288342835
0.525,189,33,6168.131440500783,0.08909313114275051,0.0032881368166358432
0.525,189,34,6193.119744278461,0.08705497578144518,0.0016244915853717804
0.525,189,35,6215.020827849038,0.08505007375179643,0.002387261910237149
0.525,189,36,6233.487918291555,0.084736164979295,0.0015035234380849746
0.525,189,37,6262.740190220222,0.10335525408530845,-0.005375654574110914
0.525,189,38,6287.357699541544,0.11258122943103799,-0.00921999002260505
0.525,189,39,6307.372324972079,0.12347351900933588,-0.010413996670867358
0.525,189,40,6322.443318111302,0.13605656834573684,-0.01444661891575576
0.525,193,1,3265.75734392989,0.05695683219380506,-0.005059699554280397
0.525,193,2,3382.618638960279,0.05734365295649708,0.0017377814521813996
0.525,193,3,3500.8735074278216,0.05561899925888599,0.0002135228311058504
0.525,193,4,3620.2285917223608,0.053421413071463225,0.0013329838775106206
0.525,193,5,3738.3996683451883,0.06909818064707544,0.0013541946990566686
0.525,193,6,3856.3982895357135,0.06808453095353224,0.0018869670513881956
0.525,193,7,3974.2813572765526,0.06812712344598405,0.0017462839457742956
0.525,193,8,4091.8785349903555,0.06809309796576286,0.0015074412590305173
0.525,193,9,4219.824581807822,0.08411939985520538,0.0025687130185068747
0.525,193,10,4346.582787948646,0.0848224114000806,0.0018400780029667607
0.525,193,11,4473.314728003377,0.08439543508741038,0.002745399933816716
0.525,193,12,4600.3142659727655,0.08439046307136344,0.0036914931965452993
0.525,193,13,4724.1416692277935,0.0972931051523203,0.002086869562287681
0.525,193,14,4848.74701822389,0.09321249377344451,0.0030163006571249967
0.525,193,15,4974.071907909543,0.0884144450646286,0.003908628035718183
0.525,193,16,5099.661847284968,0.08396621889921434,0.002837912596800065
0.525,193,17,5218.345491423318,0.09582518436133755,0.0015977911830607633
0.525,193,18,5336.456821779084,0.09204614116024248,0.0012965577443858425
0.525,193,19,5452.708249647828,0.09257016995444609,-0.0060115205203214285
0.525,193,20,5565.955539144504,0.09626769189870509,-0.009348293835755092
0.525,193,21,5669.426683560998,0.11685077798734077,-0.010027754025932053
0.525,193,22,5769.04192473293,0.12528213564226542,-0.01309264833917615
0.525,193,23,5866.63069858035,0.12662554034761564,-0.002667619831570467
0.525,193,24,5963.344619837638,0.12364486806075625,0.004828313136914625
0.525,193,25,6054.544983510625,0.13338690864229996,0.004919464323701486
0.525,193,26,6145.922399448628,0.12657063628431717,0.009205528572471717
0.525,193,27,6238.570799572333,0.11647688645646913,0.002994042038926163
0.525,193,28,6332.173529324281,0.10735709344602,0.011318890004949714
0.525,193,29,6408.427283826348,0.11313925072663711,0.006625870946683354
0.525,193,30,6485.246227752727,0.10639057231513885,0.003958746893636183
0.525,193,31,6562.460292443366,0.1006353697844914,0.0053062451904330446
0.525,193,32,6639.74856054048,0.09629956858922735,0.0035257601805852496
0.525,193,33,6684.596556532881,0.1094227694727809,0.0014068701844281162
0.525,193,34,6725.568090984899,0.10856569203212126,0.0017028349871137292
0.525,193,35,6763.347213042264,0.10570460512760764,0.0052065767340949455
0.525,193,36,6797.116074113832,0.10604129541097013,0.002952299695887509
0.525,193,37,6848.213716023291,0.12220329578786347,-0.00712767370937815
0.525,193,38,6895.694927536178,0.12744263176153592,-0.0036163804640020696
0.525,193,39,6937.947168344209,0.1387570998204971,-0.01092746084381225
0.525,193,40,6975.269839796313,0.1512884691981635,-0.013221197099418653
0.525,197,1,3282.612947850653,0.06393855824172671,-0.0024320521199869835
0.525,197,2,3415.661392941992,0.0690380595684701,0.0011356802662552215
0.525,197,3,3548.6959297522894,0.06975924407397427,-0.00037262401888528207
0.525,197,4,3682.7112044030737,0.06776840282226154,0.0006929537886801788
0.525,197,5,3815.6464560251766,0.0829113133306873,0.0018371675547098653
0.525,197,6,3947.8495723749747,0.08285510456667299,0.0013462711892445953
0.525,197,7,4079.7219105081745,0.08275085059394696,0.0014037686561266796
0.525,197,8,4211.283539317387,0.08248164488337578,0.0018184114173718075
0.525,197,9,4353.5412302500445,0.09780896361132883,0.0025653468519050305
0.525,197,10,4495.654467917641,0.0977070485876204,0.0030045578562958772
0.525,197,11,4637.666728672195,0.09836691584017054,0.002744714466279571
0.525,197,12,4779.962944220012,0.09898550087832043,0.0031600637172035945
0.525,197,13,4918.560722355443,0.11140801753999727,0.0023146266155398437
0.525,197,14,5057.676401197084,0.1079126399610848,0.0025795693006873473
0.525,197,15,5197.847943028526,0.10328033521037802,0.0038723648281031864
0.525,197,16,5339.23751379321,0.09877367440080097,0.004260233747323941
0.525,197,17,5474.699706562837,0.10916553466276177,0.0039398605286013804
0.525,197,18,5608.55657896129,0.1099686199093917,-0.00605956080234169
0.525,197,19,5739.501590397745,0.1119501924631595,-0.007091428884670919
0.525,197,20,5866.925300499064,0.11833241785360536,-0.014798123220320434
0.525,197,21,5983.368801520452,0.14098297233505167,-0.008686493543790206
0.525,197,22,6098.105969262429,0.14244713719244276,-0.006351972605196517
0.525,197,23,6212.514491444983,0.13873551235851603,0.006499062749202326
0.525,197,24,6327.293753800583,0.13338625171775004,0.0036441605889796767
0.525,197,25,6436.407387169119,0.1411996256523271,0.007155291332484523
0.525,197,26,6546.926251455153,0.13076080646384833,0.00780420228379736
0.525,197,27,6658.208608485359,0.12439210425444723,0.006512978401661902
0.525,197,28,6768.624291767773,0.11966841613300107,0.005870002082301256
0.525,197,29,6858.979158873876,0.1268651639588512,0.004640818433068136
0.525,197,30,6949.257357859505,0.1210077809867157,0.005947589572429501
0.525,197,31,7038.950335482204,0.11744536017264824,0.005438828385291823
0.525,197,32,7127.780215145841,0.11406656574008099,0.001193466253938743
0.525,197,33,7182.831383177236,0.1260570732182045,0.0003967243144588536
0.525,197,34,7234.904014818246,0.12595239143252035,0.003361106183085232
0.525,197,35,7284.595258963233,0.1241977074395638,0.006903066825894633
0.525,197,36,7330.810611204229,0.1260709380326721,-0.002035651934567068
0.525,197,37,7399.734204432761,0.15028321670722908,-0.016979059851262267
0.525,197,38,7463.566953568191,0.16416123546886988,-0.013681562229902355
0.525,197,39,7521.866834211456,0.1784610504547492,-0.011008603196569785
0.525,197,40,7574.977056824208,0.1923497243185355,-0.010628322652497064
0.525,201,1,3297.943301949362,0.06937817862690542,0.001169508631776248
0.525,201,2,3446.1446537252987,0.0777938760400093,0.00030063737178948264
0.525,201,3,3593.9241366898777,0.08138775362231784,-0.0014458415618697513
0.525,201,4,3742.2731106805154,0.08149813788896047,-0.0004572718661333406
0.525,201,5,3889.0648099130735,0.09739595606172849,0.0004767657242711112
0.525,201,6,4035.9406097887095,0.09789059308711409,0.0009522681410856648
0.525,201,7,4182.429813143285,0.0984018862585607,0.001330546340381632
0.525,201,8,4328.61517433839,0.09906712966710153,0.001123248315871843
0.525,201,9,4485.066512269491,0.11506033603678495,0.0023490881860357246
0.525,201,10,4641.2098141627,0.11603470552005775,0.0024089321182727596
0.525,201,11,4797.806072841381,0.11576629405376518,0.0032681570081772087
0.525,201,12,4954.280919050921,0.11646952171384449,0.0030863479903892
0.525,201,13,5107.486325947152,0.12898570246984203,0.0028205402206810614
0.525,201,14,5262.0678654067715,0.12580560032509672,0.003999538370841975
0.525,201,15,5417.556371615068,0.12179863799537566,0.0039005473022599635
0.525,201,16,5573.8676285434585,0.11766317904471998,0.004061471006579181
0.525,201,17,5723.864063644509,0.1279864082115501,0.004320473359776077
0.525,201,18,5873.117370569218,0.12635055828193792,-0.0005506450782093214
0.525,201,19,6020.246995401454,0.13045746941157085,-0.010830917267485623
0.525,201,20,6162.595108572367,0.14205718893900457,-0.020075714607522867
0.525,201,21,6292.457838058122,0.1681394895568125,-0.018238851756964623
0.525,201,22,6417.425825223657,0.1785842360730455,-0.01593077214622436
0.525,201,23,6540.238135341353,0.1809503514505725,-0.0069634688449341465
0.525,201,24,6664.205066651885,0.1731030643274776,0.01381281604825731
0.525,201,25,6783.816782435756,0.17471091093818983,0.015429411028108363
0.525,201,26,6906.753965584492,0.15914887869180383,0.01531867453736521
0.525,201,27,7032.422659261092,0.14609170717799005,0.009133250382477035
0.525,201,28,7160.119319022746,0.13582331803220532,0.0026657543187605065
0.525,201,29,7266.772433065442,0.14311362557249183,0.007004367571322073
0.525,201,30,7372.963629314347,0.1410359066853866,0.00231007161908888
0.525,201,31,7478.263746252483,0.1385839763435795,0.005527804908801117
0.525,201,32,7582.806538232766,0.13476225749302753,0.0069603662079682676
0.525,201,33,7651.57763544047,0.14435290147353214,0.0061628046902450495
0.525,201,34,7717.861983677595,0.14144089864854087,0.004322459543177479
0.525,201,35,7781.100834591145,0.13961617619439254,0.0029644787828912843
0.525,201,36,7840.7355590576235,0.14166055884356407,-0.000686711975521017
0.525,201,37,7927.900862644635,0.16974274059000266,-0.023053977798158456
0.525,201,38,8009.4444711291935,0.1903323717571588,-0.02068411121578289
0.525,201,39,8083.316490232673,0.21714310560981914,-0.024833773340730128
0.525,201,40,8149.815446840544,0.24221604208790548,-0.022457832652435228
0.525,205,1,3312.0336204736004,0.07393801002480757,0.00447052701888144
0.525,205,2,3472.583076771225,0.08807331312953336,-0.0016273944490403994
0.525,205,3,3633.0758348775953,0.09356051670126357,-0.002553623206232787
0.525,205,4,3794.816934569895,0.09449823852661766,-0.0009366488691005095
0.525,205,5,3955.570647930138,0.11073598898592728,0.0005618812890100914
0.525,205,6,4115.982958817817,0.11257831056690357,0.00024743275340355044
0.525,205,7,4275.934842569891,0.11323466547940383,0.0007445462698877915
0.525,205,8,4435.4588556465405,0.1143828520873383,0.0012629720964497477
0.525,205,9,4605.594450900616,0.12956899856571794,0.0020552165924844932
0.525,205,10,4776.160157754172,0.1303488287230332,0.00246505532967396
0.525,205,11,4946.853519379781,0.1308512221340496,0.003808348137328036
0.525,205,12,5117.365458396413,0.13187779269899993,0.0031543009220217624
0.525,205,13,5284.5944965827075,0.14369101817000254,0.003246506838710006
0.525,205,14,5452.6729215311,0.14058994365346064,0.004285445733254618
0.525,205,15,5621.971259625987,0.13689665143274196,0.004252820371951213
0.525,205,16,5792.360521100101,0.132619963295806,0.005248946870170969
0.525,205,17,5956.573071979913,0.14221001236201672,0.004987175018673946
0.525,205,18,6120.483129242709,0.13985617347629356,0.0022031067896251064
0.525,205,19,6283.221529432939,0.14083630812418177,-0.00429522196047852
0.525,205,20,6442.593453583488,0.14899649646148413,-0.016200490130704483
0.525,205,21,6586.862238220292,0.18299522660600187,-0.0337092699052476
0.525,205,22,6724.147959244822,0.20270148956309028,-0.03345966353403607
0.525,205,23,6858.698525849364,0.20828653064470343,-0.005349943691639364
0.525,205,24,6994.4395428047565,0.20266300649525315,0.011592959111293951
0.525,205,25,7126.244591050222,0.20464274193774265,0.02280008006151296
0.525,205,26,7262.897397245926,0.18706551503895236,0.021523130364403942
0.525,205,27,7404.423669550613,0.168001345254329,0.011394981905081236
0.525,205,28,7549.610012119941,0.15255484882185125,0.005877523999697441
0.525,205,29,7673.610795349477,0.15823130849385483,0.004559057080834864
0.525,205,30,7796.7895186071755,0.15505981773003338,0.005198090635124722
0.525,205,31,7918.927926123833,0.15400338927474735,0.004400324390416045
0.525,205,32,8040.143601553193,0.15165400986081395,0.005154441271661711
0.525,205,33,8123.503445332884,0.16231566688209556,0.004812886313580156
0.525,205,34,8203.588208451762,0.1618101831598339,0.0042931763694778555
0.525,205,35,8280.538589116906,0.16070986487854164,0.002822765213675786
0.525,205,36,8353.243646297877,0.16337285761915118,0.0007399314603400267
0.525,205,37,8461.53920341424,0.18413630429480898,-0.009464196283303987
0.525,205,38,8562.623045235327,0.20838400241147015,-0.032298686137441274
0.525,205,39,8654.411331365693,0.24286083041654152,-0.038484654481881084
0.525,205,40,8739.333335258356,0.26864462689535135,-0.023673244284614092
0.525,209,1,3324.6407252396075,0.07888111110549031,0.006586545015317203
0.525,209,2,3497.0812449468494,0.09526988528621677,-0.0038221146415466202
0.525,209,3,3669.408622317739,0.1029796763372158,-0.0023329991248407416
0.525,209,4,3842.688574709079,0.10587367720722217,-0.0009074829757339931
0.525,209,5,4015.4780567879593,0.12215915985448346,0.0001915667275708899
0.525,209,6,4188.479851825398,0.12427102048678026,0.00020712929476998185
0.525,209,7,4361.57714659069,0.1266893184720651,0.0005731629373978293
0.525,209,8,4534.88607182837,0.1282293682818379,0.0012800676986687923
0.525,209,9,4719.130931354536,0.14294882507678064,0.0021423510161028753
0.525,209,10,4903.953331832232,0.14461867922544036,0.0026062763131590966
0.525,209,11,5089.179380415454,0.14578928944957154,0.0028401901895603755
0.525,209,12,5275.292082583836,0.1466933935178965,0.004200408010432501
0.525,209,13,5457.478348339277,0.15916604733789477,0.0029590256033789606
0.525,209,14,5640.490520272174,0.15617137783404045,0.0037365325355191823
0.525,209,15,5824.980937494576,0.15236410757322258,0.004999524102663147
0.525,209,16,6011.00650366349,0.14867304950943458,0.00547840128805279
0.525,209,17,6190.7133703432255,0.15818976125796821,0.005999302519295596
0.525,209,18,6371.000433699209,0.15413638079099723,0.005347818760813525
0.525,209,19,6550.376538629628,0.15469355923112,-0.0025462967328091233
0.525,209,20,6724.142529914459,0.16799535850591665,-0.023806047148962634
0.525,209,21,6881.483338929839,0.20290710433447598,-0.03736975621334607
0.525,209,22,7029.655351630909,0.22837642862941515,-0.04044403489782785
0.525,209,23,7174.568704927429,0.2373655420880468,-0.012222396551182952
0.525,209,24,7319.605577136658,0.2350585914583601,0.010301224307075418
0.525,209,25,7461.025888375748,0.23546485816290416,0.014466975473889206
0.525,209,26,7605.871039711017,0.2219783213840681,0.032526705993285936
0.525,209,27,7758.2463360860065,0.1947616748815865,0.020775658557623432
0.525,209,28,7916.433577436918,0.17514623919281205,0.004863475302585033
0.525,209,29,8053.066225704413,0.17840199898583517,0.004995618144694438
0.525,209,30,8189.798298640281,0.17493337392003713,0.004968416611110792
0.525,209,31,8326.075173760799,0.17280948238758534,0.0067099527658257595
0.525,209,32,8461.66787543848,0.17168258672329675,0.006163994766370506
0.525,209,33,8557.59823344656,0.18171767502404823,0.005210397760835128
0.525,209,34,8651.223929562411,0.17954700669737353,0.006078980165011694
0.525,209,35,8742.365997514671,0.17852202224072808,0.004465930920810036
0.525,209,36,8830.514502950815,0.1780994234067326,0.003187255155714441
0.525,209,37,8959.629291096511,0.19722002071011133,-0.013004145717486704
0.525,209,38,9081.907451769895,0.22043356966308228,-0.029649380109034177
0.525,209,39,9194.635697883523,0.2580608591026275,-0.041098307550294755
0.525,209,40,9297.690882287961,0.2921043043257841,-0.029610875066494787
0.55,169,1,3305.119649536839,0.02430858509478285,-0.051819701141142996
0.55,169,2,3314.8131868727273,0.003611132160787333,0.01150354653024818
0.55,169,3,3323.032445152859,0.002229615500124185,-0.002710733586924936
0.55,169,4,3330.2751537270956,0.0015718465291380483,-0.002340036237895676
0.55,169,5,3334.3454028209267,0.020647886348862887,0.0010961603432128974
0.55,169,6,3340.0764618146195,0.004795228712840693,0.01448910441753681
0.55,169,7,3344.002970343878,0.003275187561818132,0.0012352126487578914
0.55,169,8,3345.4324207149557,0.00308551546520855,0.0009021975200967492
0.55,169,9,3355.0020045977976,0.022121353037847513,0.001878796471221489
0.55,169,10,3365.0772119121193,0.008616896980667277,0.011631496253189034
0.55,169,11,3373.284830000463,0.0057286711173507865,0.002498585197020178
0.55,169,12,3378.781738262814,0.00457059710902616,0.0011989096130149298
0.55,169,13,3378.7858941510553,0.02353153495928135,-0.003084031409932008
0.55,169,14,3379.7896022272075,0.00905365471274845,0.008471685526970122
0.55,169,15,3379.0037570814434,0.00480030842875774,-0.0004633979038329425
0.55,169,16,3375.1559326893475,0.0037738312032390164,-0.0030367423871249387
0.55,169,17,3363.902601309305,0.021739431177106094,-0.003713929406918085
0.55,169,18,3352.713267803918,0.005751180700281983,0.008398658613586525
0.55,169,19,3338.136465511275,0.004196489982197896,-0.004051438873084721
0.55,169,20,3319.2574721500005,0.004507905009093475,-0.0072312824637854175
0.55,169,21,3292.911214387371,0.02348806771126962,-0.0009820850764226709
0.55,169,22,3266.601570437472,0.010801931751736247,0.00584364141818947
0.55,169,23,3237.0115021989486,0.007302118948097235,-0.0025323355283256113
0.55,169,24,3203.789520176343,0.006243427921559784,-0.004200625978119366
0.55,169,25,3164.244723051256,0.0250920914468172,0.0031450738086295092
0.55,169,26,3124.89697826647,0.011357001528023098,0.013224647234600385
0.55,169,27,3083.4042513288264,0.00808469101149547,0.00039751816587564105
0.55,169,28,3039.1820227504695,0.006296397821505457,0.0026722857034897677
0.55,169,29,2983.19013560369,0.021266945807375124,-0.0037981133272577115
0.55,169,30,2926.608944697919,0.010881655315704114,0.00799842885190432
0.55,169,31,2868.3933780365082,0.0050945634122830106,-0.0006401650458045893
0.55,169,32,2806.554483998165,0.004436210245802884,-0.0035854740096006323
0.55,169,33,2727.0598389386573,0.021729513068058374,-0.0033886940849814965
0.55,169,34,2646.408971116808,0.00968318482192152,0.00888996539157391
0.55,169,35,2562.153950318651,0.004350964222824574,0.0024553560625669743
0.55,169,36,2473.697023888971,0.003285375001576686,-0.0010122046103552263
0.55,169,37,2354.368644324935,0.020252652617428275,-0.0025842817896949513
0.55,169,38,2233.0510669887776,0.007949421560104935,0.008433189239092979
0.55,169,39,2107.366706679515,0.004222606583162107,0.0007497757362821009
0.55,169,40,1976.1403426473123,0.004034740587116435,-0.0009911089858658346
0.55,173,1,3322.1128949547287,0.025465299072322978,-0.04067587350687093
0.55,173,2,3348.756954699849,0.007186280523093027,0.011013733250559439
0.55,173,3,3374.9634270098345,0.00413078984418128,-0.0013468475171042778
0.55,173,4,3400.4555541190293,0.002836651321532343,-0.0011548077727271617
0.55,173,5,3423.248761585993,0.021548074903236198,0.00034263854532391497
0.55,173,6,3447.719453379163,0.008566596550569969,0.012402521663400763
0.55,173,7,3470.460664214088,0.006125513560112523,0.0024760814191719335
0.55,173,8,3491.2817406736917,0.005790431046906743,0.0009504327325111035
0.55,173,9,3520.9871573873843,0.024545719364876314,0.001560790661905762
0.55,173,10,3551.8486288189115,0.012966132840022343,0.010003363643181976
0.55,173,11,3581.2901025464225,0.010932286702084477,0.003219431525692089
0.55,173,12,3609.1813619900804,0.01019024129298755,0.0013742558385884192
0.55,173,13,3633.1725047148293,0.026997031584950853,0.0005119468183473827
0.55,173,14,3657.730461231773,0.015869567271229148,0.005515972614950361
0.55,173,15,3680.9427001736826,0.011453707944911922,0.00035987613650589146
0.55,173,16,3702.1577694483253,0.00873881322903708,-0.001542932275832469
0.55,173,17,3715.7385118734383,0.0245787425793778,-0.0023837611604952485
0.55,173,18,3729.215744290123,0.01059423811323551,0.00690823273257599
0.55,173,19,3739.86852077105,0.00738924839327518,-0.0031315125955865813
0.55,173,20,3746.8483142300156,0.006028535634976197,-0.004572617061123866
0.55,173,21,3745.3121880141393,0.026422591718688153,-0.0026725851368047827
0.55,173,22,3742.3586137055213,0.020337997191586927,-0.00026872416053600145
0.55,173,23,3737.794562309656,0.01555134195045199,-0.001409756131103062
0.55,173,24,3731.065405089971,0.012480238787578073,0.0003716626343936222
0.55,173,25,3717.8775482662545,0.03164279369582398,0.0026577255970491303
0.55,173,26,3703.4929027777753,0.023897316178073714,0.004444943609558093
0.55,173,27,3686.6437605874316,0.019625522748614156,0.003144375692652338
0.55,173,28,3667.1540646927765,0.017050949441776386,0.001771039447675244
0.55,173,29,3634.697325622576,0.030973723766126816,-0.0003548054678429599
0.55,173,30,3602.321758122844,0.021577376912648008,0.003985482939754342
0.55,173,31,3568.841404688276,0.015772973071363765,0.0013486441638598978
0.55,173,32,3533.302434094744,0.012140071943032064,0.001625574521228057
0.55,173,33,3478.093496201479,0.02733943269870046,-0.0008229573726451461
0.55,173,34,3420.791944849888,0.016970238635192827,0.005795975378815554
0.55,173,35,3359.7336568724863,0.01240004197816947,0.00027565020142641326
0.55,173,36,3294.310107287583,0.010443575402039903,0.00033941444436172815
0.55,173,37,3207.2119917591376,0.025300456178124712,-0.000952761081481739
0.55,173,38,3117.0955915646523,0.016516553498129173,0.0054238084803836335
0.55,173,39,3023.172107820756,0.013225174300532464,0.002729463082562155
0.55,173,40,2924.9381080035655,0.010036791876011714,-0.0005351736430772738
0.55,177,1,3342.9632115215613,0.029829784252542655,-0.02702703529924826
0.55,177,2,3389.7720960411248,0.014623965415161894,0.007959297413056376
0.55,177,3,3437.1948562681696,0.00935656817161951,0.0009278364470097703
0.55,177,4,3484.104572680486,0.006902088457610727,-0.0007699671774168959
0.55,177,5,3528.215039779689,0.02544340727477968,0.00042750860176276587
0.55,177,6,3572.752878132847,0.015663656751830006,0.008809480508132342
0.55,177,7,3615.869056271157,0.013131638374747356,0.0030089421542049037
0.55,177,8,3657.533215407814,0.012604780947300196,0.0006151080979598406
0.55,177,9,3708.632904168791,0.030421530248809562,0.0015707849538910276
0.55,177,10,3759.6511659713005,0.02484508728474849,0.0055328007018491665
0.55,177,11,3810.1170453132027,0.022156596564966335,0.0036542822854155914
0.55,177,12,3859.1158766560166,0.021469922643017777,0.002634166565747478
0.55,177,13,3903.8897501379374,0.03653672735245211,0.00012756402963100025
0.55,177,14,3948.8039872177173,0.02780884144717786,0.00456324998511003
0.55,177,15,3993.251307411962,0.021764609348578993,0.002091162742433031
0.55,177,16,4037.2405233740888,0.017763352141343457,0.0007134291455659074
0.55,177,17,4074.616313538518,0.032621163397981504,-0.00030451598074218966
0.55,177,18,4111.615753958107,0.022990297309094028,0.003956816297194946
0.55,177,19,4147.098506300954,0.019459525793421674,-0.0020209146347003387
0.55,177,20,4180.112524500034,0.01795361081102801,-0.0036233930446086695
0.55,177,21,4204.63187061984,0.03721196857624821,-0.0020312958181927954
0.55,177,22,4226.66586215019,0.03610975027024489,-0.00424005922986589
0.55,177,23,4246.242876198362,0.03179735150280703,-0.00042306734615076675
0.55,177,24,4263.150202550945,0.03098011845571663,-0.00611581455046714
0.55,177,25,4272.903480886953,0.048084914543666916,0.00352124313889983
0.55,177,26,4281.203475023077,0.042731487580488975,0.005480687264391688
0.55,177,27,4287.593120909724,0.03781335775608364,0.0035949054130398886
0.55,177,28,4291.817602537138,0.03309343407427344,0.0045364711502415885
0.55,177,29,4281.031846023386,0.04359171800011374,-0.001920646368021875
0.55,177,30,4269.634346843168,0.03555332529587566,0.004600844445692917
0.55,177,31,4257.778188372727,0.02821660129200449,0.00404156441223661
0.55,177,32,4244.499701985129,0.023665582377820037,0.0007199963180809112
0.55,177,33,4209.623676983241,0.03567161807673935,0.0015998707576911895
0.55,177,34,4172.247170004922,0.029083065587243065,0.004196366760798862
0.55,177,35,4131.039721236934,0.026960323115264362,-0.001138982397781908
0.55,177,36,4086.783584368821,0.022856883870791014,0.003038351141162238
0.55,177,37,4030.5511406559212,0.036080616854563256,0.0030565508975862994
0.55,177,38,3971.578318221693,0.03235803607300324,0.0024746807773538947
0.55,177,39,3909.3255455298226,0.030449313181519208,-0.0003807923707710756
0.55,177,40,3843.3605034926845,0.029102509761920296,-0.0004182701003643104
0.55,181,1,3361.3486006609032,0.03615145727185826,-0.017009193917909737
0.55,181,2,3425.4864457500435,0.024594001388732585,0.004776805851288506
0.55,181,3,3490.206420170683,0.018490624605889586,0.00044452324387791466
0.55,181,4,3554.9433757092797,0.014788270173987457,0.00022340542427027766
0.55,181,5,3618.35841951326,0.030753857798990033,0.002235404021540988
0.55,181,6,3681.7275781026756,0.02561789930628445,0.005419922622137215
0.55,181,7,3743.6249805246857,0.024492364446462075,0.001536771168129192
0.55,181,8,3803.366326921049,0.02297786925129979,0.001182437953291021
0.55,181,9,3872.5650429761736,0.03914165358080589,0.0023610850003580527
0.55,181,10,3941.048645270411,0.03577178533945173,0.0038138991479617335
0.55,181,11,4008.332445507097,0.034404358698648864,0.002482998198824085
0.55,181,12,4074.591005151126,0.03277083774123408,0.002882435375220809
0.55,181,13,4137.037441057888,0.04678835544356733,0.0017041806027540498
0.55,181,14,4199.624107319943,0.040353624080367904,0.0035522288291584894
0.55,181,15,4262.284433002477,0.034887764067929844,0.0024438820390678398
0.55,181,16,4324.273716798737,0.030807618900180394,0.0007788872437825145
0.55,181,17,4380.813598411097,0.0429318936138413,0.0026254783283317677
0.55,181,18,4437.285696296849,0.035606357305164794,0.002792040343342218
0.55,181,19,4492.752905185781,0.03142593729828847,0.00030602129419718627
0.55,181,20,4546.871421998252,0.028931176312656733,-0.0020085447575881005
0.55,181,21,4592.404559451413,0.050045430741266446,-0.006022396383200679
0.55,181,22,4634.948676973362,0.05256593364730221,-0.006967842588081921
0.55,181,23,4674.502999921525,0.05285707340831461,-0.0034543842072490756
0.55,181,24,4710.762877950335,0.05399591250979719,-0.004680367561144888
0.55,181,25,4739.4583974792195,0.07084566023637866,0.0021625596285146935
0.55,181,26,4765.101142317284,0.06779814539873126,0.0007304866509675778
0.55,181,27,4788.787073301487,0.06260476354314976,0.004671450677775383
0.55,181,28,4810.751489250267,0.05533446644613757,0.0077746159587285145
0.55,181,29,4817.868757404786,0.06305385310879272,0.0012373047509560552
0.55,181,30,4824.258700681693,0.05518288792618438,0.0024451602095337116
0.55,181,31,4829.550510381372,0.04973737626272369,-0.00010099216945437689
0.55,181,32,4835.084257759837,0.04202337100734917,0.0058378987165169875
0.55,181,33,4817.40447401415,0.05304611106375878,0.003045044370160588
0.55,181,34,4796.400215093792,0.05136033239495827,0.0002512468951162743
0.55,181,35,4772.779876780836,0.04675077716975825,0.0038759067024712918
0.55,181,36,4745.913134039406,0.042912067347521905,0.0021002753597414306
0.55,181,37,4714.174015631568,0.05628507081794444,0.0036015192654653633
0.55,181,38,4680.197745672054,0.05248566612422641,0.0005440540920640498
0.55,181,39,4643.439001662906,0.05147655821029388,-0.0008266235611219905
0.55,181,40,4603.316018622248,0.053847994903840145,-0.003324938518066255
0.55,185,1,3376.6063118834045,0.042639446399399046,-0.011475873425726412
0.55,185,2,3456.3430626679724,0.03437253691011546,0.0032577928485460817
0.55,185,3,3536.8762852771692,0.02891853138803842,0.0009275070246860084
0.55,185,4,3618.401081239565,0.025200730404743566,0.0014253020334818911
0.55,185,5,3698.44928923475,0.041092107696364115,0.0019511367279008765
0.55,185,6,3778.6598036073196,0.037631526140313884,0.0035357241046101366
0.55,185,7,3857.654538183976,0.03721482622522899,0.0015281439505917026
0.55,185,8,3934.696556540224,0.035345240173624344,0.001466569145699677
0.55,185,9,4021.4406483261064,0.05216388122240871,0.001733067586181467
0.55,185,10,4108.227129718412,0.05005026621533073,0.0030709232262202233
0.55,185,11,4194.576986274865,0.048994701166793345,0.0024967909799716603
0.55,185,12,4280.401889610451,0.04890737993020596,0.0024561907860208804
0.55,185,13,4362.787862740492,0.06268877447126339,0.0021803519030454913
0.55,185,14,4445.22394785917,0.057482643312587435,0.00248307237095101
0.55,185,15,4527.824285515545,0.05251856615515491,0.002624852254904016
0.55,185,16,4610.024766016474,0.04782382487730181,0.002572357981970116
0.55,185,17,4685.566236203958,0.05980101946780308,0.0015566129035630952
0.55,185,18,4760.244970118824,0.05347647331535198,0.0020190653857881675
0.55,185,19,4833.853404878387,0.04999765334173422,-0.001009791178735032
0.55,185,20,4905.468034975328,0.050106052296011803,-0.005883506044893502
0.55,185,21,4968.2020298978505,0.07150879147507225,-0.008109777878740124
0.55,185,22,5028.67717836557,0.07217752163841704,-0.0019188604235193447
0.55,185,23,5086.54720104593,0.07513990187089731,-0.002944066602757227
0.55,185,24,5142.669567384846,0.07318987202155773,-0.004436294020842795
0.55,185,25,5192.052986789072,0.08991958242192562,0.0007207223882850601
0.55,185,26,5239.814209059226,0.08739858986484839,0.0016251448540498365
0.55,185,27,5285.942942225258,0.08242651739301453,0.0076716758677317495
0.55,185,28,5330.747802266471,0.07723796452277518,0.0015748226511686219
0.55,185,29,5358.65044145895,0.08492051067390219,0.0057412800311368575
0.55,185,30,5386.499833894337,0.07656885257424552,0.0010263497368090393
0.55,185,31,5414.631770234117,0.0673240532430059,0.007757296221542446
0.55,185,32,5442.332309572155,0.06089159927002771,0.0021331907490027982
0.55,185,33,5443.7063480785,0.07018455955118376,0.005340259142320138
0.55,185,34,5442.133746513782,0.06666022783847053,0.0013490263455650377
0.55,185,35,5437.4456212684,0.06319536323630312,0.0025272032862030122
0.55,185,36,5429.0521660751865,0.05962841238860239,0.0023581397716367133
0.55,185,37,5423.11122735942,0.07296199087180355,0.002958917922304805
0.55,185,38,5414.434465540111,0.07288623838978663,0.0002665841880246129
0.55,185,39,5402.3362511208425,0.07485075613841632,-0.003034112486920828
0.55,185,40,5385.927105363034,0.07792140215877458,-0.0029222012035435793
0.55,189,1,3392.583630407643,0.04879643482110204,-0.007815874708409304
0.55,189,2,3487.2049366414585,0.04527972785934866,0.0021294960979899233
0.55,189,3,3583.4668503233934,0.040777460293427235,0.0016878337886979766
0.55,189,4,3681.0437540376606,0.03744969866109861,0.001423204923384054
0.55,189,5,3777.036115106844,0.05284270573778998,0.0018769295683309403
0.55,189,6,3872.133077765066,0.05173249878178416,0.0016985608169639485
0.55,189,7,3966.862574963288,0.050937413505841946,0.0018885615305629555
0.55,189,8,4061.070986390924,0.05084892934262153,0.0019336442234103716
0.55,189,9,4165.856398127203,0.06801387660228739,0.0017412748485321071
0.55,189,10,4270.219852352361,0.06756099319238845,0.0024273479511221544
0.55,189,11,4373.468320311736,0.06795907834622877,0.00198563311905957
0.55,189,12,4476.431499511947,0.06729261736146047,0.0031398878270455888
0.55,189,13,4575.755071055256,0.08116330288876379,0.0021116720190307225
0.55,189,14,4674.994863570447,0.07642617460363405,0.0028039588408887302
0.55,189,15,4774.88904226971,0.07073508828016105,0.003586440012901287
0.55,189,16,4874.777582808117,0.06596985849107048,0.002851975325799436
0.55,189,17,4968.180909493716,0.0776194223782702,0.002137567984733259
0.55,189,18,5060.7930038272425,0.07480328892156628,-0.0010669619049436068
0.55,189,19,5151.506365673058,0.07284045765193167,-0.001151851746767819
0.55,189,20,5239.612034614413,0.07446459434864015,-0.007912816323380487
0.55,189,21,5316.840109344512,0.0970287156885776,-0.009631422163571452
0.55,189,22,5390.710319731153,0.10204509954453558,-0.01150882353951973
0.55,189,23,5462.90424959986,0.10214502349723317,0.0009910097265582877
0.55,189,24,5535.243401720171,0.09677901283954156,0.00028478976591732026
0.55,189,25,5601.161126962101,0.11053702483266921,0.007075500428537931
0.55,189,26,5666.362939355552,0.10423390037118156,0.0032504741207661715
0.55,189,27,5732.386915439544,0.09600360571422738,0.005066516453092963
0.55,189,28,5798.672896705056,0.08990452917686818,0.00570227766733562
0.55,189,29,5847.810445593605,0.09757274840280371,0.004949205916784589
0.55,189,30,5897.223933304526,0.09013084968563284,0.0063383630424578095
0.55,189,31,5945.959739795105,0.0850163465841788,0.002015304312130785
0.55,189,32,5993.225664668822,0.08036784431747893,0.0027226753005915503
0.55,189,33,6010.913600462937,0.09088001017112629,0.0030307246930619714
0.55,189,34,6026.19006609584,0.0863788469358552,0.006530867351172063
0.55,189,35,6037.879575344667,0.08422451350441193,0.0015314340827818182
0.55,189,36,6046.3532854506675,0.0814165371935567,0.002737340418404764
0.55,189,37,6063.676331427796,0.09722199817087404,-0.002991505650536401
0.55,189,38,6077.211633150463,0.10223136070874815,-0.003990776786389697
0.55,189,39,6086.606231749248,0.1105337440818359,-0.00867304017553757
0.55,189,40,6090.4894893705305,0.12289413403392069,-0.011356017014048819
0.55,193,1,3410.5045556997807,0.05625595042691187,-0.0048322951169519094
0.55,193,2,3522.345697166969,0.056765800081255556,0.0017301376403664195
0.55,193,3,3634.586046932446,0.05591654160299196,0.00046783174917054937
0.55,193,4,3747.8462541341764,0.05337524684752429,0.0008029244060094946
0.55,193,5,3860.4513169490533,0.06791579023300924,0.0018183090689330701
0.55,193,6,3972.7310621704532,0.06742928321265437,0.0018928996523762292
0.55,193,7,4083.5272639004024,0.06779440386489884,0.0011990335009448808
0.55,193,8,4193.247155123882,0.06756836406466508,0.0014529375008199956
0.55,193,9,4313.323237862238,0.08368359811148365,0.0018483723439621964
0.55,193,10,4433.284292694944,0.0832905563512314,0.0027283666326583635
0.55,193,11,4552.891327802564,0.08330905924187886,0.002571122758307985
0.55,193,12,4671.799657520003,0.08438788457501317,0.0021433877531139263
0.55,193,13,4787.218098510045,0.09700295821705963,0.002527458386922811
0.55,193,14,4903.656975835399,0.09298209031746942,0.0032416267558270347
0.55,193,15,5020.544403018337,0.08855000789913606,0.0027581614067085296
0.55,193,16,5137.829238715259,0.08422673750443002,0.0035027467520595363
0.55,193,17,5247.912728131907,0.09551740149397206,0.0015543681766650962
0.55,193,18,5357.076507380045,0.09165155856859529,0.0010742706793427865
0.55,193,19,5465.082489660658,0.091261941919751,-0.00439751167293557
0.55,193,20,5569.7190010358745,0.09627134285396086,-0.01230475474684292
0.55,193,21,5663.869144899226,0.11817316769731116,-0.011653641605277883
0.55,193,22,5755.532819821282,0.12202797098697572,-0.004996799877732433
0.55,193,23,5844.531611108515,0.12440862445671759,-0.0015494062479641186
0.55,193,24,5933.003087616174,0.11977620629573237,-0.0006175690714879864
0.55,193,25,6015.730093538218,0.1286239309518691,0.009593458940077581
0.55,193,26,6098.656722887078,0.120342283703555,0.008193640827759837
0.55,193,27,6182.273424600828,0.11108256795289069,0.0075228954668573305
0.55,193,28,6265.061297964712,0.10610669699194515,0.0028818945429878503
0.55,193,29,6329.592920228885,0.11182716709847086,0.003503197369666962
0.55,193,30,6394.0521964174695,0.10725880265196319,0.005345555757413663
0.55,193,31,6457.807478959089,0.10263639493205669,0.005538747059125173
0.55,193,32,6521.463303984793,0.09786599536538855,0.002869024653588306
0.55,193,33,6554.243953461602,0.10805333702501033,0.006542027489636796
0.55,193,34,6584.824127304526,0.10476673519147553,0.0018669670799127426
0.55,193,35,6610.850956903811,0.10552670215884594,0.00023161035945323962
0.55,193,36,6632.8276973345155,0.10588111026304348,0.0008679121392766876
0.55,193,37,6670.055923631116,0.12468411735714151,-0.00690696369829219
0.55,193,38,6702.958900588648,0.13283866047294884,-0.007232026668360353
0.55,193,39,6730.682385548012,0.14313705930608342,-0.010347039650499736
0.55,193,40,6752.711371014976,0.1546692221812577,-0.012205559291765493
0.55,197,1,3425.6214103768143,0.0629963427708093,-0.002395304364801551
0.55,197,2,3551.0401980186175,0.06847412535356646,0.0006080155448771424
0.55,197,3,3676.880471156851,0.06884598671052568,-3.561913212531483e-05
0.55,197,4,3803.622587076422,0.06625204584689494,0.0008982385711413778
0.55,197,5,3929.351884156818,0.08121722226070803,0.0015206554586130665
0.55,197,6,4054.28787597967,0.08219137695767412,0.0011083770633752586
0.55,197,7,4178.65821361888,0.08251872071419879,0.001546279362161031
0.55,197,8,4302.656309929565,0.08246045712217726,0.0015655983004304547
0.55,197,9,4437.23334340826,0.09824584274891054,0.0022863157094956264
0.55,197,10,4571.660406757518,0.09821333109611952,0.002738615724582396
0.55,197,11,4705.846264057996,0.09828908258019528,0.002583469658392494
0.55,197,12,4839.912492236169,0.09839478893309382,0.002885888297986886
0.55,197,13,4970.43655968172,0.11121039518378366,0.002626458780839746
0.55,197,14,5102.010877202042,0.10726656650660393,0.003134258343962203
0.55,197,15,5234.9217291772975,0.10319324925457841,0.0036528496668118107
0.55,197,16,5368.740073320083,0.09870214337692948,0.003493065090831797
0.55,197,17,5495.973733225369,0.11014790679719164,0.0022894533241683552
0.55,197,18,5622.762016766572,0.10679731579140203,0.000800603913638748
0.55,197,19,5747.397177763759,0.10862358009962705,-0.00804318642350755
0.55,197,20,5869.754235833605,0.11022287166727125,-0.0064398345316280855
0.55,197,21,5979.743736319322,0.1359444242654882,-0.019634588580661125
0.55,197,22,6086.453603625424,0.14172955909460785,-0.006072793834807224
0.55,197,23,6190.737920762714,0.14259885488555404,-0.006171915968253404
0.55,197,24,6294.249847776591,0.13896303378856384,0.00672333390645242
0.55,197,25,6391.86378738033,0.14746772079705026,0.009773506955906121
0.55,197,26,6491.058363311314,0.13774368512204166,0.00587041370773295
0.55,197,27,6591.701936215958,0.12661635971018775,0.008360586671579932
0.55,197,28,6692.3559803015405,0.12006202591920583,0.005649054371320078
0.55,197,29,6773.520840157523,0.12678471065615962,0.008054666996445976
0.55,197,30,6854.678940438002,0.12108546446123294,0.002006145284458476
0.55,197,31,6935.584712117606,0.11718327487289783,0.004785106471112266
0.55,197,32,7015.672697683623,0.11412921033986703,0.004637496541755161
0.55,197,33,7062.586473516035,0.12461743897902708,0.0036292108826396483
0.55,197,34,7107.020732171705,0.12321098543230262,0.0028177132479366204
0.55,197,35,7148.068770392595,0.12390662897435949,-0.0008576167022621995
0.55,197,36,7185.60602094386,0.12664301871500766,-0.00018863522650283457
0.55,197,37,7245.893176315173,0.1435085323139345,-0.005399953365815761
0.55,197,38,7300.80062479398,0.15810428225812653,-0.013428521734157237
0.55,197,39,7350.08773013536,0.1731998661654328,-0.014573689505932895
0.55,197,40,7394.059476068837,0.18668196043182084,-0.015640046241320052
0.55,201,1,3442.275871643802,0.06989210323260919,0.0010571517223799116
0.55,201,2,3584.3086143918504,0.07929702610540061,0.00013637233319051544
0.55,201,3,3726.755854600155,0.08262434373305397,-0.0012894648440717154
0.55,201,4,3869.9473137802797,0.08226321477609004,-0.0002054381067342406
0.55,201,5,4011.32684678323,0.09805580258830209,0.00020633165569932746
0.55,201,6,4151.9832831002595,0.09860480987802654,0.0014199227093849535
0.55,201,7,4292.282729323275,0.09875006896612233,0.0010473336165047883
0.55,201,8,4432.058883474955,0.09907342944844236,0.0014506104423418647
0.55,201,9,4582.7965475771025,0.11382523252148657,0.0022339902267434777
0.55,201,10,4732.952249883795,0.11417735703553428,0.002664764923822324
0.55,201,11,4882.381960192799,0.11577109212915995,0.0023205221662262595
0.55,201,12,5033.015245742638,0.1151694476590473,0.004168145019430086
0.55,201,13,5180.343817798692,0.12789057683940308,0.0032231303251902513
0.55,201,14,5328.520272552231,0.12492038617185809,0.00294095907563449
0.55,201,15,5477.170872018789,0.12107139583117783,0.003368121353226543
0.55,201,16,5626.412451582736,0.11691513376991705,0.004295623322371044
0.55,201,17,5769.165954294532,0.126973881183907,0.004339256347760336
0.55,201,18,5911.315174085181,0.12445504499098334,0.0010150269449217245
0.55,201,19,6051.058117111213,0.1288711024689606,-0.010963756531781579
0.55,201,20,6184.814789191484,0.14556787859832737,-0.03032250016797612
0.55,201,21,6305.706306906999,0.1725202496648572,-0.019610740543219072
0.55,201,22,6423.769297315641,0.17839072058728847,-0.01102487530013954
0.55,201,23,6540.433267004774,0.17825023571826737,0.00633822951635441
0.55,201,24,6658.283815628774,0.16965546600772896,0.013559119290110822
0.55,201,25,6773.211901108076,0.1673890673154173,0.015426335746219053
0.55,201,26,6890.693409621494,0.15352965809368305,0.006958181872192137
0.55,201,27,7009.416647115026,0.14298201401857372,0.007860613272091059
0.55,201,28,7128.7299503307895,0.13620865946010505,0.004898118393613661
0.55,201,29,7226.790165344122,0.14469292578848153,0.005472603840443792
0.55,201,30,7325.009865996083,0.14038934011534301,0.007108131163290876
0.55,201,31,7422.516476339044,0.13884180097585558,0.0029516007214173603
0.55,201,32,7519.361373345602,0.13654669839848813,0.004637948827540495
0.55,201,33,7580.361659790394,0.1475162635985566,0.0016180344197694338
0.55,201,34,7638.230432026812,0.1464145591524841,0.00430291704652933
0.55,201,35,7693.41015596601,0.1447289101307349,0.004431755879805777
0.55,201,36,7744.063020195446,0.1485600921930306,-0.0031635635058787797
0.55,201,37,7821.102108768056,0.17660265452339197,-0.022003590656245173
0.55,201,38,7893.314647069926,0.1920166510343523,-0.01442094828591025
0.55,201,39,7956.526275393975,0.22302225053887775,-0.03208171023713396
0.55,201,40,8012.920401304208,0.24445996320540134,-0.01825559234282063
0.55,205,1,3457.0871187521793,0.07464466573455616,0.004000651825808037
0.55,205,2,3612.557321235874,0.08816669254820513,-0.0014563658573744109
0.55,205,3,3767.40089844659,0.09357818283710591,-0.002746453463236888
0.55,205,4,3923.048753895692,0.09505005077850819,-0.00042388090695751816
0.55,205,5,4077.779117680839,0.11159259898596166,5.5417622565688877e-05
0.55,205,6,4232.101337437487,0.11279348152900799,0.0006865636330438248
0.55,205,7,4385.617462788293,0.11402973201123245,0.0007524552212509388
0.55,205,8,4538.432377402331,0.1141923094150966,0.0014796328752666797
0.55,205,9,4701.413534970933,0.1289505949648772,0.0014783074074356597
0.55,205,10,4864.910660147075,0.1288520395708509,0.0031503063580779634
0.55,205,11,5028.668368583514,0.12981702894543826,0.0035065961677683984
0.55,205,12,5192.312074348927,0.1312866810422393,0.003291276305288053
0.55,205,13,5352.603431617744,0.1438672978601705,0.0028887026548494055
0.55,205,14,5514.0612590907485,0.1406166589603615,0.003973855839486813
0.55,205,15,5676.379949225335,0.13654567361027617,0.004372085851943474
0.55,205,16,5839.298318456944,0.13254100516587783,0.004200608890146613
0.55,205,17,5995.558436147092,0.14243427804369507,0.004826286638795149
0.55,205,18,6152.210032630736,0.1386885812507986,0.0027338364063263557
0.55,205,19,6306.6405206353065,0.14126467066495063,-0.007633722216361403
0.55,205,20,6456.879278472931,0.1512664053550003,-0.017222843232354425
0.55,205,21,6591.132162446648,0.18746384791346143,-0.03769928197199467
0.55,205,22,6720.380441513197,0.20097145671484445,-0.017409456240032227
0.55,205,23,6847.470362837639,0.20425150659092378,-0.008371249419415753
0.55,205,24,6974.183137288606,0.20091612838681078,0.009994507828675097
0.55,205,25,7095.751905802915,0.20490373600968528,0.021852540066046613
0.55,205,26,7222.793472447874,0.18413433749398753,0.01607313285993557
0.55,205,27,7354.1693843062285,0.16724829543269307,0.010948853813767251
0.55,205,28,7488.072355830635,0.15608656394448328,0.004966722246393958
0.55,205,29,7600.598553930375,0.16300070421862198,0.0062161193990272635
0.55,205,30,7712.80228084022,0.1581912574579927,0.004499668157848875
0.55,205,31,7824.349742507517,0.15596757166185793,0.00483135260425434
0.55,205,32,7935.319648978587,0.15353001918526518,0.006277900162859747
0.55,205,33,8009.165042932439,0.16359767645416498,0.004686912301239602
0.55,205,34,8079.885743285427,0.16199588581510008,0.004084549356981291
0.55,205,35,8146.905180010356,0.16184694375917483,0.003107812728292551
0.55,205,36,8210.339650233045,0.16176273710500017,0.0016533228776149053
0.55,205,37,8307.888337421236,0.18083743391027124,-0.008041020668686436
0.55,205,38,8397.908420367072,0.2054077303693171,-0.032087145043108896
0.55,205,39,8480.420706072427,0.23095696724840192,-0.02659146905437098
0.55,205,40,8554.462397839157,0.26079562472380285,-0.031085912914794515
0.55,209,1,3470.841401746433,0.07900100957322773,0.00668221540096685
0.55,209,2,3639.497955348079,0.09671283515879275,-0.0035598487027090047
0.55,209,3,3807.4218288411157,0.1042536169584661,-0.0027416857878694227
0.55,209,4,3975.896501777809,0.10730791409617026,-0.0010063485798991981
0.55,209,5,4142.738798234026,0.12433755781423199,-0.00043493854664027656
0.55,209,6,4309.959890261213,0.12568291230628878,0.0004385829686571904
0.55,209,7,4477.437119461494,0.1273165962634605,0.0007742447826944998
0.55,209,8,4644.928714857711,0.12828027084513932,0.001177386378633734
0.55,209,9,4823.696859993881,0.14315709459774328,0.0023298106182046965
0.55,209,10,5002.623585744523,0.1438805423764323,0.0026862132459667763
0.55,209,11,5181.439085503482,0.14497145535382275,0.003417847736402728
0.55,209,12,5360.25541756608,0.14589356820951124,0.003576426147989299
0.55,209,13,5535.404614442659,0.15804097715291,0.0032527094912136725
0.55,209,14,5712.009034816908,0.15411399832459033,0.0034732962387252577
0.55,209,15,5890.03893433533,0.1504181635064086,0.005742174874987214
0.55,209,16,6068.638655537681,0.14719215479926998,0.005259505778068456
0.55,209,17,6240.525361402572,0.15655196918532682,0.005400516921880775
0.55,209,18,6412.747264359798,0.15195591563472782,0.004697626950024777
0.55,209,19,6583.944751111748,0.15178371665250856,-0.0018352034872013035
0.55,209,20,6749.896401894078,0.1656985714531779,-0.026525941648902894
0.55,209,21,6901.986960451747,0.1942305727493766,-0.02235420424863377
0.55,209,22,7044.597835182326,0.22049800299714256,-0.04425952757654242
0.55,209,23,7183.544754436342,0.22934716908123334,-0.011077029230191545
0.55,209,24,7322.7901594435925,0.2262214464146355,0.012322920200353806
0.55,209,25,7457.330838959204,0.22704338640221494,0.014726793979646904
0.55,209,26,7595.251092279348,0.21421040385491288,0.03086814242377734
0.55,209,27,7740.404716912243,0.18881923961287964,0.016339251594553638
0.55,209,28,7890.153398718791,0.16993565375821737,0.0039324398057797826
0.55,209,29,8018.6032782199445,0.17411392330148664,0.006281420674158091
0.55,209,30,8147.493816966066,0.17071049946719394,0.005637752030823325
0.55,209,31,8276.329905911132,0.16755592029470043,0.006083197725429789
0.55,209,32,8404.192103589543,0.16550219515310707,0.005245184519656813
0.55,209,33,8493.178255465593,0.1760095965945235,0.005207358793929963
0.55,209,34,8579.423522298115,0.17497292299813108,0.004561982894710839
0.55,209,35,8662.431049337949,0.17457472428744147,0.003673556363914915
0.55,209,36,8741.96787882679,0.17395368153872795,0.00326086105499505
0.55,209,37,8861.268121589199,0.1943040229311094,-0.010916114798668249
0.55,209,38,8974.696569123942,0.21368883293789162,-0.022116727800266352
0.55,209,39,9079.202147709238,0.24567780929129254,-0.034243705125774196
0.55,209,40,9174.517258826549,0.281494455701546,-0.039688795811791376
0.575,169,1,3442.5013980823373,0.024503362124028406,-0.05393128129534397
0.575,169,2,3439.8347374702303,0.0040742435877349,0.01277115574178506
0.575,169,3,3436.097014241901,0.0021645532162976222,-0.0030438763777022805
0.575,169,4,3430.5937529477656,0.0014834613477521302,-0.0022345089239151237
0.575,169,5,3421.8528322912885,0.020605158465926737,0.00017884299088013767
0.575,169,6,3414.2904893387836,0.004457956242262506,0.015426410563127544
0.575,169,7,3404.345913200401,0.0029793612150566836,0.0014921162491374805
0.575,169,8,3391.8990317869266,0.003204139323172006,0.0009551489935235083
0.575,169,9,3387.3952481830797,0.022304869500161018,0.0012610050722925144
0.575,169,10,3384.771435733892,0.007693310258550714,0.013059034809944968
0.575,169,11,3380.136516142886,0.005281352131594593,0.0033454928952735947
0.575,169,12,3372.5682597957743,0.005246565125067453,8.847877074517697e-05
0.575,169,13,3359.6330263187274,0.023202034035648213,-0.00281440184405067
0.575,169,14,3347.29634674573,0.00881772786657557,0.007700581482368847
0.575,169,15,3332.5451662210817,0.0049174688298045935,-0.0009368887556749554
0.575,169,16,3314.243718090189,0.0037547108695486337,-0.003556813979523434
0.575,169,17,3288.1871738817454,0.022019920608000457,-0.004102170332898327
0.575,169,18,3262.7100618544046,0.0050585299528385546,0.009251825319117763
0.575,169,19,3232.995816343219,0.003709348825896158,-0.005316346122770989
0.575,169,20,3199.442130609587,0.0026705272137271096,-0.003908282135175526
0.575,169,21,3157.444889825334,0.023690065282262567,-0.0039656879747588135
0.575,169,22,3115.0102985076005,0.008911586838808234,0.008006060079306333
0.575,169,23,3069.8260295175446,0.00582427971357999,-0.003521481839804073
0.575,169,24,3021.3229852548807,0.0038011315011580614,-0.0015821319203046672
0.575,169,25,2966.0206818923334,0.024106369141238652,0.0013236207850349712
0.575,169,26,2910.843424848318,0.010492054844672883,0.01318887979696781
0.575,169,27,2853.5500855944942,0.00655172558589329,0.0009567494633723287
0.575,169,28,2792.9418893671805,0.00480200060849535,0.0028375954644125705
0.575,169,29,2721.1080101500493,0.02032183975575579,-0.003130834701693696
0.575,169,30,2649.9217283118255,0.008293207508063916,0.00974739408022699
0.575,169,31,2575.5805600633685,0.004882232420724284,-0.0030781710969208518
0.575,169,32,2497.669718296876,0.003973685977347618,-0.0038951565655612
0.575,169,33,2404.0930693209084,0.019533825869979145,-0.0007215803041988198
0.575,169,34,2308.916989732583,0.008713482387449657,0.007259246792111003
0.575,169,35,2209.511342729216,0.004519353376443741,-0.00014284394775526034
0.575,169,36,2105.6439151491654,0.003191896922300874,-0.0014885681723690073
0.575,169,37,1966.4375905057907,0.020047947306247028,-0.0010083717540921408
0.575,169,38,1823.9079882696822,0.007308874335711733,0.009132023375464393
0.575,169,39,1676.8923325729447,0.004546105379340694,-0.00045522233890107466
0.575,169,40,1525.2085107726432,0.0025590806605474544,-0.0007030517149678114
0.575,173,1,3463.1990357536247,0.026080985245577743,-0.03968162176962474
0.575,173,2,3480.990135221952,0.007199103331640391,0.010521501208149153
0.575,173,3,3498.379767708795,0.004327855020646975,-0.0008997900357299537
0.575,173,4,3514.760786154728,0.0027218459183912607,-0.0020386871981550848
0.575,173,5,3527.7002584482498,0.022137523929712355,0.0003507394748433097
0.575,173,6,3540.9760777663982,0.009221713816914667,0.011773759078775817
0.575,173,7,3552.6721615861247,0.006668925445967903,0.0027491788792412077
0.575,173,8,3562.202577111881,0.005999040415725257,0.001137272497314637
0.575,173,9,3580.681696959456,0.02476212413701666,0.0012947251408427646
0.575,173,10,3599.917543561264,0.013837791014791363,0.009434313893190537
0.575,173,11,3617.4846745179043,0.010917808992999772,0.00305311414941381
0.575,173,12,3633.5621576999024,0.010192733238237743,0.0019837152891492575
0.575,173,13,3645.5791970796968,0.026729516524317782,-4.280681675605839e-05
0.575,173,14,3658.4102750910106,0.015391009953825804,0.00660150242807542
0.575,173,15,3669.5701831370684,0.01088014253130644,1.6261113674078796e-05
0.575,173,16,3678.750876454188,0.008019686022487937,-0.00037932637712928476
0.575,173,17,3680.218108039202,0.02460048484990999,-0.0030019983558923994
0.575,173,18,3681.4579241971087,0.010289790920011397,0.006697995311485834
0.575,173,19,3680.337596481567,0.00691909890937554,-0.0027349715932766046
0.575,173,20,3676.2522586886053,0.004910685437447953,-0.0012543713681431915
0.575,173,21,3662.6604484284753,0.027246305085722247,-0.006983719396453405
0.575,173,22,3648.114469533304,0.01608568825987853,0.0062865076868423376
0.575,173,23,3630.9634835212264,0.014719402794717019,-0.007677312028307254
0.575,173,24,3611.71178438686,0.010820543710452752,0.002827518025389397
0.575,173,25,3585.47325035896,0.029821498259157166,-0.0015310002660497307
0.575,173,26,3557.6744530613555,0.023111044437878515,0.010113239395614636
0.575,173,27,3527.3492265135574,0.018435412651839126,-0.0012668509951733492
0.575,173,28,3494.4163207916995,0.015220483418139375,0.005277752989458067
0.575,173,29,3448.248952619056,0.028214608713067135,-0.0016562814237931426
0.575,173,30,3402.5119796223453,0.018306760007038632,0.006437592466134566
0.575,173,31,3355.1515707805006,0.013529039467651629,0.0005378900939803886
0.575,173,32,3305.736619498429,0.009372757609914633,-0.0007520749169596644
0.575,173,33,3237.4700491006993,0.024081017013677285,-6.27927419503742e-05
0.575,173,34,3167.5883991798796,0.013992506729211053,0.007892700899934664
0.575,173,35,3093.622935154805,0.010512037736164253,-0.0007589082590691296
0.575,173,36,3015.3954751338283,0.007095618617801149,0.0013075418498766816
0.575,173,37,2911.103545994532,0.02364315100196643,-0.002695439097432636
0.575,173,38,2803.081102831661,0.014678228187426747,0.004977946058709718
0.575,173,39,2691.1458621630422,0.00979616468073689,0.001994621071789952
0.575,173,40,2573.895509671415,0.009104782368940793,-0.0013304250971353094
0.575,177,1,3484.7542805931894,0.029215020700441952,-0.026479573954372383
0.575,177,2,3523.032298028504,0.014420709230150526,0.007365912728786369
0.575,177,3,3561.1434231467183,0.009646335830176067,0.00012102950496784626
0.575,177,4,3598.2680980666596,0.007966755933174263,-0.0012422173176127127
0.575,177,5,3632.761547960389,0.02545285916265657,0.0012883688903440082
0.575,177,6,3667.9727760066744,0.015240943234277904,0.008695096371340654
0.575,177,7,3701.4741798744494,0.014348403303886577,0.0015698910115444172
0.575,177,8,3732.9003231484985,0.012248034314957735,0.0027609016010462207
0.575,177,9,3773.087175235496,0.030054017811775604,0.0007507680247297745
0.575,177,10,3813.4078028229405,0.022582468272236523,0.007340852921595804
0.575,177,11,3852.9868662507374,0.020347175584374426,0.0025972863666277692
0.575,177,12,3891.119899565913,0.019342980030482338,0.0026451950399422664
0.575,177,13,3924.4831266280357,0.03546675382081681,-0.00033689461730561143
0.575,177,14,3957.5232925211376,0.02721195411752762,0.003950079252480742
0.575,177,15,3989.970660108088,0.021800844439195603,0.0014723702150409152
0.575,177,16,4021.81306142512,0.01791010764109743,0.0008306370951432002
0.575,177,17,4047.493747765182,0.031617596959843654,0.0007711194701399704
0.575,177,18,4073.153495752348,0.021688946391435933,0.004690589915297696
0.575,177,19,4096.7224850164075,0.017182076747954113,-0.0012351797385142169
0.575,177,20,4117.517872088535,0.014545988750267696,-0.002012755443756703
0.575,177,21,4129.196319198053,0.03429722260700457,-0.0031101338619485526
0.575,177,22,4138.375909068563,0.0313976211680139,-0.003252309621602843
0.575,177,23,4144.593590604744,0.029181194561617482,-0.0022479828495539267
0.575,177,24,4147.0724276136825,0.02995677491108667,-0.007293804743189261
0.575,177,25,4142.3077255266,0.046292180449733225,0.005656261234103216
0.575,177,26,4135.553929048887,0.043559563673416984,-0.0009616180949691224
0.575,177,27,4126.8647667917085,0.03950371001946776,0.006719389747548743
0.575,177,28,4115.7982103477225,0.03514510007085285,0.0034168676702671552
0.575,177,29,4090.629633105118,0.04561143136301995,-0.0004465388989159136
0.575,177,30,4065.2285888616334,0.034776580061157296,0.005636779387187774
0.575,177,31,4038.59260588477,0.027514269725831972,0.0014872916750890983
0.575,177,32,4011.1468524326087,0.020620774988464485,0.002600835135261161
0.575,177,33,3962.96416267943,0.03328708459254971,0.0019435124949577207
0.575,177,34,3912.915384307648,0.02678772550911231,0.004112371819343107
0.575,177,35,3859.48579438812,0.02343251691071594,0.0010342290969025034
0.575,177,36,3802.7492692111628,0.01966959613288733,0.0010940405811803058
0.575,177,37,3729.764239144257,0.03336293207922435,0.0009343317103461623
0.575,177,38,3654.3243364643463,0.027203666837589128,0.0057258004765158195
0.575,177,39,3574.9596168941935,0.023374219242705645,0.0023788941935492225
0.575,177,40,3491.677389807164,0.021189925619986234,0.0012972353421529497
0.575,181,1,3502.1794915487712,0.03583494661459142,-0.017217910709855514
0.575,181,2,3558.3258908266826,0.02370923303738506,0.005081483112404159
0.575,181,3,3615.4005654265484,0.018052206431372394,0.0016990434128320224
0.575,181,4,3672.8439119638456,0.015424324276137647,-9.633578802527836e-05
0.575,181,5,3727.692927937719,0.03189611026601601,0.001304973827879212
0.575,181,6,3781.350989448874,0.027122107438687183,0.004844964008796976
0.575,181,7,3833.7970108630407,0.024708557880251114,0.0022836892401896795
0.575,181,8,3884.804410638954,0.023568740610369194,0.0015866435619224348
0.575,181,9,3945.1926882592447,0.04151566684406372,0.0016028705513648602
0.575,181,10,4005.1745228469076,0.03712440458129811,0.00348034457180894
0.575,181,11,4062.9486793225483,0.03535165291859058,0.002973404852805361
0.575,181,12,4118.8172579019865,0.034380953247282436,0.0016467733494579429
0.575,181,13,4170.846342417319,0.04896361217330869,0.0014175739844965467
0.575,181,14,4222.909263386317,0.042181716810124135,0.0041888508229176264
0.575,181,15,4274.618727032712,0.03689934545703043,0.0014477474778356175
0.575,181,16,4326.236650729274,0.031069917381692888,0.0026632900405574094
0.575,181,17,4371.624926505449,0.04441872365386628,0.0009133533560620243
0.575,181,18,4415.896287006262,0.03725246471670555,0.002406354079429507
0.575,181,19,4459.272414334732,0.03133692296193632,0.002002573195574754
0.575,181,20,4500.825495916571,0.029130395015678923,-0.003744695831401193
0.575,181,21,4533.053787066098,0.05070416978422495,-0.007455103487141406
0.575,181,22,4563.162091173319,0.05106222312409191,-0.0035821356324148143
0.575,181,23,4590.432844916476,0.05076742969692475,-0.0020286666865141707
0.575,181,24,4614.769703202463,0.05067449879971799,-0.0044093134667112085
0.575,181,25,4631.329336356966,0.06759640995973051,-0.00045320224933906734
0.575,181,26,4645.027616097972,0.06629420748385849,0.002360367406807167
0.575,181,27,4657.22626431248,0.061289010517431075,0.004044471171157777
0.575,181,28,4667.489613914095,0.05749916719454193,0.005878862627666766
0.575,181,29,4662.984749324175,0.06318029281771849,0.0019081663708601132
0.575,181,30,4658.27898156729,0.05483407280817678,0.004998976336116378
0.575,181,31,4653.350597481175,0.047063316539952924,0.005371593043053963
0.575,181,32,4647.205998569166,0.04017692216081532,-0.00028991421932770135
0.575,181,33,4617.537145463351,0.050407396055641894,0.004582784514461386
0.575,181,34,4585.321705756319,0.04515050546206794,0.0025638346312268426
0.575,181,35,4550.272258814834,0.042086022762207714,0.0013362470030351997
0.575,181,36,4512.245966253391,0.03860015145924625,0.0023900623104102497
0.575,181,37,4465.989308083317,0.05114785796939768,0.002821311178911362
0.575,181,38,4416.132155752631,0.04971185458096574,0.0011191648581505573
0.575,181,39,4362.921696126982,0.049168132679402475,-0.0010498810521367835
0.575,181,40,4305.115457692458,0.050917876952990146,-0.0038786808171524466
0.575,185,1,3519.4490598060916,0.042477271808650095,-0.01083183616932897
0.575,185,2,3591.432915781544,0.03549132066917249,0.002657647494884239
0.575,185,3,3664.3106662035125,0.030231606895031366,0.0011494731774506406
0.575,185,4,3738.1481377897076,0.02571065984001127,0.0011360594907446858
0.575,185,5,3810.500377084247,0.04128487137286765,0.0015227896856700044
0.575,185,6,3882.77493925461,0.03816425836663558,0.00362793482851713
0.575,185,7,3953.1109564254043,0.037189170662148066,0.0013862285065201218
0.575,185,8,4021.8884606611296,0.03629364156406379,0.002191141808872353
0.575,185,9,4100.210455194971,0.053550980672391627,0.0015088414579094494
0.575,185,10,4177.738502678273,0.05092012124354419,0.0031528840817251712
0.575,185,11,4254.357983013349,0.04994939356192025,0.0025954596294472665
0.575,185,12,4329.788065185253,0.04929233557650121,0.002687250506341478
0.575,185,13,4401.033880038939,0.06382263442807769,0.0012580439868164098
0.575,185,14,4471.894003794296,0.059129098237462964,0.0023242349772722133
0.575,185,15,4542.838215176699,0.05289908309495217,0.0028626894148757855
0.575,185,16,4613.7670375954,0.04754648040246488,0.0030158403652999796
0.575,185,17,4678.482982380743,0.058961397438147614,0.0017363947435155493
0.575,185,18,4742.195800140585,0.05357354456162504,0.0012891100867493722
0.575,185,19,4804.018581825094,0.05093364621687877,-0.0029658173931881695
0.575,185,20,4864.6592599688465,0.04867544227907781,-0.001999426988070308
0.575,185,21,4915.2249852358655,0.07064252904754827,-0.009177827788714845
0.575,185,22,4963.6887271579935,0.07069629954732702,0.00043785441254355986
0.575,185,23,5008.938711024631,0.07405478643676316,-0.009721806210236853
0.575,185,24,5052.188168147169,0.07359869158440974,-0.002048265768272489
0.575,185,25,5088.3621519968165,0.08844576549514613,0.002272020339359173
0.575,185,26,5123.815503342624,0.08391647511448372,0.005839110576722885
0.575,185,27,5158.026605096047,0.07863254516267361,0.004527772395998897
0.575,185,28,5191.3832737720595,0.07278866913250065,0.005767316506749362
0.575,185,29,5208.580842641181,0.0806780324502479,0.0019656881127465367
0.575,185,30,5225.2017747486225,0.07343226451906752,0.00198498473405447
0.575,185,31,5241.40199042897,0.06553106706935521,0.005789823065104335
0.575,185,32,5256.769404824085,0.059741744517488524,0.003686169966939772
0.575,185,33,5245.379805284112,0.07163292800202875,-0.00014793676165317514
0.575,185,34,5231.316928389705,0.06723981307626149,0.004050637662232781
0.575,185,35,5213.889540995395,0.0635093776942081,0.002726303006100822
0.575,185,36,5192.556506800374,0.06036968920248541,0.0029554323547600152
0.575,185,37,5170.33451664863,0.07384657189944115,-0.0010405840079551292
0.575,185,38,5145.111880210708,0.07207329998923455,0.0019893228639932905
0.575,185,39,5115.995576324985,0.07324152910872408,-0.00041142448490850134
0.575,185,40,5081.875062083617,0.07905952364529546,-0.00874669723007764
0.575,189,1,3534.767164394152,0.04936474971953892,-0.008070375113623155
0.575,189,2,3622.293395293628,0.04594236011695182,0.0022501935026694384
0.575,189,3,3711.0322948502735,0.04206707805225909,0.001064887195739494
0.575,189,4,3800.907191080443,0.038150045918213166,0.001129208208557939
0.575,189,5,3889.1784600028127,0.05409534497128866,0.001859935335803851
0.575,189,6,3976.759937115795,0.051771025166089134,0.0028123978614009826
0.575,189,7,4063.952402074278,0.05130611649383077,0.002105906395035187
0.575,189,8,4150.049099527327,0.05110422508897643,0.0015698386026420457
0.575,189,9,4246.047555799277,0.06782411826711329,0.0014391246585252363
0.575,189,10,4342.20146615529,0.06616272151724359,0.0027631389493194816
0.575,189,11,4437.837392037686,0.06562746783513798,0.002695261435039967
0.575,189,12,4531.796532246986,0.06680988765487926,0.0024563808497891845
0.575,189,13,4621.95529365292,0.07998494915763074,0.0015503243907314319
0.575,189,14,4712.136378028153,0.0755899806850056,0.002525344843410128
0.575,189,15,4802.3768622428015,0.07040903053934182,0.0026725273944223373
0.575,189,16,4892.690365915276,0.06571349301317621,0.0026433830841696587
0.575,189,17,4976.308850684125,0.07705926468337868,0.0025938644426006996
0.575,189,18,5059.375053118149,0.07239710286996606,0.0012963047411798732
0.575,189,19,5140.554109225229,0.07084518852786789,-0.003432017313155858
0.575,189,20,5219.199286167558,0.07181193072137,-0.005910686855861988
0.575,189,21,5287.678990202563,0.09291478601870813,-0.008677575730826679
0.575,189,22,5352.171944154468,0.09734663729556581,-0.007062650603654764
0.575,189,23,5413.608533579464,0.1004246456028087,-0.006144166371646583
0.575,189,24,5474.141704825615,0.09796803481291774,-0.00044471384003925003
0.575,189,25,5528.68741672486,0.11140152628615867,0.005819594088919913
0.575,189,26,5583.821612050252,0.10275723240898302,0.00839422874699385
0.575,189,27,5638.132452944872,0.09685301857758054,0.0035794225174337058
0.575,189,28,5692.341667317771,0.08932903215289897,0.004984989515093696
0.575,189,29,5729.9350786060995,0.09493045646105183,0.005660025382818642
0.575,189,30,5767.29590084427,0.08861937481323086,0.0044723267700141605
0.575,189,31,5803.887684499453,0.08285138894190647,0.0039384303291539816
0.575,189,32,5840.335329464319,0.07721476590094575,0.004099566698278524
0.575,189,33,5847.9352382144725,0.0876908977314485,0.0029831756253096277
0.575,189,34,5852.057521361187,0.08300791969297538,0.004613393077661563
0.575,189,35,5852.205686847167,0.08070247295587245,0.0014252734807384357
0.575,189,36,5848.998176420473,0.07802843568311672,0.0019162023791988265
0.575,189,37,5852.442870827922,0.0922613608651895,-0.0003510758949580841
0.575,189,38,5852.728923644417,0.09288060833536059,0.0021304527927752
0.575,189,39,5847.8494932437525,0.09991817129668067,-0.010403939235490916
0.575,189,40,5836.609826958714,0.11301390937071015,-0.015346716184081986
0.575,193,1,3553.1824468100817,0.05601601465575617,-0.00512940365500519
0.575,193,2,3658.4358292603133,0.05653861843576285,0.0018179175839722474
0.575,193,3,3764.079555688731,0.05465047507279109,0.00048620080951929735
0.575,193,4,3870.0063501468544,0.05314555943647006,0.0009308842938238232
0.575,193,5,3974.3225239945214,0.06860637234631727,0.001443916048392187
0.575,193,6,4078.334509409557,0.06695125992794226,0.0021673071933139753
0.575,193,7,4181.415291875687,0.066969197022292,0.0011791804513535237
0.575,193,8,4284.041684561044,0.06581122722314355,0.002731890196172462
0.575,193,9,4396.417786900446,0.08209742654180281,0.0019048985855137242
0.575,193,10,4508.328082612684,0.08266619350891673,0.002263697520992787
0.575,193,11,4619.686695195751,0.08266663648269934,0.0022945448309175313
0.575,193,12,4730.607281625463,0.0829832175917365,0.0025695057076899072
0.575,193,13,4837.992003267099,0.09587156866250929,0.0022845042469723732
0.575,193,14,4945.270161524846,0.09220217067189712,0.002777457122782796
0.575,193,15,5052.756321615318,0.08757404289363663,0.003073447294628625
0.575,193,16,5160.500395027586,0.08324362393211795,0.003411213769980955
0.575,193,17,5261.416892888927,0.0943549837580562,0.002492030553409582
0.575,193,18,5361.63839865981,0.0902390579056018,0.0003793195331130895
0.575,193,19,5460.193192021558,0.09032194791037974,-0.005909931921255549
0.575,193,20,5555.6676022992315,0.0944666716224669,-0.010314950615545484
0.575,193,21,5639.374409977555,0.11725020153450089,-0.012948531468672074
0.575,193,22,5719.568122171487,0.12083214406820839,-0.003718689842344606
0.575,193,23,5797.551218994909,0.12180096995773587,-0.004907600673202448
0.575,193,24,5875.138342704662,0.11471390703129829,0.006518452139230943
0.575,193,25,5946.381589241615,0.12544010683712029,0.003860506950636896
0.575,193,26,6017.608148147577,0.1183051137818524,0.00568261985965182
0.575,193,27,6088.718519246991,0.10950471620876133,0.006257909717902673
0.575,193,28,6159.53250643852,0.1033929069728858,0.005557361298198292
0.575,193,29,6211.7490201866485,0.11174361973445604,0.0046890025208732155
0.575,193,30,6264.611320922276,0.10577821575305678,0.004613227735213294
0.575,193,31,6317.148041190433,0.1009697128605809,0.00349878783394241
0.575,193,32,6369.117816038722,0.09649097602883705,0.0035521393500659543
0.575,193,33,6390.930624158629,0.10784757416881262,0.003143736380555118
0.575,193,34,6410.0930399034405,0.106125768810643,0.003539645741107572
0.575,193,35,6426.009114471183,0.10440741355283062,0.003796000744868786
0.575,193,36,6438.630186204985,0.10407980381358661,0.000190409764783439
0.575,193,37,6464.954882972875,0.11986904577756201,-0.002440504202196777
0.575,193,38,6487.919181874911,0.12343534873340764,-0.0031297456971186755
0.575,193,39,6505.962641840631,0.13059325446529096,-0.006012989036644073
0.575,193,40,6518.7507883122,0.1435891662020415,-0.015838791856241333
0.575,197,1,3569.801908255016,0.06263773401702032,-0.00267417452320609
0.575,197,2,3689.3061092694497,0.06793026694824517,0.0007689366230500985
0.575,197,3,3809.0181389059826,0.06847308620325415,0.00020353919912846735
0.575,197,4,3929.481534324033,0.06587200205956406,0.0007065458158706774
0.575,197,5,4048.316519661629,0.08136405856360193,0.0010861372020977075
0.575,197,6,4166.6715444339125,0.08167483968209767,0.0017956151049026822
0.575,197,7,4283.945308135359,0.08134326705842748,0.0014637714868803579
0.575,197,8,4400.392628693151,0.08180614443702058,0.0016619667051747638
0.575,197,9,4527.080987853919,0.09813957524387557,0.0021686337523647834
0.575,197,10,4653.10774464682,0.09787225005486246,0.002187381805768644
0.575,197,11,4778.759573780466,0.09766049288499253,0.0030915907212108766
0.575,197,12,4904.049175403453,0.09794197145185043,0.0026177735783369854
0.575,197,13,5025.390897249023,0.11079188620399072,0.0020196909369509567
0.575,197,14,5147.435142143123,0.10668633188062973,0.003148940596767788
0.575,197,15,5270.552277287219,0.10230882506143478,0.0036367241933790467
0.575,197,16,5394.4738349274185,0.09856962120198794,0.003956651831593658
0.575,197,17,5511.534858812287,0.10975649970703244,0.0025022888953407036
0.575,197,18,5627.727285446813,0.1073655279847849,-0.0009665854110918154
0.575,197,19,5741.709696679301,0.10875356475260016,-0.006718673701762298
0.575,197,20,5851.59415596727,0.11706921796761262,-0.017780722733407327
0.575,197,21,5949.955974871864,0.1381112829668346,-0.008936701925990727
0.575,197,22,6044.59536010375,0.14326217701214425,-0.009427033222927412
0.575,197,23,6138.254502616386,0.14114669140869973,0.00458871328792459
0.575,197,24,6231.529749958779,0.13628135054611587,0.005204640656005784
0.575,197,25,6319.592910962896,0.1424346149214111,0.005870609701607317
0.575,197,26,6409.64805295618,0.13174663109528406,0.010243912674504956
0.575,197,27,6500.626434058184,0.12293897366874111,0.005021892703998209
0.575,197,28,6590.887944956234,0.119212352822085,0.004643788428226617
0.575,197,29,6661.380459920707,0.12669574582808033,0.002868353713281626
0.575,197,30,6730.398621084217,0.12349614258351571,0.003737353599842137
0.575,197,31,6799.109792086511,0.11822754296022901,0.004718538669963467
0.575,197,32,6867.149671154447,0.11465145378865478,0.005536629944577734
0.575,197,33,6903.164567981853,0.12370389382628422,0.004776845508835016
0.575,197,34,6936.69134652943,0.12123056545398571,0.00368878253337977
0.575,197,35,6967.191781561155,0.12022333256871483,0.003222685988974121
0.575,197,36,6994.010755980818,0.12112182262937427,-0.00037118840527781705
0.575,197,37,7040.126716787488,0.141808121653512,-0.010590294526777752
0.575,197,38,7081.491291362405,0.15302267286721455,-0.01093333648268687
0.575,197,39,7116.322173920829,0.17029365775776142,-0.018266004847609103
0.575,197,40,7146.219993228193,0.17899294577242097,-0.00014772474261019405
0.575,201,1,3586.727762264752,0.06885246404962864,0.0008674416895975186
0.575,201,2,3723.417881987567,0.07810844737345964,0.0004322382451805862
0.575,201,3,3859.61968772751,0.08177729461225886,-0.001994550135943607
0.575,201,4,3996.160198622221,0.08166456298979412,-0.0006031550389486145
0.575,201,5,4130.86817586906,0.09713492066037013,0.0008816956183460534
0.575,201,6,4265.003748764407,0.09762546436047564,0.0010454486219872747
0.575,201,7,4398.547219932852,0.09786958513990933,0.001592007445321957
0.575,201,8,4531.562320278794,0.09866929546219493,0.0014563778271588672
0.575,201,9,4674.707258380354,0.11451025717434046,0.002103605510970605
0.575,201,10,4818.029975550088,0.11463956399775196,0.0024378713605392155
0.575,201,11,4961.065525497698,0.11511855249314343,0.0028995188284549568
0.575,201,12,5104.088515624095,0.11526234139048147,0.0029059939191013575
0.575,201,13,5243.090337887435,0.1281231412691351,0.0024650041674823446
0.575,201,14,5382.880895408777,0.12479026885618474,0.003339413649546687
0.575,201,15,5523.281260655317,0.12046802430975775,0.0037176012809974146
0.575,201,16,5664.965823247093,0.11647359851596141,0.004151165644675033
0.575,201,17,5800.267169800346,0.12659168443644045,0.004646887223830546
0.575,201,18,5935.019873435512,0.12337518283772324,0.0015237129488866212
0.575,201,19,6067.811297321396,0.12467285241132879,-0.006406009724546638
0.575,201,20,6195.712283898533,0.13483934299049508,-0.02039002812103332
0.575,201,21,6309.908500043141,0.16454388752724855,-0.026994104747030324
0.575,201,22,6420.682903856579,0.17090413740626245,-0.009840055255844882
0.575,201,23,6528.898882656745,0.17233072739959476,0.001877599124177698
0.575,201,24,6637.643098333789,0.1660748916976978,0.0072896509417493234
0.575,201,25,6741.482450249879,0.17013956086556195,0.018216629235649602
0.575,201,26,6848.867080620007,0.15198022821925958,0.007043087980526183
0.575,201,27,6957.605967566834,0.1407972418167593,0.005076781097805878
0.575,201,28,7066.342569160206,0.13576924592041673,0.00827292119086255
0.575,201,29,7154.765358810521,0.1413414503782221,0.0040457752792890855
0.575,201,30,7243.5191004207645,0.13697370414567944,0.005240111232628583
0.575,201,31,7331.39004473275,0.1346690772379475,0.004431034813738849
0.575,201,32,7418.580587066013,0.13212755188219052,0.003722652239674224
0.575,201,33,7470.062386035113,0.14282113006491934,0.003501107604438743
0.575,201,34,7519.194843352826,0.14119849809316523,0.004758247638245067
0.575,201,35,7565.335440400411,0.1400621505725702,0.0025432348088599496
0.575,201,36,7607.653685690293,0.14098452845994194,0.0007494106613483334
0.575,201,37,7677.528391133315,0.1587751537790105,-0.0051606416987793014
0.575,201,38,7741.217977945112,0.17743024842576202,-0.022275071373893823
0.575,201,39,7796.855066744852,0.20458420376739317,-0.029587392986522743
0.575,201,40,7847.345769886584,0.22115091260444508,-0.009198463471326745
0.575,205,1,3601.346974243524,0.07438025894790455,0.003971513148805334
0.575,205,2,3751.257426289764,0.08712705725396554,-0.0017385494323292037
0.575,205,3,3901.2324430983776,0.09337679916892136,-0.0019212375443350012
0.575,205,4,4052.2344114356165,0.09523214939034624,-0.0010372944139763344
0.575,205,5,4201.606897079726,0.11223344490151058,-5.876475320695819e-05
0.575,205,6,4350.809443759318,0.11368560811812004,0.0004271116707279576
0.575,205,7,4499.464415116782,0.114468696090183,0.0009202324314718256
0.575,205,8,4647.459708574164,0.11512906729103893,0.001262469933744139
0.575,205,9,4805.912126009119,0.12976045783197362,0.0021435249738913638
0.575,205,10,4964.272462555391,0.1302483159728625,0.0029407479523136707
0.575,205,11,5121.861097266207,0.13186387535313038,0.0032923951307218795
0.575,205,12,5279.155515819142,0.133158062908305,0.002840097076924811
0.575,205,13,5432.863670642009,0.1453605034887498,0.0034341991152365354
0.575,205,14,5587.186755067464,0.14196772156594298,0.0035723202107261513
0.575,205,15,5742.104214321272,0.1380271798518035,0.0037059160953682724
0.575,205,16,5898.110723932604,0.13343840159671863,0.004564355846784106
0.575,205,17,6047.771627833137,0.14297107190701946,0.005465938844528274
0.575,205,18,6198.177899051044,0.13868004882284357,0.005245266885414209
0.575,205,19,6348.417291619913,0.13743938740174447,-0.0007932899019308517
0.575,205,20,6493.439459112448,0.15100191326490844,-0.026938192507510766
0.575,205,21,6621.957594722946,0.1866685231451536,-0.037655415323648286
0.575,205,22,6743.941013849617,0.20226136256551092,-0.024085656278002823
0.575,205,23,6863.078821097574,0.20675460481885924,-0.0007454139255746119
0.575,205,24,6981.883384258804,0.20343294853632127,0.012205145203150403
0.575,205,25,7096.809480954497,0.20263541841438792,0.021944716698338935
0.575,205,26,7216.1243064950095,0.18315990375176855,0.014446255653382329
0.575,205,27,7338.304378392127,0.16736136532936463,0.012015420137574097
0.575,205,28,7462.950149823569,0.15553996465271833,0.00442311499289474
0.575,205,29,7565.946641255766,0.16138625046875235,0.004386364088121856
0.575,205,30,7668.548239222048,0.15768091190118788,0.0055824022064220775
0.575,205,31,7770.328299291518,0.15556586695902355,0.0029875934596162767
0.575,205,32,7871.443529450883,0.15232292760670893,0.005741640993933633
0.575,205,33,7935.221671871552,0.16352486275548522,0.004410773696052463
0.575,205,34,7995.961307744668,0.1614416847742839,0.004722796766458928
0.575,205,35,8053.437039693448,0.1607061063608178,0.004259685043628013
0.575,205,36,8108.183941844415,0.15926154686402716,0.004910109345319283
0.575,205,37,8196.448416522564,0.17749233233946785,-0.007252134000694308
0.575,205,38,8277.274659923143,0.20169400109239125,-0.03279604165912259
0.575,205,39,8350.470053473357,0.22618411797820573,-0.02568429778183414
0.575,205,40,8416.832432349485,0.24833631968108622,-0.015463517946325566
0.575,209,1,3615.7247210849823,0.07789025975908107,0.006618444538297804
0.575,209,2,3779.5776082596335,0.09498943355341122,-0.003828073539476787
0.575,209,3,3941.961250927889,0.10365357592821609,-0.00277107545093746
0.575,209,4,4104.916211131016,0.10674542549189886,-0.0009958963094048034
0.575,209,5,4266.5403120998135,0.12380689730465329,0.000284609931194819
0.575,209,6,4428.000990995638,0.12562749417983707,-0.00012452112717332365
0.575,209,7,4589.631741388197,0.12673259623823668,0.0008370721754468472
0.575,209,8,4751.416043850261,0.12799546993784103,0.001155165900526664
0.575,209,9,4924.423801536429,0.1434922337655828,0.0021412252033774903
0.575,209,10,5097.47995954429,0.1449129159265141,0.002962748156007478
0.575,209,11,5270.404285343941,0.14589720009962404,0.0027910825663307968
0.575,209,12,5442.800904976894,0.14552437125880094,0.0033583711588548036
0.575,209,13,5611.445802503076,0.1572692191115617,0.003704659044536838
0.575,209,14,5780.890332266556,0.15373780644168972,0.0041856549989317945
0.575,209,15,5951.046522780075,0.1506355582720474,0.004799011079500801
0.575,209,16,6121.932148405087,0.14711563610532322,0.0042364255480132765
0.575,209,17,6285.89773644649,0.1558087713758517,0.004725109811950183
0.575,209,18,6450.606730593555,0.15176938554466127,0.005904545722898463
0.575,209,19,6614.676459331743,0.14978226081876703,0.0018876597599846987
0.575,209,20,6774.295219830793,0.1599361344387701,-0.020684179203421967
0.575,209,21,6917.085215353412,0.19529224801158576,-0.039329613187572686
0.575,209,22,7052.3611229950275,0.21645708323875854,-0.031715800012730666
0.575,209,23,7182.85121813486,0.22758504961745857,-0.013902706408586717
0.575,209,24,7312.58140098726,0.22714789108502087,0.006013190714241416
0.575,209,25,7437.642860134449,0.2291795548974213,0.020604368690000485
0.575,209,26,7566.953944748874,0.21242588876496085,0.02497621284273769
0.575,209,27,7702.409833630389,0.19007315480432066,0.017030076321924777
0.575,209,28,7842.4503490773,0.17365679397734912,0.009150762185235327
0.575,209,29,7961.092538197584,0.1755132999041569,0.002784186345367839
0.575,209,30,8079.6054513653935,0.172690751489387,0.004417600267089604
0.575,209,31,8197.348574845497,0.17043187104220972,0.006063369016711815
0.575,209,32,8314.88787809228,0.16784586245274874,0.006138571594244827
0.575,209,33,8393.123872726195,0.17813060941214537,0.005643792618016997
0.575,209,34,8468.289219758946,0.1775286461166964,0.004582581341650341
0.575,209,35,8540.286885521598,0.17652195190337494,0.004601945055462121
0.575,209,36,8609.037391708345,0.17708334423753103,0.0006840883509066449
0.575,209,37,8717.13116886315,0.19290275317366384,-0.0034729876085893034
0.575,209,38,8818.752980936233,0.21221674766090953,-0.023647637673160995
0.575,209,39,8911.730838820815,0.24202284919560835,-0.03512496858506391
0.575,209,40,8996.402533425484,0.273105304154451,-0.0313387133662936
0.6,169,1,3582.3877175988328,0.02416961903864943,-0.05312002629763197
0.6,169,2,3568.7881609209626,0.0039815556487440736,0.012013482880878881
0.6,169,3,3553.623779811775,0.002026511762563636,-0.0025001704133746664
0.6,169,4,3536.621505279782,0.0016896755699240494,-0.002854353718660832
0.6,169,5,3515.7409464441153,0.021109630246814892,0.0009303653363746248
0.6,169,6,3496.301658389052,0.004516712278406343,0.014295685950174093
0.6,169,7,3474.8151901585934,0.002907681124720024,0.0030382288258146064
0.6,169,8,3450.439279643285,0.002832412245863882,0.0004713163681873019
0.6,169,9,3433.859672906522,0.02228475421323858,0.0007258136791594873
0.6,169,10,3418.7015341457936,0.007330264401040907,0.013207635814402516
0.6,169,11,3400.8315565471044,0.005054228410854957,0.0020423068221367027
0.6,169,12,3379.7424639508445,0.0046703935529290195,0.001336996080497264
0.6,169,13,3352.00797531841,0.023542157229764753,-0.004593459413380541
0.6,169,14,3324.4140342213864,0.00797331847541638,0.008353450693310206
0.6,169,15,3295.0766908533406,0.004080241156266987,-0.0007033342228136192
0.6,169,16,3262.874688078823,0.0031468379830057857,-0.0031239240118515104
0.6,169,17,3222.483700214905,0.02218705109209644,-0.004968138471170294
0.6,169,18,3182.78448684728,0.005310713048330683,0.00888620327969869
0.6,169,19,3139.164724685657,0.0029806423898752457,-0.004049430632829121
0.6,169,20,3090.915470613994,0.0024330051614787863,-0.004361430384983601
0.6,169,21,3034.384719805543,0.022073138710317727,-0.0034023959969539637
0.6,169,22,2977.3202489612895,0.00777399113431468,0.009065895873613108
0.6,169,23,2916.903851415965,0.005919896245919459,-0.00559187833609955
0.6,169,24,2853.3233407383846,0.003889558151669031,-0.0014647762602533327
0.6,169,25,2782.6834214789164,0.02415403988387575,0.0009984473145320716
0.6,169,26,2711.9391243579603,0.009290373991236354,0.015244219992651693
0.6,169,27,2638.3252429283434,0.005645588431442733,0.0005895229824806566
0.6,169,28,2561.4469887980667,0.004389225382038547,0.0038595717595023326
0.6,169,29,2473.8615151930344,0.020427843037549836,-0.0043333749217300595
0.6,169,30,2386.646502889856,0.008262075751284464,0.009028169775905164
0.6,169,31,2296.9581881798936,0.004112431440520233,-0.0015566698980893701
0.6,169,32,2203.0747167848563,0.00392252107453189,-0.003519932759824782
0.6,169,33,2094.0089243654816,0.01988003325738976,-0.0012863761808002319
0.6,169,34,1983.4893845885604,0.0070274437731914965,0.008347842829212334
0.6,169,35,1869.1274006708693,0.004519971996451723,-0.0012492064135326455
0.6,169,36,1749.8293002521798,0.002821509759095069,-0.0010966078408722877
0.6,169,37,1592.1138440932616,0.01914392303195959,-0.000678605466226771
0.6,169,38,1431.301236111549,0.00720899096171596,0.009538714060767063
0.6,169,39,1265.0181864414744,0.003103562060659142,-0.0004123972343322112
0.6,169,40,1092.7871994352727,0.0027082998498061286,-0.002230567726043656
0.6,173,1,3604.522605047689,0.025560932725718626,-0.03812042090346075
0.6,173,2,3612.5382077865856,0.008453242538807509,0.008874774952679913
0.6,173,3,3620.181980536098,0.00473520147877589,-0.00022691739516608972
0.6,173,4,3626.2235695526656,0.003987973842409701,-0.002440392034630543
0.6,173,5,3629.5607429426204,0.02220419154311907,0.0015890771474409053
0.6,173,6,3633.6422892077276,0.009346852425566536,0.011039008450345437
0.6,173,7,3635.815360328552,0.007002476093331119,0.002748848533559924
0.6,173,8,3635.3787263080644,0.0071790346220883035,9.824524139465842e-05
0.6,173,9,3643.2863399654007,0.02538660990348204,0.0023131928631265485
0.6,173,10,3651.200128639965,0.014798164936065804,0.00949205419330106
0.6,173,11,3657.423464360194,0.011228719762298276,0.0031616919827160274
0.6,173,12,3661.872104104934,0.010424728731633193,0.0015948035751949577
0.6,173,13,3661.7953373199553,0.027302130365232415,-0.0010006438119055338
0.6,173,14,3662.257606476224,0.015872072376124858,0.006187470249778457
0.6,173,15,3661.0489890117983,0.01063767438256235,1.531861138948647e-05
0.6,173,16,3657.0564972987554,0.00798250522428613,-0.0014168085201897325
0.6,173,17,3644.1772478242183,0.0260750315944485,-0.003703217719668751
0.6,173,18,3631.425594330062,0.011214940276362747,0.0075057233713563655
0.6,173,19,3616.2787677393335,0.00656682458888101,-0.00038274002858766876
0.6,173,20,3597.2490584440666,0.005160723391911602,-0.003341625516119726
0.6,173,21,3569.010568697808,0.024352625566408957,-0.001984358935934557
0.6,173,22,3540.0705423906315,0.015893708185306384,0.000562098795527696
0.6,173,23,3508.800184439118,0.012656558455338774,-0.002491143274515493
0.6,173,24,3473.70811992192,0.011051057697870962,-0.0019910313527656187
0.6,173,25,3431.026734716309,0.03237295960870916,-0.000988982787015047
0.6,173,26,3387.5468171276098,0.023185944769395197,0.008819617416041004
0.6,173,27,3341.274818232091,0.018432933555864776,0.004148810177879167
0.6,173,28,3292.023328592843,0.016574127580717624,0.0015501598623243434
0.6,173,29,3230.346540838953,0.029567155712696594,-0.00206154270468211
0.6,173,30,3167.749629388915,0.01998073793061035,0.0033349147299985833
0.6,173,31,3104.1988098328584,0.012766170044803588,0.003947030068814943
0.6,173,32,3038.6471896774387,0.010143036461019017,-0.0004406289601386829
0.6,173,33,2955.48688023904,0.024015740741646727,-0.0006637179168610086
0.6,173,34,2870.4856205169185,0.014184095781197174,0.0052147807092441925
0.6,173,35,2781.676417175181,0.009648807589418698,0.0024176714175713743
0.6,173,36,2688.6684411349297,0.007592695407250197,-0.0017262907277162648
0.6,173,37,2567.3282943305526,0.02292090565158822,0.00029280416479258303
0.6,173,38,2442.774548968711,0.013758485585589557,0.00611293452993609
0.6,173,39,2313.850314601084,0.01064445645484413,0.0010293241023865162
0.6,173,40,2179.353901446429,0.007896770431123008,-0.00035547442311044863
0.6,177,1,3624.5864933862745,0.029635564388908624,-0.02642545715754991
0.6,177,2,3652.4458043150735,0.01579720132775928,0.006250156657121678
0.6,177,3,3680.2729990246794,0.010449821725326507,0.0005450868976204992
0.6,177,4,3707.558491981991,0.00814946942006084,-0.0009422485902057731
0.6,177,5,3731.6175219029546,0.02585484449603235,0.0014947496369385998
0.6,177,6,3756.1034450182487,0.015108930574910381,0.009141285082317404
0.6,177,7,3777.6194360472605,0.014098328602870443,0.0011358108920625882
0.6,177,8,3796.058306432186,0.012498860243698527,0.0011700247666453897
0.6,177,9,3823.0864613977424,0.02990760225246759,0.001911311463236351
0.6,177,10,3850.4600263136763,0.022559331213513768,0.007064072532322583
0.6,177,11,3876.5148429959067,0.020073711812593337,0.0031269524357044635
0.6,177,12,3901.0680970833077,0.018823173751888515,0.0019397202789409186
0.6,177,13,3921.107394502848,0.03470821246022518,0.00015161961711708248
0.6,177,14,3941.2473112763932,0.026228160032628754,0.003746160752659202
0.6,177,15,3961.0613141196964,0.020114795020973537,0.0018436508328939303
0.6,177,16,3980.2592835547625,0.01599881562187424,0.0007400680399540659
0.6,177,17,3993.1516719127685,0.031165994249748596,-0.0001930077198842524
0.6,177,18,4005.761392750535,0.020598873687232466,0.004735115332445253
0.6,177,19,4015.730564153631,0.015459750741256443,-0.00020768853441945377
0.6,177,20,4022.6076446444818,0.012377838987831343,-0.001872276422457118
0.6,177,21,4020.0760717370804,0.033623288162887,-0.005507168245433497
0.6,177,22,4015.6143791809027,0.02946772909314765,-0.0013631612639084037
0.6,177,23,4008.608917178685,0.027566086587621483,-0.002618057974151779
0.6,177,24,3999.2828388713824,0.024909548182560227,0.0017605969624525275
0.6,177,25,3982.675368749877,0.043308949052967845,-0.0015198254684738327
0.6,177,26,3963.1725196611924,0.04026181252154863,0.00055153155012705
0.6,177,27,3942.0617630489483,0.034466479571494624,0.00541669037673645
0.6,177,28,3918.341027173623,0.03179286176318908,0.004052650924282616
0.6,177,29,3880.8811954752823,0.04159976088883301,0.0021157873441509075
0.6,177,30,3842.440766724204,0.03311385411091282,0.0029408610234832903
0.6,177,31,3802.9309421665716,0.02496558726195786,0.003437171611539646
0.6,177,32,3761.818284378737,0.02069541392335445,-0.0005853382654525936
0.6,177,33,3700.6060763259475,0.03322019708929485,0.001096844562653792
0.6,177,34,3637.0809193700456,0.02572470966801668,0.005152234632500529
0.6,177,35,3570.438736310535,0.021072857008991287,0.0025623969705056773
0.6,177,36,3500.022911945892,0.017917472153622674,0.0015768305598745779
0.6,177,37,3409.557923936214,0.03276839541852294,-0.001338255686247711
0.6,177,38,3315.652249874126,0.02789005911295512,0.002608982124000584
0.6,177,39,3217.5812400188197,0.024787744321206843,0.001262444416934
0.6,177,40,3114.841658763346,0.02235571351880259,0.001034826224788683
0.6,181,1,3643.2218469066593,0.036428349036570225,-0.01840436175065576
0.6,181,2,3690.4306207999466,0.0240706109437203,0.005898022099411384
0.6,181,3,3737.762646648845,0.018337567069858198,0.000778810378662842
0.6,181,4,3785.65568356339,0.01499151171979277,0.000938857130525371
0.6,181,5,3831.426844812334,0.03128911664803137,0.0016886077966544964
0.6,181,6,3876.6227012336835,0.0262502661399691,0.005186123737741205
0.6,181,7,3919.9843267303036,0.023920031563986897,0.0022726436413380334
0.6,181,8,3961.279870448189,0.023843805675085535,0.0012864101118571988
0.6,181,9,4012.2550053532623,0.04024390506081765,0.0017642592128165413
0.6,181,10,4062.7084583032097,0.036816044058321694,0.003580888126574843
0.6,181,11,4111.6093425011895,0.03523606777486567,0.0028870475040500432
0.6,181,12,4159.04834398116,0.034182061360303974,0.0020305833735038904
0.6,181,13,4202.014722419973,0.04876549396113571,0.001106200489113417
0.6,181,14,4245.263743215954,0.04218098773901515,0.003095055073997062
0.6,181,15,4288.798182043292,0.03657077619915107,0.002320716028580613
0.6,181,16,4331.412917172811,0.03207403128829571,0.0010397304259401705
0.6,181,17,4366.801554702041,0.04494300226078899,0.0010833392162837433
0.6,181,18,4401.886272363173,0.03662340665812881,0.004406159227272954
0.6,181,19,4435.63955805534,0.03132388661715629,0.0010700276067921307
0.6,181,20,4466.385796677444,0.027646163750661704,-0.0019644603145527934
0.6,181,21,4487.902274987487,0.04848444058211344,-0.00699127583260038
0.6,181,22,4506.331637903036,0.048013784422868765,-0.0024947902531696994
0.6,181,23,4519.985032675108,0.05307246849098845,-0.012416369431589365
0.6,181,24,4530.792481358861,0.052033516864289836,-0.0004256159603814599
0.6,181,25,4534.356205296388,0.0670514845403147,0.0008244669926459949
0.6,181,26,4535.757435345687,0.06295675515248478,0.00787887514495809
0.6,181,27,4536.185460181088,0.057448915388059706,0.004511967149467407
0.6,181,28,4535.076951759721,0.053128004409173785,9.974172655917013e-05
0.6,181,29,4519.491290392792,0.060815053700507625,0.0054352792586633
0.6,181,30,4503.347955165667,0.05249303839092043,0.0036379376407901657
0.6,181,31,4486.749970119718,0.045396607801651494,0.0025480675740543507
0.6,181,32,4468.81573967058,0.03832124391875184,0.0023108509591371995
0.6,181,33,4427.865409989262,0.04943056311611481,0.0020776289643752908
0.6,181,34,4383.861353951807,0.04539246237556768,0.002775307197241486
0.6,181,35,4336.909000374518,0.04147282152397516,0.0010764127091467826
0.6,181,36,4286.913378326203,0.03887482699230019,0.0018366035285409727
0.6,181,37,4226.681879507006,0.05076584749811199,0.0024509700728131086
0.6,181,38,4162.764478447803,0.048590402575741924,0.0012672972083754323
0.6,181,39,4094.527306442063,0.0465500256591412,0.0013836938596486269
0.6,181,40,4021.8374552366586,0.04792166505309794,-0.004156925637461076
0.6,185,1,3659.6228084405657,0.042431165144545466,-0.011039364270300667
0.6,185,2,3721.6813944328746,0.034662611571560725,0.002349039163508218
0.6,185,3,3785.658286204162,0.02901499498386785,0.0012952028463357735
0.6,185,4,3850.703835829098,0.02515593330040505,0.0009593036219653859
0.6,185,5,3913.8136249341082,0.04105604566825651,0.0021184863164336277
0.6,185,6,3976.648962015232,0.038226009730409065,0.0037930798561310506
0.6,185,7,4037.86013377836,0.03755669388383782,0.0014414001245859219
0.6,185,8,4097.4304986376355,0.03652718008768266,0.0015183821728472489
0.6,185,9,4166.708662060487,0.052976156747662324,0.002156070454764466
0.6,185,10,4234.842826072132,0.05155045323512718,0.0024648705962008865
0.6,185,11,4301.3180954305735,0.0503088936551948,0.002028619953483663
0.6,185,12,4366.673569780224,0.049562334282702104,0.0027810347361486624
0.6,185,13,4428.042816221705,0.06333285848909936,0.0017254643059141177
0.6,185,14,4489.173844927094,0.05749926435942707,0.0023124320876599627
0.6,185,15,4549.32375751953,0.052394059325171397,0.0017054863933037337
0.6,185,16,4609.007715828308,0.04711247191847929,0.0022591991284249676
0.6,185,17,4661.970405515697,0.05866009057035651,0.0025675544914455246
0.6,185,18,4714.251494528753,0.05150783956235268,0.002751255626951317
0.6,185,19,4765.157382364791,0.04699380842614312,7.073169168843294e-05
0.6,185,20,4814.363624366613,0.04470809295814848,-0.0037622805961659406
0.6,185,21,4855.050097350597,0.062208512409720355,-0.00207412273486244
0.6,185,22,4892.470917875611,0.0657488331096106,-0.007467851123768339
0.6,185,23,4927.154912151697,0.06778263342140438,-0.003134969102741209
0.6,185,24,4959.655090408614,0.06604893296063258,-0.002574802683187279
0.6,185,25,4985.096010562053,0.08424143520818851,0.0011697434678468316
0.6,185,26,5008.020184986613,0.08296449114223467,-0.0009870479692929497
0.6,185,27,5029.873801283012,0.0787373641221715,0.00681965559973192
0.6,185,28,5049.861587150594,0.07404790048627513,0.005186876897067527
0.6,185,29,5054.0022338271765,0.08094569784758303,0.0036091634262048707
0.6,185,30,5057.085980043592,0.07409261498867266,0.0012144464473865407
0.6,185,31,5059.485211922783,0.06668180087507974,0.0005691002498107903
0.6,185,32,5061.50776048785,0.060237199460266705,0.004164545079378389
0.6,185,33,5038.386575962791,0.07004348131395015,0.00646696523806399
0.6,185,34,5011.925505144522,0.06562078432423543,0.0011086194629261817
0.6,185,35,4982.18107852859,0.061471293217726757,0.0010590249985698121
0.6,185,36,4949.111868974911,0.057528176637220006,0.0015297582856932076
0.6,185,37,4912.763722970214,0.06964041247416661,0.002281394251293376
0.6,185,38,4872.960429723555,0.06769996646972136,0.0033349996532074325
0.6,185,39,4829.953899364852,0.06671167051322144,0.0003350212714290988
0.6,185,40,4783.436465071686,0.06627125404753684,-0.00021783254713748113
0.6,189,1,3679.576233198865,0.04913084524849668,-0.00791345304648906
0.6,189,2,3761.088809910595,0.045833044347889346,0.0028450909743376147
0.6,189,3,3843.1120678794427,0.04170162771589587,0.000666183180772968
0.6,189,4,3925.3987135824773,0.0388915965125447,0.0006195479034068272
0.6,189,5,4006.210192888931,0.05458053440506891,0.0015632965841835557
0.6,189,6,4086.347007487305,0.052015054059486726,0.0035922211405778007
0.6,189,7,4165.416766910322,0.05194648079051959,0.0008381905280845606
0.6,189,8,4243.81516439813,0.051264067642691806,0.0020191966231843444
0.6,189,9,4331.914470733662,0.06783022980919053,0.0018193233504824392
0.6,189,10,4420.014500735509,0.06669335949386879,0.002753897121554312
0.6,189,11,4507.119236822749,0.06655192673123438,0.0022171892546185416
0.6,189,12,4593.19525012121,0.06624185198510021,0.0025262688532779382
0.6,189,13,4674.915919826431,0.07983910187779246,0.0014688302965654145
0.6,189,14,4756.571983283006,0.07468642017068737,0.0029925872163500842
0.6,189,15,4837.78756774891,0.0701525824118109,0.0024964656930350835
0.6,189,16,4918.983736759564,0.06464445674156467,0.0024622774579037775
0.6,189,17,4993.361998923374,0.07535430743020512,0.0025210087126793235
0.6,189,18,5066.873291961122,0.0700510101160095,0.0017479287681587852
0.6,189,19,5139.258628983536,0.06580356822077892,0.00010906753870300994
0.6,189,20,5208.563127982298,0.06711377717328176,-0.008024797638660956
0.6,189,21,5267.109308248925,0.08802923487601673,-0.009463372701389092
0.6,189,22,5322.489728147213,0.09103108526425155,-0.006271081620193663
0.6,189,23,5375.715126082372,0.09240222333682596,-0.0004385259034382032
0.6,189,24,5427.417546565487,0.08992655422356204,-0.0017320210562624934
0.6,189,25,5472.8212466345385,0.1023087251068812,0.004568654837699148
0.6,189,26,5517.814791505162,0.09698160210800043,0.005347694647567287
0.6,189,27,5562.99459904075,0.08905547000200334,0.008512893331246024
0.6,189,28,5607.625595633002,0.08314606404671356,0.004097923458670954
0.6,189,29,5635.253973006767,0.09073656272761153,0.0034247792323186897
0.6,189,30,5662.235470976567,0.08567079637861473,0.0009840647771753028
0.6,189,31,5688.689776523705,0.07891193795810143,0.004810356810294112
0.6,189,32,5713.685718431696,0.07384111449122789,0.004407072288534748
0.6,189,33,5710.280613590348,0.08593095561421087,-0.00032173379197129995
0.6,189,34,5703.582048999381,0.08280961927858838,0.0006294964001268423
0.6,189,35,5693.927230609796,0.07902754076231829,0.0048346445533991094
0.6,189,36,5680.537439456088,0.0773563757673297,0.0035134666424536548
0.6,189,37,5671.777451515029,0.09136306809643362,-0.0007057541133599564
0.6,189,38,5659.93134754832,0.09083319687414511,-0.0005415201223738022
0.6,189,39,5643.938972301629,0.09498141094873298,-0.004996089347846736
0.6,189,40,5623.176906796917,0.10202503284958833,-0.00822038069201139
0.6,193,1,3696.553337920385,0.056929254595010845,-0.0051138612171726635
0.6,193,2,3794.5270924070637,0.05689200446812263,0.0020730262036093494
0.6,193,3,3893.0812769252198,0.05561882488503146,0.000527288412475795
0.6,193,4,3992.03912033803,0.05295489327855545,0.000973310595247208
0.6,193,5,4089.5501277742374,0.06787126484906567,0.0015365692475812582
0.6,193,6,4186.436140715097,0.0678235790765645,0.0015699740393815198
0.6,193,7,4282.104333430637,0.06765402127581345,0.0011877266526138773
0.6,193,8,4376.9075329865755,0.06761821396666994,0.0017378603228290106
0.6,193,9,4480.5304969420795,0.0842544136334536,0.001295286285784402
0.6,193,10,4583.549570991882,0.0836029296309865,0.0024441841063085556
0.6,193,11,4686.4826928589155,0.08323729756035837,0.002872434664168819
0.6,193,12,4788.550027595716,0.08362844114794266,0.002651803449885963
0.6,193,13,4885.787745159236,0.09701907148580018,0.0016780892625652276
0.6,193,14,4982.472093118419,0.09292664546551678,0.002555148115669532
0.6,193,15,5079.128992614936,0.08810651976568826,0.0023607417451353943
0.6,193,16,5176.291768160479,0.0825751162574183,0.0036249026597435716
0.6,193,17,5266.524732347544,0.0935012596500501,0.002626765453867122
0.6,193,18,5355.723841026537,0.08959022469034741,0.0007715174913553927
0.6,193,19,5442.76149768777,0.08793028363794061,-0.0023655711298393952
0.6,193,20,5526.079508365639,0.09252460725560425,-0.012104177548016924
0.6,193,21,5598.998325052087,0.11281260401892018,-0.008374005114084504
0.6,193,22,5668.930717662099,0.116791411887092,-0.005239253898797083
0.6,193,23,5735.86569060929,0.11976251829308752,-0.0060635566405703965
0.6,193,24,5801.704779469257,0.11513359489622883,-4.021523087043473e-06
0.6,193,25,5861.347013268866,0.1257235339735935,0.00812402344636276
0.6,193,26,5921.442627121754,0.11843285690044845,0.004752880228792942
0.6,193,27,5981.835837021488,0.11129210339233236,0.009555625410190878
0.6,193,28,6042.733692579378,0.10309309433635742,0.0019169345554994324
0.6,193,29,6086.152501857008,0.11019586814319066,0.005026705971283593
0.6,193,30,6129.150844360029,0.10624418328608856,0.004543590990624646
0.6,193,31,6172.349464091876,0.1013531449458779,5.568311812668192e-05
0.6,193,32,6215.01553858451,0.09737415346365029,0.005953138643190863
0.6,193,33,6228.05029873125,0.10725862371856666,0.003952859602110867
0.6,193,34,6237.936942582149,0.10535342760705652,0.002490640198646073
0.6,193,35,6243.7368432349385,0.10382256418200872,0.002541417220352751
0.6,193,36,6245.554846792575,0.10193737020122873,0.0018413231921149448
0.6,193,37,6258.152116882064,0.11664149811027055,-0.0015029205597897734
0.6,193,38,6267.580183267269,0.12014607220468393,-0.0032987223509006753
0.6,193,39,6273.432483308527,0.12506836626847306,-0.004706605445844997
0.6,193,40,6273.721132025133,0.1361362282026838,-0.011386879678062555
0.6,197,1,3714.1561208256658,0.06365424832992475,-0.0024848025309684805
0.6,197,2,3827.6670328888913,0.0693821445000181,0.0006316994794894165
0.6,197,3,3941.1133546178253,0.06908237514235945,-0.0002594239292180941
0.6,197,4,4054.9917650957213,0.0672442090077165,0.0008852700351503183
0.6,197,5,4167.309481346508,0.08234614702195192,0.0012702593560409631
0.6,197,6,4278.903897475625,0.08232083007628667,0.0018591150895474135
0.6,197,7,4389.688634730935,0.08308961869416248,0.001199123605712529
0.6,197,8,4499.887410552878,0.08324927493621831,0.0013032282153004958
0.6,197,9,4620.134268308178,0.09889908338514056,0.002127534417905226
0.6,197,10,4740.4115457543485,0.09852510755114575,0.0026470119434124093
0.6,197,11,4859.727485533722,0.09906493192730362,0.0024065531303703582
0.6,197,12,4978.3807440141,0.09993044759904691,0.0022907449761421883
0.6,197,13,5092.773793744768,0.11266683511582574,0.0020194748553746715
0.6,197,14,5207.754057018669,0.10862556655779679,0.0030407868651760885
0.6,197,15,5323.401866879104,0.10439356099477465,0.0039895032983023
0.6,197,16,5439.196489820785,0.10031166519221484,0.003386165002009086
0.6,197,17,5547.9206596240365,0.1105569466374254,0.0027265330901636666
0.6,197,18,5656.169437353952,0.10660555186780994,0.0015700313896237156
0.6,197,19,5761.081647041902,0.11017074073868274,-0.011593718855536063
0.6,197,20,5862.44392028753,0.1148323453059816,-0.01088169257666107
0.6,197,21,5951.890506050284,0.13607940815309136,-0.011830685149008613
0.6,197,22,6038.681856240103,0.13820006923201297,0.0013354096104086545
0.6,197,23,6123.833848459608,0.13774660898166552,-0.005676565631541153
0.6,197,24,6207.318853972009,0.1359666648317432,0.0019848334511284537
0.6,197,25,6285.968900426828,0.1414371996151674,0.006566506676830479
0.6,197,26,6365.3205079024,0.1326757187863855,0.009275539294380434
0.6,197,27,6444.554997345522,0.1256426605563526,0.005783725260821317
0.6,197,28,6523.138114097524,0.12159930585977853,0.005449108275146913
0.6,197,29,6583.656858340045,0.12607771459466102,0.004635313872910446
0.6,197,30,6644.311869711735,0.11978537229384718,0.007389651336740399
0.6,197,31,6704.492459240924,0.11550345294719114,0.004627905983252676
0.6,197,32,6763.482156780874,0.1123914358878248,-0.000881099250919906
0.6,197,33,6790.542608733287,0.12344751522538115,0.003857035210057753
0.6,197,34,6814.668128074034,0.12214828184056192,0.004197376900894399
0.6,197,35,6835.674301093149,0.12039927040792707,0.006112138696009615
0.6,197,36,6853.649966612476,0.11887190906387275,0.0019195399013714075
0.6,197,37,6890.058640829176,0.1372209707700565,-0.007845486184810704
0.6,197,38,6921.1365633111545,0.1488280500674408,-0.013902860492163749
0.6,197,39,6945.939869828416,0.1636232133151412,-0.014227972347251927
0.6,197,40,6964.1574252447035,0.18103247189659566,-0.016072966325518044
0.6,201,1,3731.6562246574554,0.06902135359412141,0.0013136817069275325
0.6,201,2,3862.6210757086083,0.07902654772513248,9.219106664961153e-05
0.6,201,3,3993.1790367891754,0.0822038750011245,-0.0018673844462286763
0.6,201,4,4124.002445637325,0.08255134680086343,-0.0002709516014682583
0.6,201,5,4253.007180545772,0.09854613000449848,8.468132231109262e-05
0.6,201,6,4381.2355825144095,0.09881670718293337,0.0011564941770090158
0.6,201,7,4508.804918301666,0.09852226971478606,0.001275190923144863
0.6,201,8,4635.944217859142,0.09914383846950024,0.0014688628799031335
0.6,201,9,4773.220721242948,0.11485180112117117,0.0017017836714443729
0.6,201,10,4910.03742942947,0.11458628364428335,0.0028468122787250454
0.6,201,11,5046.351849899381,0.11543751954153299,0.0028677120982604897
0.6,201,12,5182.157608217692,0.11516655862082235,0.003138565531103498
0.6,201,13,5313.690002058932,0.12791612849281203,0.001977887203348553
0.6,201,14,5445.827667812962,0.12492411089783435,0.0032671566959139807
0.6,201,15,5578.105175944893,0.12100567670947285,0.0038100843376078536
0.6,201,16,5711.108474048965,0.1166725979381297,0.004085692758162467
0.6,201,17,5837.141034660757,0.1266261570052351,0.0037172472414393793
0.6,201,18,5963.628314852104,0.12176088224415448,0.004033132465512265
0.6,201,19,6088.083199538771,0.1241230293624822,-0.007440331522665453
0.6,201,20,6208.473656674055,0.13361157209611768,-0.019321820898452403
0.6,201,21,6316.276884809143,0.15836203557674192,-0.017356761427691002
0.6,201,22,6418.052477525631,0.17166007933153646,-0.01631285819076026
0.6,201,23,6516.492793092939,0.17480401083375996,-0.01134060648097493
0.6,201,24,6614.341193469486,0.17041895834188694,0.015519100425680943
0.6,201,25,6707.718478221947,0.1731658984617306,0.013178215665183056
0.6,201,26,6803.848672865836,0.15992658878248364,0.010820768016140599
0.6,201,27,6902.419725238861,0.14639747855844087,0.009460707251968754
0.6,201,28,7001.675575729937,0.13536916268649227,0.003948027843300661
0.6,201,29,7079.930048165933,0.14321032600298178,0.004393288663691345
0.6,201,30,7157.377771069916,0.14020510924309176,0.003783759940254713
0.6,201,31,7234.51245120885,0.13633981389396382,0.004175993697761129
0.6,201,32,7310.998335624232,0.1331902722551164,0.005259957600650173
0.6,201,33,7352.444970772133,0.14367716182895934,0.0054885500277560935
0.6,201,34,7391.198813993891,0.14077329056792934,0.005071546057468482
0.6,201,35,7426.893827463663,0.139305253150852,0.003356369090827563
0.6,201,36,7459.064050544887,0.13878160817352597,0.004494008813708556
0.6,201,37,7516.049672671228,0.15741842885473314,-0.007931272744653
0.6,201,38,7567.688841273556,0.17344684421849196,-0.01948208296096887
0.6,201,39,7612.227953214553,0.19484838801633025,-0.023460866819115387
0.6,201,40,7649.94217579998,0.21732554115889047,-0.02400135940463482
0.6,205,1,3746.7265790675697,0.07396591906910616,0.004153950945765387
0.6,205,2,3892.7664482617774,0.0871663839971714,-0.0016477402460512202
0.6,205,3,4038.5419336920795,0.09279016375981577,-0.0023400240284890852
0.6,205,4,4185.183489892778,0.09392319434816622,-0.0007418819969297801
0.6,205,5,4329.8405051286345,0.11131409708730976,-0.0002046176751678931
0.6,205,6,4473.5955007392995,0.11283499732894135,0.0008683601878295955
0.6,205,7,4615.614458069356,0.11384706933876045,0.0005914327333596986
0.6,205,8,4756.993920635626,0.11407172996416869,0.0015798837759447802
0.6,205,9,4908.736073541967,0.1291099733152871,0.002135627271865939
0.6,205,10,5060.309679934535,0.13002638480392653,0.0025397166435588005
0.6,205,11,5212.069211947597,0.13133809377302766,0.0033775767026339868
0.6,205,12,5364.009830371948,0.13175248333701717,0.003525428720574469
0.6,205,13,5511.933076929594,0.14428426670900446,0.0025157899556554923
0.6,205,14,5660.511636524888,0.14101859231573144,0.003381578469087512
0.6,205,15,5809.836203796676,0.1366324200685078,0.00429132145650531
0.6,205,16,5959.970042128311,0.132255083422736,0.004387304880016982
0.6,205,17,6103.1512693438735,0.14202229995328514,0.005462631099008152
0.6,205,18,6246.092379575084,0.1384957653511362,0.003474667385952806
0.6,205,19,6387.364104422016,0.13802131998954073,-0.0028292776872037018
0.6,205,20,6524.165146858757,0.14837938863606379,-0.022342044490023114
0.6,205,21,6645.3273930598225,0.1816261620955557,-0.033082335100639224
0.6,205,22,6759.5276086151425,0.19891810889806238,-0.027349583684708835
0.6,205,23,6871.413733083829,0.2023335095366126,0.0005402495249169965
0.6,205,24,6983.922806208837,0.1961859825894358,0.011368970348328612
0.6,205,25,7091.680652883976,0.19768406796783866,0.024246263121090104
0.6,205,26,7204.101425296788,0.1781734756100551,0.013625861586101304
0.6,205,27,7319.874169152562,0.16221394447951132,0.010199227802905216
0.6,205,28,7437.69036624873,0.15046569530665982,0.004368644079071267
0.6,205,29,7533.682454396554,0.15729006637221485,0.005044645559132622
0.6,205,30,7629.169062188431,0.15479437242238378,0.0031935037524613704
0.6,205,31,7723.52515809779,0.15223658333981832,0.005208397545414921
0.6,205,32,7817.663069631492,0.14919439132486362,0.006240830302510127
0.6,205,33,7874.487116055849,0.15970829646951942,0.004528173711345351
0.6,205,34,7928.399381954262,0.15806140410542466,0.004829778908406882
0.6,205,35,7978.939343221316,0.1569993885749273,0.003766592600766093
0.6,205,36,8025.608081273497,0.157819628130869,0.002263868174750085
0.6,205,37,8103.9269656093875,0.1756440768805456,-0.0075192029678375315
0.6,205,38,8175.955413775077,0.19590989298051062,-0.023762474254686288
0.6,205,39,8240.472485545957,0.21945353833915987,-0.024828372287256477
0.6,205,40,8296.141832046624,0.24932867929256675,-0.03095657100231668
0.6,209,1,3761.6739340115228,0.0798143956131323,0.006451138233316384
0.6,209,2,3921.1239516162673,0.09690480654227226,-0.0039466095289364565
0.6,209,3,4079.3578881956278,0.10504184914903479,-0.002559312706223321
0.6,209,4,4238.022396481421,0.10767727138955031,-0.0009141545743577942
0.6,209,5,4395.424816736872,0.124119876985088,-7.930955024039376e-05
0.6,209,6,4552.930443517239,0.1256642701420446,0.000519058673619867
0.6,209,7,4710.635248853534,0.12646754770671104,0.0008955714546403048
0.6,209,8,4868.130595008163,0.12782504265930847,0.0009754655507165054
0.6,209,9,5036.193261235189,0.14298759194648475,0.0022037610028772738
0.6,209,10,5204.503041333078,0.14371555622029003,0.002781426768037835
0.6,209,11,5372.116323114593,0.14497124207882503,0.0031464880671400078
0.6,209,12,5538.690743716238,0.14589476782482336,0.0032566520821495056
0.6,209,13,5701.23188938885,0.15770852441957645,0.003340233552466062
0.6,209,14,5864.460904222611,0.15397643801678043,0.004143289840105722
0.6,209,15,6028.681259567279,0.14966919911762913,0.004840273379255948
0.6,209,16,6194.102035896752,0.14562845037368535,0.00498803392997807
0.6,209,17,6351.481560401367,0.15556056987258687,0.004421943069081655
0.6,209,18,6508.532719379773,0.15137744715375873,0.004026211880379166
0.6,209,19,6664.228065722329,0.1521777051133549,-0.0037464962698405564
0.6,209,20,6815.963412248386,0.16112936705070469,-0.017115689280107118
0.6,209,21,6951.81182624641,0.19331524678355325,-0.030390587495791186
0.6,209,22,7079.622421772259,0.21535634237170478,-0.03371168622557065
0.6,209,23,7203.994028912033,0.22199578825918015,-0.010948174688589654
0.6,209,24,7327.930206589361,0.22070628394223935,0.009028749447002717
0.6,209,25,7446.98252049081,0.2236311957505739,0.02103492326863104
0.6,209,26,7571.713583711946,0.20498812234878191,0.018649095660456437
0.6,209,27,7700.520559383922,0.1893439200026247,0.014339001268578202
0.6,209,28,7832.96726401682,0.1732630906480966,0.004595492542539823
0.6,209,29,7943.633671305701,0.17726986518117932,0.0047601565271721295
0.6,209,30,8054.295339892662,0.17310160688548343,0.004429782011133488
0.6,209,31,8164.830367919304,0.16978467255171026,0.006420845067351271
0.6,209,32,8275.021463268224,0.16649411867816166,0.007240088626993493
0.6,209,33,8346.25180206892,0.17603895794393729,0.00450147400077623
0.6,209,34,8414.628965094038,0.1747150128486914,0.006603078002344987
0.6,209,35,8479.512457013567,0.17338715744423785,0.0028810358815954977
0.6,209,36,8539.946009324454,0.17521426381336652,-0.00012166719863924436
0.6,209,37,8638.486764334166,0.19142946925858162,-0.005673840610652302
0.6,209,38,8732.939258887374,0.2053976384630321,-0.01619223772355807
0.6,209,39,8820.026827330741,0.23237516485315154,-0.031920641829935974
0.6,209,40,8897.516556391754,0.26633207875316345,-0.036112195928504794
0.625,169,1,3723.5546794132124,0.024033440628662854,-0.05118641740652529
0.625,169,2,3701.1304809137378,0.003951618341287277,0.011976871170808007
0.625,169,3,3676.9182747193913,0.0020695603246657177,-0.002799304233056529
0.625,169,4,3649.964915624588,0.0018731711772527811,-0.0041284684814095005
0.625,169,5,3618.769032742582,0.020799315282786203,0.0010358231606670861
0.625,169,6,3588.302014937967,0.004201404044932742,0.014532717120306434
0.625,169,7,3554.9807859092657,0.0032555561724955436,0.0011885124413303807
0.625,169,8,3517.693772125555,0.003204424286845686,0.0008135474176415876
0.625,169,9,3488.360206081262,0.022530815887632238,0.001354574771280751
0.625,169,10,3459.8732039581073,0.008038493477842667,0.01282823753876592
0.625,169,11,3428.6487935662226,0.00641662060632729,0.001982527396029962
0.625,169,12,3394.481107979104,0.005125841166869677,0.0021341071032145906
0.625,169,13,3353.9979021125005,0.023351991711899566,-0.002684087235751753
0.625,169,14,3313.6016237046865,0.008423521166846188,0.007130235304774693
0.625,169,15,3269.7884384406916,0.005054660599800173,-0.0019152646670025808
0.625,169,16,3222.27362043679,0.0035644259318597703,-0.0036025245099652473
0.625,169,17,3166.1957850759936,0.02219322304947556,-0.00445288664084307
0.625,169,18,3110.2393804779363,0.005145285383187029,0.008237864288254121
0.625,169,19,3051.141892917554,0.0019418449288592728,-0.002121420463380044
0.625,169,20,2987.7215278854796,0.002328995430496349,-0.005954846169585704
0.625,169,21,2916.2071046184788,0.022445641199534405,-0.0036837269422880883
0.625,169,22,2844.040088644181,0.005990832587795214,0.011189911454609477
0.625,169,23,2768.1723817207317,0.0044792507136933645,-0.005011175578364548
0.625,169,24,2687.910554011671,0.004183080232259126,-0.0037488175117405477
0.625,169,25,2600.6143272021636,0.023087589757546413,0.0005986765508788857
0.625,169,26,2513.013038505518,0.0088859283756528,0.015414908483398587
0.625,169,27,2421.9340950844175,0.0067110191677132005,0.0003759688923635214
0.625,169,28,2328.394926162872,0.004242060040492216,0.0023045121878760176
0.625,169,29,2224.86791636643,0.020108893258333906,0.00010755147163696237
0.625,169,30,2121.1044441314057,0.008175246791705408,0.006454311616495287
0.625,169,31,2013.9997226245116,0.004357557339181041,-0.00145990447005574
0.625,169,32,1903.198847821819,0.0032047787977656523,-0.0037561660587309203
0.625,169,33,1778.1238613296257,0.019255754916818347,-0.0011358597040671567
0.625,169,34,1650.7519434768656,0.006611516477474333,0.0061913461268178534
0.625,169,35,1519.4064102051125,0.0034098904080101266,0.00110338089523601
0.625,169,36,1383.4127957805056,0.0022210919784170346,-0.002781602745055548
0.625,169,37,1203.6543185706128,0.019311402112894838,-0.001992533538919202
0.625,169,38,1020.5034650089098,0.00616687239143383,0.0105090623499434
0.625,169,39,831.9875638381355,0.0026916285478493034,0.0007400238485422664
0.625,169,40,637.3065902051616,0.0020192352316348505,-0.0014086791838525993
0.625,173,1,3744.125745802098,0.025457929046066537,-0.038353874331639205
0.625,173,2,3742.106901549165,0.008130693598839923,0.010334369086963929
0.625,173,3,3739.4351252260835,0.004255410217815383,-0.0009179554337840756
0.625,173,4,3734.8470855840924,0.0032873369430930274,-0.0014678493939265362
0.625,173,5,3726.2093747354697,0.022554626549300193,6.057101155321178e-05
0.625,173,6,3718.9267606341264,0.008377707681516711,0.012379687041249131
0.625,173,7,3709.3166638358657,0.007478817303873483,0.001054024686412895
0.625,173,8,3696.8038880787194,0.00681546344883212,0.0015636774291649723
0.625,173,9,3692.1806916228948,0.024683035071910785,0.001764724044881584
0.625,173,10,3688.0672436741347,0.013549218993331679,0.010161572567699046
0.625,173,11,3682.4002762693135,0.01117483178179877,0.002285285806019279
0.625,173,12,3674.052100100763,0.0107615805334105,0.0013094279005586018
0.625,173,13,3660.313713098158,0.027094142088242668,-0.0006319206342764862
0.625,173,14,3647.0137924170754,0.015232068873306847,0.005542841573704336
0.625,173,15,3631.3465547881083,0.011315297647024835,-0.0002534006173087088
0.625,173,16,3613.1336454306825,0.008427845446281362,-0.0012478372273858806
0.625,173,17,3586.4846232082946,0.02485860266680427,-0.0020016061999005336
0.625,173,18,3559.317889116432,0.01107443318238179,0.005918306023770508
0.625,173,19,3529.5578974262844,0.0064299301914663995,-0.0010239377705763557
0.625,173,20,3495.574028339853,0.00531696324484174,-0.0037533169626997407
0.625,173,21,3453.748780977727,0.02384324111441569,-0.0007168665613807645
0.625,173,22,3410.6863942808027,0.011204130021123443,0.007671063012045845
0.625,173,23,3363.064052659219,0.011328842541396671,-0.008092709173416613
0.625,173,24,3312.0802489362527,0.009421597784437317,-0.0037096856246322126
0.625,173,25,3254.188935784285,0.028207824438859497,0.001226772005882818
0.625,173,26,3193.756584659584,0.021298104905995714,0.011251546262458273
0.625,173,27,3130.0648484032977,0.017382270512031023,-0.0005707099942498732
0.625,173,28,3063.4990175988582,0.01450861173955998,0.0016677574154085795
0.625,173,29,2985.3751965575952,0.026971309818215328,0.0014586116266202774
0.625,173,30,2906.077577669256,0.018742256723068153,0.0035104167404263874
0.625,173,31,2825.2373296481805,0.012411924544686736,0.0007638869469209223
0.625,173,32,2741.8071248280053,0.009558468284176953,-0.0002205119645962706
0.625,173,33,2641.716510912803,0.02384425971457527,-0.0007316549255645637
0.625,173,34,2539.669801660147,0.014645370402148063,0.00650391420748504
0.625,173,35,2433.788941243403,0.010368442357360372,-7.796133309391577e-05
0.625,173,36,2323.3454300831636,0.007825641747136687,-0.00019035527435855767
0.625,173,37,2179.057889918766,0.023450669196831607,-0.0007407547112897411
0.625,173,38,2030.8751035602377,0.014686779697123852,0.005821642887189422
0.625,173,39,1878.6110088846171,0.010063811637119254,0.0014121349999521792
0.625,173,40,1721.6105148794416,0.007183775378400877,0.0011415499630374822
0.625,177,1,3763.7105632586604,0.029756691041503483,-0.02722132215202237
0.625,177,2,3780.7859066617307,0.01495794284434475,0.0071953470645824075
0.625,177,3,3797.4986243972703,0.009951525745972623,-0.0005201914711154173
0.625,177,4,3813.420205452677,0.0070490673196563665,0.000587711721372014
0.625,177,5,3825.802817312747,0.025203555207443627,0.000570078498496881
0.625,177,6,3838.100368898746,0.015205503389460386,0.008849167260699906
0.625,177,7,3847.952791307705,0.012668927949561454,0.0020847599899094815
0.625,177,8,3855.792930194182,0.011952801474076794,0.0016490585975106034
0.625,177,9,3872.642169535048,0.030214175343369527,0.001615612170908442
0.625,177,10,3889.3896751752836,0.022746506735187185,0.0068027699746102295
0.625,177,11,3904.0633850290237,0.02094350049257184,0.0023906896132194367
0.625,177,12,3916.749520833124,0.01943987149391135,0.0020824952202019727
0.625,177,13,3924.751608768805,0.03455230763169017,0.00041920381967562516
0.625,177,14,3932.333203456447,0.025921589144233228,0.003433522387229618
0.625,177,15,3939.151592697669,0.020196383874048773,0.0013663387189810047
0.625,177,16,3945.5768383377895,0.015199948897174749,0.00122989888361067
0.625,177,17,3945.6524428579546,0.031146183212912477,-0.0009969105545791497
0.625,177,18,3945.725936504779,0.020249271148745078,0.005337925837572176
0.625,177,19,3943.195925922641,0.016051954929290367,-0.001578919205831786
0.625,177,20,3937.8158544741923,0.012006626055803344,-0.0004770681794417422
0.625,177,21,3922.888857475598,0.031607613332770935,-0.004392738707097143
0.625,177,22,3905.530759721573,0.02525053732831857,0.0018630925559699285
0.625,177,23,3885.5405315691305,0.022502664669908152,-0.0035932879329411073
0.625,177,24,3862.754709931258,0.019711865581903097,-0.00046001646003381686
0.625,177,25,3832.601587588366,0.03764750864534232,0.00044634403510317763
0.625,177,26,3800.135131385647,0.033582867011669564,0.00450872291609443
0.625,177,27,3764.8622692691383,0.030174630588523446,0.0026404635984619428
0.625,177,28,3726.6758752739493,0.027509592636337683,0.0033283755459358527
0.625,177,29,3675.2340461854574,0.039569421292276044,-0.00046038579172172497
0.625,177,30,3622.934234371573,0.032273368268215204,0.002692065911130054
0.625,177,31,3569.1648639901196,0.02499992290807061,0.004618831465911711
0.625,177,32,3513.1688452897984,0.020440216181144857,-1.612576194061534e-05
0.625,177,33,3437.4313264273237,0.03313399132085708,0.00021126313167793925
0.625,177,34,3359.113452484742,0.026852937578282204,0.002510536416019878
0.625,177,35,3277.90528781708,0.021008589768391095,0.004264240929934055
0.625,177,36,3193.449671503914,0.01850429581652244,-0.0009167230073379618
0.625,177,37,3085.4318506453587,0.03213936623167162,0.0010279525493108175
0.625,177,38,2973.5827000609424,0.026371480623277224,0.002471668880959941
0.625,177,39,2857.430141676959,0.02235235898400191,0.0030033294916301085
0.625,177,40,2735.63879128165,0.019464751354402687,-0.0007497690159401197
0.625,181,1,3785.248773546945,0.036033678222076704,-0.017513739149502872
0.625,181,2,3823.6726820982813,0.024455668230912705,0.004593264918525452
0.625,181,3,3862.916357494101,0.017848983405774958,0.0012561317368099815
0.625,181,4,3901.6867821680294,0.015025227397895247,3.748498512887494e-05
0.625,181,5,3937.6834884169893,0.03169652162896958,0.0012294874178093009
0.625,181,6,3972.871797625307,0.025215284769823876,0.005908882830796703
0.625,181,7,4006.320314521909,0.023289650242236216,0.0021195361861267325
0.625,181,8,4037.767475568786,0.02307169091816364,0.0011221405615695187
0.625,181,9,4077.4414392770695,0.040128236210370614,0.0015267348807726808
0.625,181,10,4116.449132321586,0.034969428924575705,0.004685265253339643
0.625,181,11,4153.862807855117,0.03313747371143548,0.002514548264743875
0.625,181,12,4189.0924063480525,0.03196966568413531,0.0024113289832853476
0.625,181,13,4219.7238210191035,0.046378933406834265,0.0006289360389306174
0.625,181,14,4250.013778407324,0.03942273751895762,0.0037187890632940147
0.625,181,15,4279.492810484474,0.034137367735202276,0.0011625402957855927
0.625,181,16,4308.594275644669,0.028984449752980902,0.001275077753714684
0.625,181,17,4331.1925416520935,0.04182788472745269,0.001151220812054237
0.625,181,18,4353.527990187809,0.0332650387540866,0.004017070750140408
0.625,181,19,4373.735028310068,0.02796906837420128,0.001002860338314812
0.625,181,20,4392.3762948829,0.02419017500555445,-0.00016268090106898487
0.625,181,21,4402.2078024083185,0.044861603011850805,-0.006582819095217606
0.625,181,22,4409.6380281289485,0.044788174418475074,-0.004525052518718977
0.625,181,23,4413.7970293595345,0.04448914438811902,-0.0020898042046817032
0.625,181,24,4414.263946292155,0.04564584330022772,-0.004312369347417592
0.625,181,25,4407.1658445790035,0.06235251550306981,0.0012438719205517998
0.625,181,26,4397.9060148732015,0.059476497575578144,0.0019942934711025314
0.625,181,27,4386.028272414916,0.057210947610770835,0.002668278448186716
0.625,181,28,4371.739127348273,0.05342742247050598,0.005383951869745747
0.625,181,29,4342.65513887899,0.06291020366641649,-0.0018737599969773065
0.625,181,30,4313.572468237019,0.05321713479325381,0.007729981437952993
0.625,181,31,4283.364036924619,0.045237695448893625,0.0032727286152668803
0.625,181,32,4251.84084252305,0.03794771045839158,0.0018912264945151025
0.625,181,33,4197.942769583385,0.04856544261704084,0.0015635267909657258
0.625,181,34,4141.282945236048,0.04266684070772534,0.004027048813906795
0.625,181,35,4081.1791131955915,0.038186807223207705,0.002601811252190191
0.625,181,36,4017.456541805566,0.03543098314027004,-0.0001905861460157898
0.625,181,37,3939.107599976482,0.04963771122997389,-0.0011058898635209384
0.625,181,38,3857.1139214654236,0.04701564232197489,0.002198445399042498
0.625,181,39,3771.5408017239574,0.04443435782635019,0.0024992577506258644
0.625,181,40,3682.21069103445,0.043596550483504984,-0.000695589189913997
0.625,185,1,3803.7635917152907,0.04240034966458688,-0.011559668936635563
0.625,185,2,3859.5283268290445,0.034839242458983066,0.002759229778437026
0.625,185,3,3916.1271401624626,0.029958613004144444,0.0007322307977871246
0.625,185,4,3972.8144500007274,0.026175705664281367,0.000912366545038784
0.625,185,5,4027.6182031517155,0.04112456861508716,0.0027459738303777857
0.625,185,6,4081.7569889329106,0.03768672049971226,0.003745282078631474
0.625,185,7,4133.540150097674,0.03641340877536656,0.0016869353448178608
0.625,185,8,4182.896724567935,0.035900922044411636,0.000688279787918323
0.625,185,9,4242.383994975274,0.051524006486128246,0.002515372140129156
0.625,185,10,4301.711933993384,0.05009398988336864,0.0028115898021198586
0.625,185,11,4359.06422781599,0.04962303470554275,0.002093272929289756
0.625,185,12,4414.501723430035,0.04884066560390374,0.0021187691720727106
0.625,185,13,4464.734697465444,0.06274798743390858,0.0008689941938369413
0.625,185,14,4515.294360515867,0.05646997280757914,0.003199216350130481
0.625,185,15,4566.0514681228315,0.05090969008759647,0.0025713038272731125
0.625,185,16,4616.156947349012,0.046568303345554375,0.0015834716140731844
0.625,185,17,4659.212025846388,0.057872992018080285,0.0017892093176312073
0.625,185,18,4701.345126206773,0.05089650232148511,0.0021429245707340534
0.625,185,19,4742.407610866848,0.046068778052269214,0.0007440331863241334
0.625,185,20,4780.801590893138,0.04432994567168474,-0.004326555843616868
0.625,185,21,4810.055961614777,0.06315832322587574,-0.0049465200713408874
0.625,185,22,4836.604109024465,0.06425113799709194,-0.0026575002688687894
0.625,185,23,4860.622901299744,0.06509487781739592,-0.002673758328362726
0.625,185,24,4881.560048857764,0.0674678291515524,-0.008600922023203592
0.625,185,25,4895.627809487783,0.08324893070828053,0.00086904229211285
0.625,185,26,4908.839252147119,0.07795470063100202,0.006711944933518203
0.625,185,27,4919.611980514258,0.07604811608329086,0.005093328264753025
0.625,185,28,4928.027593269377,0.07235462787565022,0.005782162895596647
0.625,185,29,4921.523818406493,0.07782855614556963,-0.0005407657225201214
0.625,185,30,4914.951934431157,0.06923568623980013,0.004251268711441375
0.625,185,31,4907.419294409955,0.06267964830394566,0.004262309276274291
0.625,185,32,4898.624088665619,0.05613252065665854,0.0024167839451716146
0.625,185,33,4864.266583200135,0.06812785512943029,0.0008237366228212678
0.625,185,34,4826.272052768132,0.06427502857720732,0.0026345936702629686
0.625,185,35,4785.645949719127,0.06001645455739203,0.0009064268306639293
0.625,185,36,4741.09456565703,0.05693376068930053,0.0032570385946816827
0.625,185,37,4691.032478423384,0.07002742703260192,0.00016225108971111517
0.625,185,38,4636.788292197152,0.06836796434040351,0.0014266029152300666
0.625,185,39,4579.469980876145,0.06609093158428878,0.0023837280738960675
0.625,185,40,4517.5146284005905,0.06584135180265863,-0.00024875385599534166
0.625,189,1,3821.200017274348,0.04897625346147802,-0.007876964130781747
0.625,189,2,3894.5959127259803,0.045389073340349397,0.0027006688523266665
0.625,189,3,3969.398483612556,0.04128523547329895,0.001120197310897965
0.625,189,4,4044.792360304279,0.0388249498945787,0.0008692090713610944
0.625,189,5,4118.0857958668685,0.05333167819104927,0.0020953342711196423
0.625,189,6,4189.756434986492,0.05175539770269812,0.0025213142921559047
0.625,189,7,4259.766576286609,0.051034330361561936,0.001255865573910849
0.625,189,8,4327.867562820865,0.05184220791339052,0.0012616912563411303
0.625,189,9,4404.833068582057,0.06870138019656676,0.00153504342518368
0.625,189,10,4480.868042251558,0.06811760701769434,0.00214646067418315
0.625,189,11,4556.140649176854,0.06718379918178491,0.0029841860067835392
0.625,189,12,4629.659609800245,0.0668981688852063,0.0019263241982392693
0.625,189,13,4698.0455329292545,0.07937243935738507,0.0018305956916119684
0.625,189,14,4765.417516244172,0.0753223660051833,0.002267705258952586
0.625,189,15,4832.489920085306,0.06972656034541365,0.0022133633189196176
0.625,189,16,4899.097091361173,0.06406297262813013,0.0029654358935869716
0.625,189,17,4958.4567946886355,0.0750059700421681,0.0021419522068054702
0.625,189,18,5017.633353113635,0.06831920821229694,0.0031904777993946812
0.625,189,19,5075.860599559295,0.0638238834568807,0.0004183707985752677
0.625,189,20,5130.276605472089,0.06680738580602023,-0.011893244508777013
0.625,189,21,5175.286341367152,0.08523804678646041,-0.004354235429381637
0.625,189,22,5217.226431454311,0.0881395672053729,-0.0037139880401557564
0.625,189,23,5255.6657872381675,0.09212918658079554,-0.003503313225975291
0.625,189,24,5293.097055060148,0.08854128566257573,-0.0026185583350459792
0.625,189,25,5323.633690441511,0.10198705040508615,0.00232993618513676
0.625,189,26,5353.245964760896,0.09814116703015499,0.002671421342774778
0.625,189,27,5381.905432955489,0.09376974426172148,0.009449590283744346
0.625,189,28,5409.429934386102,0.0895186407249444,-0.0014333344726958634
0.625,189,29,5420.697272619948,0.0968631066664737,0.005185479683808203
0.625,189,30,5432.025346134548,0.0890673542491491,0.004706883328777598
0.625,189,31,5441.742504898637,0.08314616348588076,0.001446079589442937
0.625,189,32,5450.247994779786,0.07753313881910347,0.002433362682739882
0.625,189,33,5431.412307875268,0.08795588715480436,0.0017119777209034868
0.625,189,34,5409.987987096573,0.08458054216969355,0.0023952457174799082
0.625,189,35,5385.823300638808,0.08084275751394328,0.002843415367012649
0.625,189,36,5358.216585834084,0.07700538921915631,0.0050986880583478705
0.625,189,37,5331.86640382355,0.08867466002268796,0.0026660560164056533
0.625,189,38,5302.347424379251,0.08710826613861639,-0.00025462725228819896
0.625,189,39,5269.631185903879,0.08684020108364755,-0.0003274907570129645
0.625,189,40,5232.533698639337,0.09145918223142695,-0.004871184265224657
0.625,193,1,3839.538228674794,0.056143680046135444,-0.00537765260856582
0.625,193,2,3929.8208364545853,0.05719899076972882,0.002204903891404196
0.625,193,3,4020.5534657299845,0.05551248021800997,0.0003414285469028521
0.625,193,4,4111.846637552459,0.052940658406061845,0.0010630702192571371
0.625,193,5,4201.193989963537,0.0675309837058984,0.001467933135190974
0.625,193,6,4289.146807244771,0.06610862045649406,0.0018276301019161413
0.625,193,7,4376.100317382655,0.06579950571653695,0.0015867844797223935
0.625,193,8,4461.918243886298,0.06623330895430116,0.0019825895564474223
0.625,193,9,4557.4058013440645,0.08219680719217184,0.002010103429390662
0.625,193,10,4652.08214712245,0.08272479444512146,0.0019432873085078956
0.625,193,11,4746.2114713273595,0.08272282825027347,0.0024441297330422226
0.625,193,12,4839.589402805986,0.08285350181589687,0.002821574790904367
0.625,193,13,4928.713649344712,0.09534755831335011,0.0019276686825822574
0.625,193,14,5017.457860113366,0.09160872182874841,0.0024402632738379326
0.625,193,15,5105.772680201907,0.0870560550015928,0.002374982301986061
0.625,193,16,5194.055195538464,0.08195484487322441,0.002727273543508708
0.625,193,17,5276.162240016614,0.09205349684103958,0.0033495640576451393
0.625,193,18,5356.446949693758,0.0888156416022587,-0.0004850558023340616
0.625,193,19,5434.149774004181,0.08673222343412391,-0.0032875662186393523
0.625,193,20,5509.708868239289,0.08679130798293135,-0.004940089473976583
0.625,193,21,5575.2721986404595,0.10852611885515256,-0.012799617272451094
0.625,193,22,5638.30101406329,0.11002954996894301,-0.0018400555403699037
0.625,193,23,5700.295631813204,0.10657055847523791,0.0028218566714319797
0.625,193,24,5760.4584057694565,0.10420841672130436,-0.0009921164694808731
0.625,193,25,5813.867580140742,0.1161459908993254,0.005635456595361355
0.625,193,26,5867.382989426666,0.10883651010815036,0.0016097074659876449
0.625,193,27,5920.465583190322,0.10293983971371586,0.005622255158823194
0.625,193,28,5971.854510869789,0.1001558689452466,0.005466349927342954
0.625,193,29,6004.345381354915,0.10796600715119767,0.0022729232499057337
0.625,193,30,6036.132766698643,0.10215537606823806,0.006165655999915582
0.625,193,31,6068.309800869491,0.09575283477001427,0.0028273442668522997
0.625,193,32,6100.4160134029435,0.09165247698537321,0.002108445239387064
0.625,193,33,6103.402196764238,0.10150402188932504,0.004212985528468092
0.625,193,34,6103.078096292529,0.10050820521041047,0.001058074451758953
0.625,193,35,6099.226351362793,0.09920631972036781,0.0025463498833550122
0.625,193,36,6091.1740623761125,0.09957180548928377,-0.000946522504696541
0.625,193,37,6092.5633428442125,0.11266902055297451,0.00020408743963801294
0.625,193,38,6090.767773427457,0.11482772411106532,-0.0019616261575106358
0.625,193,39,6084.605690536901,0.11875795599471725,-0.0022409160048645167
0.625,193,40,6073.660583177334,0.12491125730038738,-0.006967501734706144
0.625,197,1,3858.4778688818124,0.06428291203969706,-0.0023089934310507854
0.625,197,2,3967.087590957543,0.06915773669380249,0.0008651822976524524
0.625,197,3,4075.055891494471,0.06989468460602286,-0.00041650676515627983
0.625,197,4,4183.171597501868,0.06843078285506242,0.0007931792600177352
0.625,197,5,4290.0318504615225,0.08335542881760598,0.0014537323337502656
0.625,197,6,4395.795205011929,0.08343197334962196,0.0011925319349602064
0.625,197,7,4501.120882288628,0.08311496479369418,0.0017568007041179586
0.625,197,8,4605.302102903063,0.08356108280854249,0.0009358818641537277
0.625,197,9,4719.734024398054,0.09888571836110525,0.0023434917225423086
0.625,197,10,4832.906495378005,0.09935847084097887,0.002100608318010808
0.625,197,11,4944.756608702713,0.09962976239428788,0.002141372298968027
0.625,197,12,5055.486187944192,0.09986161022244414,0.00329463908625357
0.625,197,13,5161.7162826149,0.11190834295062799,0.002575275942852846
0.625,197,14,5268.4967883951795,0.10843852691072331,0.002873308803533352
0.625,197,15,5375.472199415899,0.10433523314998887,0.0023203029418845597
0.625,197,16,5483.095812511664,0.09969108506716849,0.00361480672103621
0.625,197,17,5583.536511382259,0.10966371091946094,0.003330840090018889
0.625,197,18,5683.5962253497555,0.10608217842137076,0.0011998536137346545
0.625,197,19,5781.888652065788,0.10538001176188264,-0.004160908766653226
0.625,197,20,5876.326812877916,0.11013477475011119,-0.012402573439177026
0.625,197,21,5958.6139131093705,0.1348924195369212,-0.01808677021890123
0.625,197,22,6037.598575625305,0.13953305456090923,-0.0025210728708692557
0.625,197,23,6115.018635946687,0.1372107906727558,-0.0020642849790774567
0.625,197,24,6191.388640421218,0.1335082680905687,0.005475632231982886
0.625,197,25,6261.318966329672,0.14146942564066253,0.00824828179087622
0.625,197,26,6332.3059702324235,0.13071146960927113,0.005313481122820916
0.625,197,27,6403.841754127957,0.12188978711349167,0.007239828232791957
0.625,197,28,6474.60030087041,0.11758712013080291,0.0030283048521625657
0.625,197,29,6526.417781725925,0.12475320760098661,0.004737825722381617
0.625,197,30,6578.687858102526,0.12023423161886065,0.0034838547567759967
0.625,197,31,6630.234296732403,0.11645393920523199,0.0048210825263911026
0.625,197,32,6680.579310178472,0.11253615984338224,0.0028271554687515415
0.625,197,33,6698.5880523598435,0.12275830956836012,0.004385384274297886
0.625,197,34,6713.9092110841675,0.11933062354339728,0.004068133830619723
0.625,197,35,6725.792074681526,0.11755633609983375,0.004626643420412466
0.625,197,36,6734.876238637663,0.11545930893339532,0.003370587845990503
0.625,197,37,6760.8091233389405,0.1332903502263334,-0.006276553595875425
0.625,197,38,6782.104262323587,0.14559420779634175,-0.015060100118490129
0.625,197,39,6797.786747336278,0.1578245228909198,-0.012740087801086403
0.625,197,40,6807.801609708546,0.171232271918544,-0.008455161889942196
0.625,201,1,3876.000722891549,0.06945491099654202,0.0009209056529876657
0.625,201,2,4001.481685595091,0.0781290386530576,0.00034516525931867415
0.625,201,3,4126.161218902994,0.08149050268942061,-0.0015650665178888023
0.625,201,4,4251.245326047376,0.08171179529624627,-0.00036099869236721425
0.625,201,5,4374.652106005726,0.097706189407587,0.0003250182288243244
0.625,201,6,4497.323751831291,0.09820714777720241,0.0013685120164156491
0.625,201,7,4618.688800643507,0.0992344788197701,0.0008275580819884562
0.625,201,8,4739.114541356078,0.09969840944600745,0.0011807133040030102
0.625,201,9,4869.305007385152,0.11497301546061292,0.0017576694571280933
0.625,201,10,4998.651915957807,0.11551012556622484,0.00235997961698183
0.625,201,11,5127.007784638342,0.11590597423378327,0.0022650729224782317
0.625,201,12,5254.472835341082,0.11598748171456023,0.003364748262232754
0.625,201,13,5378.049689985344,0.12749433680809968,0.0032271497285927962
0.625,201,14,5501.683864777156,0.12415054524048262,0.0032717853162010004
0.625,201,15,5625.952493978847,0.11976479820386204,0.003448751372292206
0.625,201,16,5750.114019027426,0.11545778081857122,0.0036600036057925344
0.625,201,17,5866.232462254172,0.12681359301208847,0.0024745685261360903
0.625,201,18,5982.641557887216,0.12285817809193032,0.0023470795658018786
0.625,201,19,6097.862002040122,0.12350914514638989,-0.0050474962997786805
0.625,201,20,6209.011570836211,0.13010731724883456,-0.013141573802345928
0.625,201,21,6307.123159654847,0.15755542598266356,-0.02545403498385534
0.625,201,22,6401.727002998617,0.1648662076462072,-0.009009308980700294
0.625,201,23,6494.3890989732845,0.1652688461801463,-0.002338851681789115
0.625,201,24,6585.668563791885,0.162162900430069,0.00467962015694924
0.625,201,25,6671.772705144104,0.1673870597938751,0.015317492390329708
0.625,201,26,6760.644725516485,0.15133656968327502,0.010995346397674086
0.625,201,27,6850.121852911009,0.1408411221901596,0.006246587075819766
0.625,201,28,6939.747237286205,0.13341617887041218,0.005520352687455223
0.625,201,29,7008.144619221729,0.1404420161892647,0.0026601586472838608
0.625,201,30,7075.790222434551,0.13681202548020321,0.004140686277545547
0.625,201,31,7142.4912471137,0.13316951708295388,0.00447159976426689
0.625,201,32,7208.172662339574,0.13053822213549543,0.005560395283787526
0.625,201,33,7240.377984246657,0.13996665809370254,0.0046454362130691155
0.625,201,34,7269.445482202884,0.13834556448223564,0.004196534376677946
0.625,201,35,7295.3585138915805,0.13726924161391263,0.004231683986323039
0.625,201,36,7318.16539359213,0.13666076579113726,0.00022023087895928494
0.625,201,37,7364.507208419541,0.15402996523702583,-0.004852581747403331
0.625,201,38,7404.9552345622205,0.17089094784672967,-0.021741242139761204
0.625,201,39,7439.582892264591,0.18651132108246304,-0.011922884236550062
0.625,201,40,7467.342599361865,0.20817182042314272,-0.022932383171148853
0.625,205,1,3891.4894701778717,0.07364149330413107,0.004321417837091871
0.625,205,2,4031.1036143383712,0.08647748825460376,-0.0020666483501181076
0.625,205,3,4170.416032059365,0.09291688318946163,-0.002500804629216224
0.625,205,4,4310.3877857713305,0.09494455053730956,-0.0009076924811291693
0.625,205,5,4449.715461678351,0.11130727355980535,0.000669034553482769
0.625,205,6,4588.248752831203,0.1133040006890965,0.00024322702594183065
0.625,205,7,4726.155704917455,0.11455994958242549,0.0006311792243470104
0.625,205,8,4863.10324290824,0.11524645031108029,0.0011504924506319412
0.625,205,9,5009.7174078900625,0.13072683143148645,0.0018755290602372541
0.625,205,10,5155.668904109526,0.1316686209269007,0.002392460206105999
0.625,205,11,5302.004436721779,0.13247328053802146,0.002937446808954803
0.625,205,12,5448.197154080007,0.13285850887519124,0.0032194399666227148
0.625,205,13,5590.512748059263,0.14478336698586317,0.002705765946222816
0.625,205,14,5732.449484952787,0.1416859979617625,0.0033575495948149747
0.625,205,15,5874.7002229068485,0.13757625370094942,0.003801488390480104
0.625,205,16,6017.273938999379,0.13354312591321482,0.005105599522127362
0.625,205,17,6152.462941095521,0.14337711453935764,0.0036676068527955585
0.625,205,18,6287.886642183853,0.138592104687735,0.004723587538377453
0.625,205,19,6421.705611806327,0.13910374669446265,-0.005082850773738016
0.625,205,20,6552.660368333171,0.14366239169184486,-0.008961329774928846
0.625,205,21,6668.68249841844,0.17391986333807047,-0.0286496380279205
0.625,205,22,6776.263044527104,0.19455683800594015,-0.030710050039695187
0.625,205,23,6880.055736461754,0.20137171971273307,-0.012537612239117629
0.625,205,24,6983.6724751055635,0.19878031790178005,0.0020567451485499714
0.625,205,25,7080.823101637487,0.20688836203152064,0.02430306674591465
0.625,205,26,7181.591320333496,0.19046194585738402,0.01633144459410501
0.625,205,27,7286.277202025141,0.17296422219215982,0.010100054259188153
0.625,205,28,7393.8132789830715,0.15769821913533377,0.0095314173181963
0.625,205,29,7480.13243522664,0.16104074013620975,0.0032116515859095833
0.625,205,30,7566.377679375783,0.15694011891807813,0.0058227589787894
0.625,205,31,7652.576749504301,0.15289395899390362,0.003897690780128983
0.625,205,32,7737.680774863878,0.15066477062778047,0.004365504713796802
0.625,205,33,7785.99524038162,0.16093662310325652,0.005283125431877905
0.625,205,34,7831.252573923682,0.15968114789918136,0.0043590603839468904
0.625,205,35,7873.808913994874,0.15781067632648849,0.005652258993044228
0.625,205,36,7912.815391808025,0.15734593695869412,0.0035867194136675468
0.625,205,37,7982.674956074471,0.17282797645941889,-0.003032291961102274
0.625,205,38,8047.202174527922,0.18549265013093505,-0.015168411683211643
0.625,205,39,8103.332747034201,0.21271175491722452,-0.03544764749296377
0.625,205,40,8152.1661990764105,0.2359285839349645,-0.02008599353571132
0.625,209,1,3906.5985746769597,0.07855166628584337,0.00623091818979118
0.625,209,2,4061.4579309312126,0.09437615448485893,-0.0035214502027622802
0.625,209,3,4215.384448301347,0.10289381980971408,-0.0023842518097208234
0.625,209,4,4369.337431865682,0.1061592996993493,-0.001222093608274625
0.625,209,5,4522.065841116385,0.12255319748704202,-5.3968271560335493e-05
0.625,209,6,4674.621568412137,0.12455654450154847,0.0005873664932427717
0.625,209,7,4827.195745364332,0.12574817134606922,0.0008432349568478789
0.625,209,8,4979.520379887866,0.12746864221051044,0.0008000257956491857
0.625,209,9,5142.153462887125,0.14281070982074479,0.002333930623353478
0.625,209,10,5303.808852074731,0.14455629370073303,0.0022736712065280712
0.625,209,11,5464.746636923965,0.14541828889293731,0.0026711582846834464
0.625,209,12,5625.190771311286,0.14589023391167324,0.0031708062356188304
0.625,209,13,5781.722283634008,0.15723178873173263,0.0038983575073985284
0.625,209,14,5938.795847485872,0.15355798357496095,0.004010337144539281
0.625,209,15,6097.14072158818,0.14964983508220514,0.00447377619833201
0.625,209,16,6256.258244287021,0.14578146036493442,0.0049515248055607775
0.625,209,17,6407.816237129793,0.15550277945922095,0.004707628779486647
0.625,209,18,6559.362470992911,0.15168376822778076,0.0041898927713643775
0.625,209,19,6711.277229735075,0.14851523981932352,0.00256855951038634
0.625,209,20,6860.001424321384,0.15533261751590724,-0.013066736794361284
0.625,209,21,6993.05073837661,0.1871329286505469,-0.03157960334900602
0.625,209,22,7118.1468679361105,0.20959036877007778,-0.03746454484424575
0.625,209,23,7238.053210389728,0.2214888183377647,-0.017130572237184113
0.625,209,24,7357.7501362865005,0.2183786338304375,0.009799769681303687
0.625,209,25,7471.38782286988,0.2244222922436214,0.02103482952076068
0.625,209,26,7588.702259221543,0.20820863678685353,0.025326680934544078
0.625,209,27,7712.352378992287,0.1846178069429802,0.01374281838571581
0.625,209,28,7839.612991656487,0.16955688087015927,0.0031029843203233968
0.625,209,29,7944.097956814059,0.17525459758608136,0.0054302190303351615
0.625,209,30,8047.612450474227,0.17223446157857877,0.001900159884022372
0.625,209,31,8150.21743441546,0.16827721732199497,0.005054622504885759
0.625,209,32,8252.531315757715,0.16557170137797647,0.006824917420880516
0.625,209,33,8316.590468720122,0.17514349179614763,0.006739739428890031
0.625,209,34,8377.734480448746,0.17348674711255907,0.005493083833822876
0.625,209,35,8435.864433578483,0.1716242129426633,0.004618181675159872
0.625,209,36,8491.221237224589,0.17017579097010066,0.004641567524444473
0.625,209,37,8583.860646705582,0.18496438421385894,-0.004433201692076743
0.625,209,38,8671.525427937982,0.19917774349799178,-0.01762426672950184
0.625,209,39,8750.965255860361,0.22600936489983772,-0.03143254683673038
0.625,209,40,8820.941305872922,0.25696600761384514,-0.03201272826362647
0.65,169,1,3861.881999107653,0.024091308911735984,-0.05223353777074429
0.65,169,2,3828.108570667183,0.003979475151301154,0.011990800767851471
0.65,169,3,3792.4635370335145,0.0019098666169088546,-0.0027712146834736003
0.65,169,4,3754.2991253084565,0.0015730626043729404,-0.0025093333560397887
0.65,169,5,3712.0074689379076,0.021129072165999463,0.00038856499101397443
0.65,169,6,3669.6345362824845,0.005398007926196566,0.013811300605587386
0.65,169,7,3624.3641187700414,0.0028637639797155496,0.0022824371540710025
0.65,169,8,3575.926211724466,0.002693516333181496,0.0007940484120854388
0.65,169,9,3535.2221059754297,0.02232781443190196,0.0005533770418482201
0.65,169,10,3494.9301369551736,0.008020229103396916,0.012538297698411952
0.65,169,11,3451.1781050426493,0.005846974075007677,0.002257943422104444
0.65,169,12,3403.3088837592177,0.004876801098084161,0.0006996378883341084
0.65,169,13,3348.972619392195,0.02315628285495668,-0.002834546138247587
0.65,169,14,3294.5962986602003,0.007988317434390244,0.007888656907234521
0.65,169,15,3237.84236129854,0.0047284569639723245,-0.0015304104035081519
0.65,169,16,3177.614090293799,0.003421830434069373,-0.002455627920894723
0.65,169,17,3108.9387544811707,0.02167774208977593,-0.004797616958956422
0.65,169,18,3039.980322818803,0.005539939762783472,0.008213839773682261
0.65,169,19,2966.6401811916894,0.003088864005277257,-0.003914904390673616
0.65,169,20,2889.530434322583,0.0020018946322564674,-0.0040328608962864046
0.65,169,21,2804.0144412287605,0.021692719410958263,-0.0025534507132948933
0.65,169,22,2718.1123331848707,0.00566332992106238,0.010563776443759876
0.65,169,23,2628.2784122466774,0.0024748895456271117,-0.0026591254572847283
0.65,169,24,2533.888477784176,0.0036304848772846176,-0.006807324034662479
0.65,169,25,2433.238659225199,0.022389082821034453,0.002400854896577877
0.65,169,26,2332.224302211857,0.006945947308646753,0.015761668326409704
0.65,169,27,2226.641268734888,0.005692370486739299,0.0006605393819415384
0.65,169,28,2116.7304074954304,0.004627688985682285,-0.00022810820055883934
0.65,169,29,1997.2456793396198,0.01980494698369689,-0.0020648671074189493
0.65,169,30,1877.1752982352948,0.0069152973333227,0.009943225745603699
0.65,169,31,1753.7129960909108,0.0034419753820379992,-0.0011332228623335589
0.65,169,32,1626.5900270684137,0.002504287979881457,-0.003869830475593672
0.65,169,33,1486.7956222800128,0.019037826457011294,-0.00249790908725246
0.65,169,34,1344.604837046849,0.006724924372735164,0.007910875435988505
0.65,169,35,1197.4418369143116,0.003768637531425944,-0.0014188072684309363
0.65,169,36,1046.0077452513535,0.0017797115345774624,-0.0012823055013903145
0.65,169,37,847.1631474157122,0.01930130750933534,-0.0013263854332252257
0.65,169,38,644.6056159797373,0.0057414702287373375,0.010031568407155357
0.65,169,39,435.62792837110266,0.0022995111393156035,-0.0008686948711598637
0.65,169,40,219.9589276944446,0.0018010993242918469,-0.00147075959873208
0.65,173,1,3882.9236729317354,0.025411877033415773,-0.03877860366364166
0.65,173,2,3869.0314903286803,0.008332572474084709,0.00888210844430077
0.65,173,3,3854.000013396156,0.0042843754134049465,-0.0006469424121671309
0.65,173,4,3837.620406945376,0.0036977513241108714,-0.0020548781301791986
0.65,173,5,3816.950539995899,0.02215563609713584,0.0011805717847630326
0.65,173,6,3796.5334217204813,0.008082732225100359,0.01191385487254121
0.65,173,7,3773.5596096107274,0.005926628962778017,0.001706367657267406
0.65,173,8,3747.9331143638974,0.00598666441304141,0.0013864852331975863
0.65,173,9,3730.2053852092126,0.024355815487969786,0.001352451236829516
0.65,173,10,3713.754134935375,0.013670712361313037,0.009879503609916537
0.65,173,11,3695.430438732103,0.011457415739877854,0.0029133897419894098
0.65,173,12,3674.1932032271056,0.010811117681686603,0.0014565461222627158
0.65,173,13,3647.7783744674507,0.027653988154472193,-0.0005916377843454354
0.65,173,14,3621.569195633648,0.016306579179451792,0.0053928113649041156
0.65,173,15,3592.775418859972,0.011277155316325182,-0.0002082333068736052
0.65,173,16,3561.0335764859356,0.008525847897615143,-0.0013873796547906165
0.65,173,17,3521.1812646074063,0.024936254092966126,-0.0033364038275095795
0.65,173,18,3479.7475505997495,0.011438015054052423,0.005717789682361768
0.65,173,19,3435.2950287673093,0.006322759555998134,-0.00119550105284227
0.65,173,20,3386.548064192673,0.005167286367924675,-0.0036812061108938312
0.65,173,21,3329.181611779424,0.024031282949955237,-0.002378036646611348
0.65,173,22,3269.969995379522,0.01448338038928012,0.0013825776347833178
0.65,173,23,3208.04740330861,0.007401743955233193,0.0028526657089537628
0.65,173,24,3142.4953151032096,0.00678965669605167,-0.0030006275560051717
0.65,173,25,3069.4495504735173,0.026781925633295463,0.0020036762710406836
0.65,173,26,2994.506669686598,0.018543404071955046,0.004218246268376494
0.65,173,27,2916.5348167206116,0.01258333204972918,0.006481420165470027
0.65,173,28,2835.4476415949644,0.00971786369085623,0.003006254510334718
0.65,173,29,2743.370081662785,0.024808259267376346,-0.0010240267006415315
0.65,173,30,2651.2713713455387,0.014053287027327714,0.005020180383992244
0.65,173,31,2557.1269558477006,0.00968485694402863,0.000957793953172244
0.65,173,32,2460.035729107824,0.007395797614932423,-0.00047809389866967266
0.65,173,33,2347.6899960853307,0.021934012042709464,1.593736960663235e-05
0.65,173,34,2232.908872707659,0.0127955453222735,0.005888857026867447
0.65,173,35,2114.2219799806467,0.008927458601768667,-4.317838960516141e-09
0.65,173,36,1991.094956626255,0.007186866708489773,-0.0011159714129374404
0.65,173,37,1830.4421144619853,0.022027394304191816,-0.0006163410139325317
0.65,173,38,1665.5292758959283,0.012400542087602993,0.0061116307705656086
0.65,173,39,1495.7196168670446,0.008467314369432667,0.0018679247417429884
0.65,173,40,1320.2454248426573,0.006462906668177513,-0.0008015173409803521
0.65,177,1,3904.094418349625,0.029848169669996875,-0.02757778774550643
0.65,177,2,3912.428801034168,0.01523655779518305,0.007808505213787916
0.65,177,3,3920.123731852907,0.010686834208787181,-0.00043228234008073265
0.65,177,4,3926.130368980006,0.00791626443189815,-0.00033240826250126494
0.65,177,5,3928.631061307276,0.025609983003942106,0.0016340545779410234
0.65,177,6,3930.170255855347,0.01554864938140817,0.00800571923019241
0.65,177,7,3929.054829087397,0.012742603061838097,0.002816590272267512
0.65,177,8,3925.691988809354,0.012072705947734309,0.0006396043817318381
0.65,177,9,3930.790346611681,0.029838984783004233,0.001823531060568218
0.65,177,10,3935.127220186997,0.023110471071104255,0.006238332007729643
0.65,177,11,3937.929605580918,0.02100883033200464,0.002431161570561831
0.65,177,12,3938.7991304924467,0.01916330808167156,0.002438498318834505
0.65,177,13,3935.093833274802,0.033652142761026016,0.0009738097435574219
0.65,177,14,3931.18799387898,0.025221551737397867,0.003947751121237798
0.65,177,15,3926.470260968861,0.020952439611058155,0.000560788400577275
0.65,177,16,3920.6930235986233,0.016796719641151626,0.0007644695174412942
0.65,177,17,3908.166993040164,0.031177726632854272,-0.00026070369297960945
0.65,177,18,3894.9197563209814,0.02088746856884122,0.004716840585715503
0.65,177,19,3878.4089414053346,0.015820345271600277,-0.00037348474921780183
0.65,177,20,3858.9068966939985,0.01262890200534292,-0.002431504520188581
0.65,177,21,3829.7780102476054,0.03249285331413897,-0.005611589786160303
0.65,177,22,3798.956643971026,0.023731619086327798,0.004184159903955796
0.65,177,23,3765.0931117957457,0.02006496081057547,-0.0014339948057838618
0.65,177,24,3727.57145311213,0.019160800887896946,-0.002686755104302319
0.65,177,25,3682.69659954573,0.03638696827277259,-0.0011085655609594232
0.65,177,26,3634.7771798711806,0.03223301595108783,0.007149811854860546
0.65,177,27,3583.6326152167812,0.029267799776770898,0.000810081918203743
0.65,177,28,3529.7699377822114,0.02544786831544602,0.0019961510807868696
0.65,177,29,3463.1884623534647,0.03759166863255909,0.0003843029460685826
0.65,177,30,3395.873614962699,0.028352018600749863,0.005922263420167037
0.65,177,31,3327.056288785508,0.022175542362050753,0.0021118072735280156
0.65,177,32,3256.2919545754744,0.018123732956933373,0.0006039669966593611
0.65,177,33,3167.0828168769704,0.031226206705715145,-9.350407878733055e-05
0.65,177,34,3075.0301422660405,0.02524752291037587,0.002426796633647488
0.65,177,35,2979.87936508136,0.02019620857026354,0.003557650047197376
0.65,177,36,2880.3763621926914,0.01677830425761372,0.0008281407838205692
0.65,177,37,2753.4302835011413,0.030827578095052637,0.00048188565747478543
0.65,177,38,2623.5443503437336,0.02480025678198808,0.0034479175583888994
0.65,177,39,2489.1242283938795,0.021691616218119318,0.0015721721255649913
0.65,177,40,2348.9391444237826,0.019642979022806942,0.0004897372859362707
0.65,181,1,3926.454128949314,0.036859926166706615,-0.01877242776982704
0.65,181,2,3956.1244334997973,0.024718239288367187,0.0057618380896886446
0.65,181,3,3985.6458556743473,0.018540868911310245,0.0006414092129942927
0.65,181,4,4015.153928851267,0.014804430312171034,0.0007527775132070929
0.65,181,5,4041.2237463994943,0.032020302995017756,0.0009776119946961791
0.65,181,6,4065.9113104875983,0.025072220598879532,0.006097756141677997
0.65,181,7,4088.657411195612,0.023502975366469295,0.00244436178894043
0.65,181,8,4108.619720474633,0.022647644933811665,0.0005191596765969648
0.65,181,9,4137.277685957366,0.03921842138357009,0.0016959906527136903
0.65,181,10,4165.26013315905,0.03440755780008386,0.0045766342358276885
0.65,181,11,4191.540185435322,0.03312674716215226,0.002188255156406668
0.65,181,12,4215.315148456097,0.03326593887125515,0.001197572099325979
0.65,181,13,4234.046426900399,0.04707830092345844,0.0014544583505562655
0.65,181,14,4252.222793551735,0.03971898383784285,0.00327467307573143
0.65,181,15,4269.623526440823,0.03450140958444603,0.0017300989669589112
0.65,181,16,4286.545018490539,0.029206958916104937,0.0014695549982740135
0.65,181,17,4296.804246644507,0.04160791138509157,0.0009103400294047366
0.65,181,18,4306.133433515017,0.03400328535862229,0.0028061553003703283
0.65,181,19,4313.781120312896,0.028008617892724783,0.0006818308346683855
0.65,181,20,4319.741185029477,0.02291036209077202,0.0003250788427311546
0.65,181,21,4317.3481821105215,0.040443540345572626,-0.0010382588730160874
0.65,181,22,4312.368445651214,0.03827560840260905,-0.0010143817100566126
0.65,181,23,4304.248271424969,0.03793165731660082,-0.0050693023033394164
0.65,181,24,4293.36560811543,0.03745650084583762,-0.003816418115132757
0.65,181,25,4274.353035404975,0.056406303725531896,0.0012329186775691192
0.65,181,26,4251.628584002731,0.05662325104739461,0.0015630553964735877
0.65,181,27,4225.387945155201,0.05506278229650733,0.0018192710195893765
0.65,181,28,4197.015535176594,0.05198100147713859,0.0027384553844762723
0.65,181,29,4155.038865867382,0.061244873168337474,0.000763892251810729
0.65,181,30,4111.760744994552,0.052301253083176395,0.004486828302386083
0.65,181,31,4067.923512064007,0.044679719816679876,0.004407159784703063
0.65,181,32,4022.3411383602024,0.03854001646373797,0.003152853711649992
0.65,181,33,3954.889057176959,0.04984603039651225,-0.002671638029618042
0.65,181,34,3884.6296069605364,0.04289983473966372,0.00422717438143994
0.65,181,35,3811.378993393177,0.03800150198860968,0.002061261003621066
0.65,181,36,3734.801701025818,0.03354050954456452,0.0028237321247481665
0.65,181,37,3640.4922982839894,0.0469902346349904,-1.713719843047207e-05
0.65,181,38,3542.4784127763105,0.04399776560020798,0.0019520510257677267
0.65,181,39,3440.3123769793865,0.040901825471316565,0.00047971495090162
0.65,181,40,3333.5218695238514,0.03904712805190045,0.0014679081018843284
0.65,185,1,3943.7858400828413,0.04279899428836529,-0.011851018796350234
0.65,185,2,3990.854661374117,0.0342376929401601,0.003891646820428695
0.65,185,3,4038.299473490601,0.029241432579930768,0.0006090665196313159
0.65,185,4,4086.0380258117443,0.02495119908372526,0.0012587455397761493
0.65,185,5,4131.570610960952,0.04106675587303701,0.00231201015093642
0.65,185,6,4175.962815508364,0.037973698095084316,0.0031891479504961096
0.65,185,7,4219.367704333044,0.03614208150734206,0.0020253109589318976
0.65,185,8,4261.127712103132,0.036126495774310124,0.0018396526782052842
0.65,185,9,4311.268666349159,0.05466269123235838,0.0009679907197251589
0.65,185,10,4359.720357562079,0.052660734304464114,0.002636341604678627
0.65,185,11,4406.421232751378,0.05094708641538824,0.0020676086257860565
0.65,185,12,4451.659636903089,0.049823105453118924,0.00208902426583373
0.65,185,13,4492.347289982512,0.06341983701087034,0.0015931569279126934
0.65,185,14,4531.647800141185,0.05785016408809608,0.0021733834929788622
0.65,185,15,4569.879857769906,0.051796684317897065,0.0022005712376245074
0.65,185,16,4607.1595677907435,0.046268035933538246,0.001763061460128741
0.65,185,17,4637.444028664462,0.05756090054211738,0.0017912932244594792
0.65,185,18,4666.622053553642,0.05025536210675387,0.0032111225010280488
0.65,185,19,4694.723317413682,0.04457809085695534,0.0012562256980557518
0.65,185,20,4721.485821148684,0.040899760091771015,-0.0014144628428433667
0.65,185,21,4738.83818772753,0.05918402233916575,-0.005186132986331047
0.65,185,22,4753.381075941172,0.05960100752902672,-0.003949368982089207
0.65,185,23,4765.21582305022,0.06075522643807132,-0.0021576383850741136
0.65,185,24,4773.622057406258,0.06172190461619764,-0.00385112462968145
0.65,185,25,4774.35325586095,0.08040816979842165,-0.0036477453971854434
0.65,185,26,4772.693460224314,0.0786659842974613,0.0038128631362289766
0.65,185,27,4768.691763574991,0.07566819037347522,0.003002796252477014
0.65,185,28,4762.904488724313,0.07020981073159824,0.005558347753220099
0.65,185,29,4741.849063848644,0.07941002392880117,0.0029280325552675126
0.65,185,30,4720.257669092334,0.07036716334380114,0.004794152362991303
0.65,185,31,4698.673278371044,0.060355127283725524,0.0029859896330905206
0.65,185,32,4675.497416580818,0.05436896264008313,0.0039279928361409915
0.65,185,33,4628.668465049522,0.06463899430188301,0.0016852611751108182
0.65,185,34,4578.558045692724,0.059885233269732344,0.002228088373804624
0.65,185,35,4524.528257398164,0.056565417975450935,0.0007081192893500176
0.65,185,36,4466.991618112714,0.052515115151203,0.0023429434822456385
0.65,185,37,4400.628414046159,0.06450436718167837,0.0015692895434962677
0.65,185,38,4329.929574916055,0.06216111484556857,0.0017248413265084218
0.65,185,39,4255.720652125174,0.05944470381932358,0.0021955259139026587
0.65,185,40,4176.708101749765,0.06127374126263417,-0.004351436142166681
0.65,189,1,3964.0172654639523,0.04966256098500018,-0.007723574079503204
0.65,189,2,4029.8091577381997,0.04675322726891635,0.0022695778272340825
0.65,189,3,4095.7524881131158,0.04283122754269959,0.0005972004819330683
0.65,189,4,4162.5821013267,0.03917381689695158,0.0016053190245159882
0.65,189,5,4227.56478342272,0.05464422641867588,0.001712109228708966
0.65,189,6,4291.231102618315,0.053157113009437734,0.0024277221174197833
0.65,189,7,4353.592804278172,0.052341509125421556,0.0013974717306052993
0.65,189,8,4414.041057677732,0.05196776414823265,0.0012856240098667296
0.65,189,9,4484.053787561866,0.0677875344398576,0.002401762792766756
0.65,189,10,4552.755221208139,0.0670742970506747,0.0025355219835986116
0.65,189,11,4620.255348547251,0.0666599941292019,0.0019442959320558602
0.65,189,12,4686.330209817289,0.0661000576474169,0.002492019562732731
0.65,189,13,4747.64696364921,0.07925040061565687,0.001815102610435799
0.65,189,14,4807.796280997764,0.07422603254591612,0.0024888875423232605
0.65,189,15,4868.060283885458,0.06883242637643168,0.001952835031717382
0.65,189,16,4928.110793160603,0.06361767262681021,0.0025694089274830973
0.65,189,17,4981.0625982238835,0.0748221809815076,0.0016823925994101255
0.65,189,18,5033.741707393316,0.06858298762982193,0.0028730426768505553
0.65,189,19,5083.947420886105,0.0659841169075313,-0.0028235667891141013
0.65,189,20,5131.695241286068,0.06501084525558318,-0.0055618112636907115
0.65,189,21,5170.198416567654,0.08272788358704591,-0.00442624084913619
0.65,189,22,5204.986915439007,0.0856913629390952,-0.00418155007788996
0.65,189,23,5236.6365414085485,0.08756125197820584,-0.00591768735986317
0.65,189,24,5266.1326066262145,0.08460405608088203,-0.0009146811608216579
0.65,189,25,5288.530453888446,0.0973915881829668,0.00028227048828556426
0.65,189,26,5308.700565777665,0.09525871368721273,0.009313359247706592
0.65,189,27,5328.487943779081,0.0890411807867619,0.0034527965344176444
0.65,189,28,5348.119087677643,0.08218529863196657,0.005809633229904827
0.65,189,29,5351.062857491601,0.09011515778090146,0.004185632132735565
0.65,189,30,5353.721433571548,0.08310036285594216,0.0013455144105608996
0.65,189,31,5354.455654956819,0.07842633418394603,0.003194785530857801
0.65,189,32,5353.207975835754,0.07515286467900947,0.0014291422792607497
0.65,189,33,5326.149732021935,0.08514345331017079,0.0024564982169350807
0.65,189,34,5294.975153755015,0.0830316521998094,0.0004865234777923033
0.65,189,35,5260.747497699537,0.08024358292653265,0.0034339602994450423
0.65,189,36,5222.2922358247215,0.07742380159708048,0.000810680584402316
0.65,189,37,5183.0453176289275,0.09000814177079625,0.0018085362964655018
0.65,189,38,5140.212493531086,0.0879416745458216,0.0006980646970277073
0.65,189,39,5092.741233983892,0.08872867165569034,-0.002498301336402548
0.65,189,40,5039.7004095173315,0.09213392875994704,-0.004796438086450424
0.65,193,1,3982.3396912009553,0.05615373336067131,-0.005054646728421944
0.65,193,2,4065.6427345134225,0.0570086618120128,0.00205874205931076
0.65,193,3,4149.066955350598,0.05573118273945777,0.00011603510892343955
0.65,193,4,4232.628383929899,0.05316026569269697,0.0008738958508165806
0.65,193,5,4313.799000312011,0.06824264290980302,0.00153756195681317
0.65,193,6,4394.166162075575,0.0670625333876503,0.0016800762969613906
0.65,193,7,4472.813175580546,0.0668673491197835,0.001552898777855347
0.65,193,8,4550.3779401309475,0.0666847791232087,0.001673871129648615
0.65,193,9,4637.441297948302,0.08274563303785795,0.001837043009894845
0.65,193,10,4723.332715112888,0.08287747255968743,0.0020349966329211537
0.65,193,11,4808.079912262994,0.08276254548300964,0.002061523874421942
0.65,193,12,4891.99169841482,0.08335090647209226,0.002383461303009398
0.65,193,13,4972.333589996897,0.09619535353717322,0.0022640128006749805
0.65,193,14,5053.203299848781,0.09260759075401179,0.0028446713765837117
0.65,193,15,5134.3269434181875,0.08820933810883544,0.002324952094617882
0.65,193,16,5215.2135281168075,0.08379600778289892,0.0026550462646465225
0.65,193,17,5288.7780962191455,0.09450392782679233,0.0021836555601995344
0.65,193,18,5361.209098820843,0.08900416215166257,0.002442509385195877
0.65,193,19,5431.697830251547,0.08611011819311568,-0.0015999401361363995
0.65,193,20,5499.685729968284,0.08696200521933303,-0.007164326314118139
0.65,193,21,5555.8787963672785,0.10834400634586236,-0.011688436866070564
0.65,193,22,5607.50045266034,0.1150178528383317,-0.010342622442652645
0.65,193,23,5656.669349180412,0.11430439974853804,0.0031992423311991767
0.65,193,24,5704.2037497119,0.11142157790996723,-0.0037123167774463133
0.65,193,25,5745.095885749589,0.12309079874376387,0.008066322388153961
0.65,193,26,5785.432707925623,0.11709715082987644,0.004435153630083927
0.65,193,27,5826.885210561431,0.10762848325301695,0.0071177978247885165
0.65,193,28,5867.083568591196,0.10276902291871358,0.005037974662146528
0.65,193,29,5889.980997304989,0.10843271177178875,0.00295631457590549
0.65,193,30,5913.135942556174,0.10360666251587673,0.002824755705555228
0.65,193,31,5935.533674834649,0.09896411589596263,0.0030216820784949557
0.65,193,32,5957.098187068147,0.09457644279752797,0.00482783956181738
0.65,193,33,5949.703218963496,0.10435395865231203,0.0018270527116829819
0.65,193,34,5938.711159839172,0.10194877674910134,0.002589055097784138
0.65,193,35,5924.156146234963,0.09895271555369343,0.00246199399123653
0.65,193,36,5906.150858147938,0.09637262850869369,0.002867814317324885
0.65,193,37,5895.183221535347,0.1093267204439808,0.002807401703793354
0.65,193,38,5880.758011209905,0.1113554264312458,-0.004618202574599827
0.65,193,39,5861.655867145843,0.11630154281263698,-0.0065693682018523065
0.65,193,40,5838.383608760468,0.12025865708117514,-0.0027880412244411486
0.65,197,1,4001.489545522097,0.06343450710772541,-0.002483226012295147
0.65,197,2,4102.97807371891,0.06835731344877345,0.0011560246066003547
0.65,197,3,4203.482321217384,0.06942391042284049,-0.0006501310115281874
0.65,197,4,4304.2129015087885,0.06764460554395081,0.0007304007312326378
0.65,197,5,4402.6976367801,0.08233123472636361,0.0009600222101312191
0.65,197,6,4500.333052446698,0.0818553338596374,0.0020436405022648497
0.65,197,7,4596.808416654423,0.08227890252873152,0.0014794748574135082
0.65,197,8,4691.827194410511,0.08304748919084397,0.0015096497300137097
0.65,197,9,4796.124440668685,0.09846192315962363,0.0021933033137473876
0.65,197,10,4899.571625081614,0.09791885081899497,0.0020817594761522963
0.65,197,11,5002.381374294003,0.09792812565547886,0.0022673764876812233
0.65,197,12,5104.1046388344175,0.09803696970212311,0.00270007740375132
0.65,197,13,5201.131218966067,0.11107959217085707,0.0016680501887566105
0.65,197,14,5298.420238088345,0.10683884021164497,0.002689796510861609
0.65,197,15,5395.897078375414,0.10226323461208182,0.0026697322310943244
0.65,197,16,5493.798382514456,0.0977875535229171,0.0037450169042094156
0.65,197,17,5585.440969957175,0.10760919237311588,0.003531755417947811
0.65,197,18,5675.731250375468,0.10507430408315456,-0.0007922722588052987
0.65,197,19,5764.465074445252,0.10278062857388016,-0.002373666867154176
0.65,197,20,5851.091014405258,0.10347207341984768,-0.0065686894358097095
0.65,197,21,5925.94953792796,0.1243299223567533,-0.010987997598229231
0.65,197,22,5997.04354029846,0.12916048015444515,-0.008049168845280423
0.65,197,23,6064.863765735669,0.13055278307779683,-0.002238446620413385
0.65,197,24,6132.188574374637,0.12535217348545144,0.0039046709034984838
0.65,197,25,6192.937415293447,0.13577541912408686,0.00481625438667466
0.65,197,26,6253.906440426895,0.12854837319387485,0.009361058365210876
0.65,197,27,6315.072224562789,0.1198024311816459,0.003746560591773525
0.65,197,28,6375.481302003875,0.11423180629115733,0.007245842992782635
0.65,197,29,6416.470670692757,0.1211458577441957,0.0030313081781167535
0.65,197,30,6457.087212261629,0.11535617550671619,0.0030027543252258734
0.65,197,31,6496.691890512089,0.11178329759026823,0.0036625026766037285
0.65,197,32,6534.919853024684,0.10989505235782929,1.5447401161531612e-05
0.65,197,33,6541.287271237166,0.12081352228053911,0.004480199239165941
0.65,197,34,6544.870799910729,0.1184111627126066,0.0018011100664926166
0.65,197,35,6545.1670553360555,0.11776396738795293,0.0019237982372154897
0.65,197,36,6543.29638645046,0.11585345321071204,0.00204375144733245
0.65,197,37,6556.551499709379,0.12971932819744136,0.0007045218421824867
0.65,197,38,6565.857866136215,0.13636211774612494,-0.008614677736587261
0.65,197,39,6570.624520785314,0.14120156379605814,-0.00457906882276744
0.65,197,40,6570.417142616983,0.14714480736955327,-0.004888748833751942
0.65,201,1,4019.9434356401425,0.0704872835077427,0.001034380585449656
0.65,201,2,4138.947904523364,0.07978753865582983,0.00022683462868063978
0.65,201,3,4256.947154859244,0.08309583529902143,-0.0021066274140371173
0.65,201,4,4375.225138754272,0.08260404244865795,-0.00010490753870117376
0.65,201,5,4491.634480530883,0.09835045001480637,0.0008420510008214886
0.65,201,6,4606.502862830994,0.09923747268895118,0.0003774890593627985
0.65,201,7,4720.078417672432,0.0992761660050944,0.0009165108508310637
0.65,201,8,4832.930793611647,0.09925128008216122,0.0016378438544402815
0.65,201,9,4955.859041516872,0.11410815923533865,0.0022824697232053043
0.65,201,10,5077.949717620801,0.11425451753137521,0.0024671771047524655
0.65,201,11,5199.10085326964,0.11486742186573844,0.0023133202693119913
0.65,201,12,5319.721346791937,0.11595299240881643,0.0029559433972565835
0.65,201,13,5436.111204264333,0.12831403093780877,0.002661163959945471
0.65,201,14,5553.0009297058905,0.1250283668114667,0.0025046908444590157
0.65,201,15,5669.989183109999,0.12130548683658243,0.0030223616666213695
0.65,201,16,5786.536778400652,0.11721268655073441,0.0033050632775142655
0.65,201,17,5895.679342861234,0.1272364904876664,0.002863240953244854
0.65,201,18,6004.5399954863005,0.12351033341349574,0.0010924601012892966
0.65,201,19,6112.416487720521,0.12293525712578852,-0.003116155335264183
0.65,201,20,6216.798154204105,0.12881843850682748,-0.012132653190221396
0.65,201,21,6308.069753010728,0.1551247111599425,-0.020903615615031845
0.65,201,22,6394.62012593471,0.1642040187204788,-0.014951730661037195
0.65,201,23,6478.901905717199,0.16536090158225303,-0.0002038994705282543
0.65,201,24,6561.955831372945,0.16215051710671627,0.003270240031050247
0.65,201,25,6639.234981661681,0.16835511949567697,0.013254273150885143
0.65,201,26,6718.799511975783,0.15472227856937065,0.011650591947356717
0.65,201,27,6800.477954278987,0.14270356189026323,0.004889962631267883
0.65,201,28,6881.190181860501,0.1374506704984903,0.005993902684374582
0.65,201,29,6941.765973732722,0.14337207615663738,0.0019263834131629507
0.65,201,30,7001.340793028686,0.13903433085885666,0.004918368524151987
0.65,201,31,7060.425713748964,0.13546870428325267,0.00462286261528717
0.65,201,32,7118.644831106696,0.13286220141264496,0.0035584613785768315
0.65,201,33,7142.588259383122,0.14273324570735738,0.005032951934568115
0.65,201,34,7164.276595110134,0.14042271594873706,0.004695743267253484
0.65,201,35,7183.311808916274,0.13850524057637986,0.0046100732375545595
0.65,201,36,7199.307421403123,0.13782034575802932,0.0027110865587702806
0.65,201,37,7237.514801954701,0.15468794032025093,-0.00578124668919199
0.65,201,38,7271.001692671513,0.16526747720664395,-0.01079627874319885
0.65,201,39,7297.33902999138,0.18222148030721882,-0.018816942921655786
0.65,201,40,7317.063625163735,0.20006212129814288,-0.020478226847396985
0.65,205,1,4036.5520041198947,0.07421410929000774,0.004130793001716223
0.65,205,2,4172.0787845105115,0.08693746693715458,-0.0018331917609345802
0.65,205,3,4306.283207172837,0.09332118105508025,-0.0028666107843946438
0.65,205,4,4440.899416432044,0.09522271818417974,-0.0009789725889053332
0.65,205,5,4573.935383657603,0.11155322223059175,0.00048050839408005834
0.65,205,6,4706.945939370836,0.1127090670478846,0.0008816692048814177
0.65,205,7,4838.83151427665,0.11400478160176626,0.0004288652198730114
0.65,205,8,4969.075503551861,0.11491879942279101,0.0006350955328674506
0.65,205,9,5108.258421542172,0.12977917697709032,0.002050733837318771
0.65,205,10,5246.927863013039,0.1302220883597656,0.002266870133319952
0.65,205,11,5384.807268193967,0.13093138103108976,0.0028440560373445153
0.65,205,12,5522.212464137609,0.13121953423063873,0.0031303361306484474
0.65,205,13,5655.083044548457,0.14333949279878755,0.002881746099436233
0.65,205,14,5788.0924287178,0.13990504870683163,0.0030674610640503024
0.65,205,15,5921.003567868887,0.1364601443635684,0.004015168958251929
0.65,205,16,6054.537671258552,0.13185094836167144,0.0038578926258152086
0.65,205,17,6181.170351408129,0.14116708016872342,0.004581926527889839
0.65,205,18,6307.071954232289,0.13777500119665237,0.003017239065004375
0.65,205,19,6431.757014443635,0.13687180204506338,-0.0020067680727184085
0.65,205,20,6553.812301026195,0.1416088351980518,-0.00982942831893761
0.65,205,21,6660.78582949423,0.17187014710512655,-0.02739619005802403
0.65,205,22,6760.2302115326665,0.1892102993079287,-0.024847720539327753
0.65,205,23,6855.160718255375,0.20016797092036734,-0.01781254468137301
0.65,205,24,6949.231929291428,0.19942245861725463,0.006052152353833237
0.65,205,25,7036.439766659131,0.20809082094618167,0.01314671995221486
0.65,205,26,7127.316789258484,0.1905161630607197,0.01870882213383386
0.65,205,27,7221.251850909638,0.17400835106085255,0.01340677340991057
0.65,205,28,7317.504010037327,0.16102978041435786,0.009478683348835053
0.65,205,29,7393.776669072223,0.16267713139520626,0.0035624469231622293
0.65,205,30,7470.630021530455,0.15576866620483326,0.004029244484725804
0.65,205,31,7546.245442195111,0.15239068233025552,0.0037675118009480243
0.65,205,32,7620.665650255391,0.15005891620787667,0.005552390570254874
0.65,205,33,7658.443563192082,0.16030711594953836,0.00443578308491169
0.65,205,34,7693.366673277048,0.1583877813443622,0.005799754565442471
0.65,205,35,7725.92028361286,0.15670869042443017,0.005438533486932558
0.65,205,36,7755.549913251207,0.15492025211555532,0.0048240281541611415
0.65,205,37,7814.785491450786,0.1689929985731572,-0.0006202059372689047
0.65,205,38,7869.8103123377205,0.17923749785377163,-0.011501987261590862
0.65,205,39,7917.532248190782,0.20033198606491448,-0.02487140957101362
0.65,205,40,7957.545213188397,0.22320141948319883,-0.024371559680962506
0.65,209,1,4053.7412871141487,0.07928584966440994,0.0062542962766544835
0.65,209,2,4204.822825501878,0.09647812535017714,-0.0038704643682509433
0.65,209,3,4354.901545612906,0.10425515654055668,-0.0023119202557089226
0.65,209,4,4505.155930866951,0.10720818619017711,-0.001396368927742018
0.65,209,5,4654.0071822040245,0.12412972910811407,0.0002854323627709565
0.65,209,6,4802.105826563394,0.12527109570110764,0.0003344286329521701
0.65,209,7,4949.29081052526,0.1268890069702105,0.0006607926473911442
0.65,209,8,5095.7434589687655,0.1280371140524169,0.0009927057856030713
0.65,209,9,5252.123603397645,0.1428316634252182,0.0019983881619732562
0.65,209,10,5408.471410194165,0.1439720037105638,0.0021042104535499468
0.65,209,11,5564.759620100768,0.14415037823314178,0.0029982492363667995
0.65,209,12,5720.606864332136,0.14501249721252682,0.0032841935031052804
0.65,209,13,5871.628401903229,0.15706549378239573,0.0032363118494208917
0.65,209,14,6022.750760567148,0.1539269643430968,0.0038731234218386664
0.65,209,15,6174.531646339721,0.1497239004866565,0.003857902909592171
0.65,209,16,6327.457500249938,0.14572339842813428,0.005078395474197651
0.65,209,17,6473.085768875583,0.15496034525661323,0.004647706632346676
0.65,209,18,6618.780574821716,0.1499373000752035,0.00569981763094607
0.65,209,19,6763.504427045228,0.14839769237539882,0.00022498955505991205
0.65,209,20,6904.888951110174,0.15356209891410116,-0.01059686998662402
0.65,209,21,7031.654436057367,0.1818394573889924,-0.026946838840480467
0.65,209,22,7149.565334587555,0.20445759711764,-0.037224192846284136
0.65,209,23,7262.1862062994815,0.21694608414753838,-0.02016738422521538
0.65,209,24,7373.30310753595,0.21718584560517137,0.00447331324872617
0.65,209,25,7477.884154794928,0.22424199764458094,0.018805428292011227
0.65,209,26,7586.236799765408,0.20732482587329398,0.02120696118914434
0.65,209,27,7698.761753738539,0.19028202055827878,0.018004962943049537
0.65,209,28,7816.265163966667,0.1714832541503023,0.00747025118044394
0.65,209,29,7912.290694755278,0.1741103134162621,0.002889898488395003
0.65,209,30,8008.514478028489,0.16903780314324676,0.0033074105377519664
0.65,209,31,8103.71208119605,0.16693815153897232,0.004628525852994705
0.65,209,32,8197.67012700037,0.16468405709900943,0.004230891233711652
0.65,209,33,8252.245644819342,0.1748027595692389,0.005427853074119005
0.65,209,34,8303.996080672234,0.1729458818220247,0.004838594546531055
0.65,209,35,8353.057911538874,0.17108779674296073,0.007281701188293773
0.65,209,36,8399.710206705653,0.1699499965840333,0.007645210996232264
0.65,209,37,8483.022956298357,0.18427878933357025,-0.0015505987778432052
0.65,209,38,8562.254456352795,0.19678969465431836,-0.015726874941471354
0.65,209,39,8633.570456160409,0.22323653086346681,-0.03273431619680055
0.65,209,40,8697.076831131253,0.2484021405006496,-0.02489747671770098
0.675,169,1,4001.535247208281,0.023893429090480818,-0.05294352471428447
0.675,169,2,3956.7564975472906,0.0038654875878328713,0.011999295564437447
0.675,169,3,3910.161862339548,0.002047831172623303,-0.0031537722826821325
0.675,169,4,3861.224430500752,0.0013185596744236642,-0.0020942052377733917
0.675,169,5,3807.84489580214,0.020643355989129815,0.0010581218513442186
0.675,169,6,3754.795494672885,0.0043827099782827,0.013735732367510006
0.675,169,7,3698.8467241240483,0.0032762259921988632,0.002336284761624363
0.675,169,8,3639.0767057631897,0.0025998904342211613,0.0007525124970014459
0.675,169,9,3585.714847311759,0.02269376578514605,-1.3385947257494047e-05
0.675,169,10,3533.0875245831003,0.00815176773293534,0.01299146013362666
0.675,169,11,3477.713189659189,0.005445835304507354,0.0029067162700071847
0.675,169,12,3418.235941097177,0.004896741066164667,0.001039055126510801
0.675,169,13,3351.6992404497337,0.02309958533055798,-0.0032235353336677957
0.675,169,14,3285.0839525223028,0.008334838049197473,0.007893143027330284
0.675,169,15,3215.4870145271325,0.0044926144107790885,-0.0015892702248788784
0.675,169,16,3142.8780980259917,0.0030217144175149657,-0.0027162551718307713
0.675,169,17,3062.0170011889327,0.02190310723454823,-0.005145894147042929
0.675,169,18,2980.1255377454318,0.004725623485777044,0.008186931609712084
0.675,169,19,2893.7010210764392,0.002506392795690841,-0.0032313176789739795
0.675,169,20,2802.1749538049903,0.0018148554534841443,-0.005407488719629926
0.675,169,21,2702.134306421074,0.02163346656756324,-0.0025779828808072643
0.675,169,22,2601.0555266698984,0.004752920997127806,0.009678391565628457
0.675,169,23,2496.362760299543,0.0014124296608142932,-0.001615560333175257
0.675,169,24,2386.5981550230576,0.0027024497267620867,-0.005141557420195055
0.675,169,25,2270.3940468512387,0.022037612495834143,0.0011554791167241525
0.675,169,26,2152.4652275290323,0.00781613654117636,0.012158194547011907
0.675,169,27,2031.2807686554136,0.003952749001729778,0.00407653554821681
0.675,169,28,1905.7820777936718,0.0035526906267897285,0.002222208262024905
0.675,169,29,1770.5761632224555,0.019911785317667748,-0.0023162999743361118
0.675,169,30,1635.262823722435,0.00643275086962484,0.009092979118647296
0.675,169,31,1496.9484311138492,0.0028680860393310013,-0.001787322666274029
0.675,169,32,1354.1068091798625,0.0026728351486753035,-0.002893170783086873
0.675,169,33,1199.8123714637306,0.019073264834912118,-0.0034962667223534553
0.675,169,34,1043.7232807383334,0.0050909778805751345,0.010467929617041223
0.675,169,35,882.2807793447831,0.0024426294518412254,-0.002055748119567406
0.675,169,36,715.6969606477511,0.0019964337400513233,-0.002102341123188726
0.675,169,37,497.61639237842735,0.019192217454546117,-0.0022981720594214684
0.675,169,38,275.96225771001446,0.0051994904990812964,0.01103877294019038
0.675,169,39,47.538306610347234,0.002031185997344753,0.0001605569997970028
0.675,169,40,-187.91177883377384,0.0015266904857941656,-0.001530964668542539
0.675,173,1,4024.5148491716386,0.025591355574539724,-0.039248153916420774
0.675,173,2,4003.305452089352,0.0074391319379928066,0.010849267338558934
0.675,173,3,3980.7186205195717,0.004146560714074467,-0.0014667144846243498
0.675,173,4,3956.3061579700707,0.0031499359851394596,-0.0015984982111329309
0.675,173,5,3927.590381683826,0.02141689078535771,0.0008000448066153293
0.675,173,6,3898.8814154018296,0.008900450494197977,0.010757478634689349
0.675,173,7,3867.491354444671,0.006913578573486279,0.0023955838127001504
0.675,173,8,3832.9184083782966,0.006044474359450053,0.0015464756618378127
0.675,173,9,3806.0365028590577,0.024529632434407946,0.0018420218850672436
0.675,173,10,3779.6268244865155,0.013863277233969656,0.009046020075100773
0.675,173,11,3750.968163838738,0.01127404622345771,0.00273932940083336
0.675,173,12,3719.03486541091,0.010382543615492046,0.000847542438706029
0.675,173,13,3681.0558996307273,0.02714918383149342,-0.0007488004133522408
0.675,173,14,3643.114686418707,0.01587003961665145,0.005830041027651117
0.675,173,15,3602.8734252260356,0.010821002875472895,-0.0002592975191612538
0.675,173,16,3559.1182658944153,0.00777098846772947,-0.0015542134588661346
0.675,173,17,3507.0353163174213,0.02465423703152122,-0.002680927465131335
0.675,173,18,3453.9760890036714,0.01033030575131721,0.006273291306846378
0.675,173,19,3398.213447973692,0.006366228715370094,-0.0016106951932707385
0.675,173,20,3338.226832344743,0.004629855506430599,-0.003518354918285388
0.675,173,21,3269.307709890502,0.023834867205549136,-0.0022410911461131296
0.675,173,22,3199.2840151995206,0.012302331088056664,0.0050116582019449065
0.675,173,23,3125.475813998954,0.0086487822107088,-0.0021214226589054957
0.675,173,24,3047.1896701473456,0.007393387671446653,-0.003182457619539924
0.675,173,25,2961.2907566373415,0.026727259786851396,0.0005629825380005676
0.675,173,26,2873.218187980256,0.018269616338748698,0.007098826222784022
0.675,173,27,2781.9741305612624,0.012518175055930952,0.006063428417938285
0.675,173,28,2686.5577886308197,0.011592060876932606,0.0017108133984264425
0.675,173,29,2580.2630431682783,0.025408950053877704,-0.0017254514357211705
0.675,173,30,2472.9845128215616,0.014680784372220387,0.004577428633761343
0.675,173,31,2362.994660798934,0.009113924004930416,0.0006014026482087896
0.675,173,32,2250.7163242687093,0.006651537005944457,0.0011302575757493809
0.675,173,33,2124.9041370209684,0.021303837053666654,-0.0010223768008548791
0.675,173,34,1998.0739182547056,0.012721952778781192,0.005923244847273977
0.675,173,35,1867.5712110886643,0.00892466055190334,0.0008503285740133031
0.675,173,36,1732.6788604801839,0.0055019485680678605,0.0006986022395235647
0.675,173,37,1557.0076486412877,0.021405461938124266,-0.0007799994672390494
0.675,173,38,1377.1421330966093,0.011412573041923666,0.006551601571968514
0.675,173,39,1191.3709120537735,0.007891242890775916,0.0002384812566807158
0.675,173,40,1000.2131383182165,0.005983688406601143,0.0009369181711176934
0.675,177,1,4046.179987777143,0.030222664354145338,-0.027657121261551867
0.675,177,2,4046.1100835453854,0.015294415736187558,0.007792734449915148
0.675,177,3,4046.3150165756156,0.010279327660066116,0.0011537475167772348
0.675,177,4,4045.4759044990014,0.008093584849975943,-0.0006440432620767476
0.675,177,5,4041.0929662933054,0.026258912167881253,0.0006571543158378914
0.675,177,6,4036.592802122182,0.016493874886165653,0.008545208904840977
0.675,177,7,4029.6497217011447,0.013693273604189971,0.0029064308151453676
0.675,177,8,4019.0036993130843,0.01312532748644876,0.0008522913466009767
0.675,177,9,4016.2518439574096,0.030290116176541742,0.0016810912826964932
0.675,177,10,4012.7047798547387,0.02383004281054485,0.005894805642788767
0.675,177,11,4006.769683968951,0.022140338408899247,0.0018195856439634493
0.675,177,12,3998.4201318519645,0.021228295661753917,0.0020156791864122353
0.675,177,13,3984.961160543992,0.03552530084192295,0.000631393680995668
0.675,177,14,3970.1876560719443,0.026999590725979128,0.0035137260371195483
0.675,177,15,3954.0234393601963,0.02116882972398621,0.0013193381834354265
0.675,177,16,3936.404254127351,0.016378449540839217,0.0006973109213934995
0.675,177,17,3910.898732200673,0.031055426231920882,-0.0002817216740166727
0.675,177,18,3884.323917942546,0.020895109471516734,0.0032554419596699416
0.675,177,19,3855.018767845807,0.015359171313237684,0.00014351999568765916
0.675,177,20,3822.2457187719842,0.010907609742310047,-0.00148574759263366
0.675,177,21,3779.7531607408964,0.030660480809810882,-0.004310350783088644
0.675,177,22,3735.6115450854454,0.02252948416279212,0.002279254844778073
0.675,177,23,3688.9747418897164,0.017465237124907062,0.0010763432432284521
0.675,177,24,3638.931580651985,0.015096869406622438,-0.00102852411541347
0.675,177,25,3581.527019585437,0.03387393899240471,-0.0002037011037469266
0.675,177,26,3520.985647140093,0.030904688243409664,0.000816745516749589
0.675,177,27,3456.9484851284205,0.027424933384953457,0.0054690261149705904
0.675,177,28,3389.876222905517,0.02511431734600522,0.0021171275510537763
0.675,177,29,3309.940414332827,0.0371358475957748,0.0024589789449961817
0.675,177,30,3229.362618385521,0.02751009410203962,0.0029032920899288465
0.675,177,31,3147.0650686406643,0.021648368698071692,0.0019899407742101443
0.675,177,32,3061.9010866230337,0.016658349753786793,0.0013315496648674883
0.675,177,33,2959.3521394179947,0.029696381964693985,-0.0013665301119541533
0.675,177,34,2854.398358698759,0.0227133555143927,0.004144080611417157
0.675,177,35,2746.2324362356007,0.01918172800107708,0.0011905893141002076
0.675,177,36,2634.476968059344,0.015757510969018347,0.0010874517301663789
0.675,177,37,2492.346291894887,0.029430868074759357,0.0006110717836984321
0.675,177,38,2346.5547217917715,0.023508470689994686,0.004539721368502296
0.675,177,39,2195.8697783212197,0.01938333970916504,0.000574993600293554
0.675,177,40,2039.2943805352038,0.01680453583025992,0.0008012684049584664
0.675,181,1,4067.2165196592346,0.036025433900731665,-0.018077681036516285
0.675,181,2,4087.8622779000766,0.02421810112728856,0.0053273569934043615
0.675,181,3,4108.267019356185,0.018501991459749442,0.0010572406805970489
0.675,181,4,4127.631888554888,0.01502639395429678,0.00035148243609841527
0.675,181,5,4143.790453636078,0.03171033821451201,0.0014169738155011028
0.675,181,6,4158.955130365039,0.0249927543761179,0.0052787947132608305
0.675,181,7,4171.883668496676,0.02316139357813943,0.0018975264593677162
0.675,181,8,4182.420670213018,0.022931485043956343,0.0011235536302291725
0.675,181,9,4201.568024543185,0.03974634476864284,0.002282163206132092
0.675,181,10,4219.6408883448385,0.03485542498038375,0.004401195515613175
0.675,181,11,4235.444966621037,0.03467064507333677,0.002032341490909642
0.675,181,12,4248.884605786695,0.03355386586357257,0.001957801772970714
0.675,181,13,4257.014039088017,0.04751112751568754,0.0009109347176911964
0.675,181,14,4264.593573978962,0.04055975598292295,0.0032116400254357923
0.675,181,15,4271.2915644084915,0.03519965432162693,0.0014005210123306734
0.675,181,16,4277.168967607546,0.029651221040013567,0.0018387816216220844
0.675,181,17,4274.904660630186,0.043178787565335316,-0.0005166024334734432
0.675,181,18,4271.75973332143,0.033869255391081245,0.003911666992744482
0.675,181,19,4267.222484378817,0.02747451998415956,0.0008130747168384745
0.675,181,20,4261.026719904762,0.023297104938525562,-0.0006497078562004904
0.675,181,21,4246.257404467982,0.042022062507475665,-0.003969961997206032
0.675,181,22,4229.045761222073,0.039724856795686506,-0.0022037578206432346
0.675,181,23,4208.585576069086,0.039068407253404706,-0.0029328809508217873
0.675,181,24,4185.637657174565,0.03567813208432822,0.0019454413644853369
0.675,181,25,4154.588463742573,0.05464950220390406,-0.0024892854886528737
0.675,181,26,4119.942150917647,0.052393601804324716,0.002286120160244469
0.675,181,27,4082.065523386816,0.049119312780070805,0.0033803219559305365
0.675,181,28,4041.5361759692732,0.045071391740502294,0.004525700483280189
0.675,181,29,3987.027828483355,0.05414248944955608,0.00259208977520959
0.675,181,30,3930.3301241295253,0.0476729638693899,0.0002871269853863443
0.675,181,31,3872.039039106813,0.04095716696050225,0.0033388039601601133
0.675,181,32,3811.698704387591,0.03537372062537235,0.00038627168673841433
0.675,181,33,3731.075605834745,0.046403757638009004,0.0032269266268911013
0.675,181,34,3647.0895919225895,0.039627388468870345,0.0020183549971022198
0.675,181,35,3559.8289035942234,0.03480380247917877,0.0029257650195905647
0.675,181,36,3468.727732773995,0.031380384000732245,-7.917549970242796e-05
0.675,181,37,3356.6715930706723,0.04428370223093299,0.0006434652756319809
0.675,181,38,3241.1367163947384,0.038999915186835245,0.0043256045543875014
0.675,181,39,3121.2399932179305,0.037704130310202186,-0.00015654727377868802
0.675,181,40,2997.0307311802603,0.035333631984261045,0.0014680055765015016
0.675,185,1,4087.2684094658753,0.042318456639151486,-0.01102641509098524
0.675,185,2,4126.849949226156,0.03443918464799153,0.0030215077296170405
0.675,185,3,4166.61481539416,0.029023905228950878,0.0007858919467688215
0.675,185,4,4206.170613108219,0.024743992800712836,0.0012129864535985124
0.675,185,5,4243.046182075986,0.04075824768953471,0.0015543207696361483
0.675,185,6,4279.539050451524,0.03753909135888616,0.0038313233601981844
0.675,185,7,4313.3698894403515,0.03731954012745019,0.0011694303668414484
0.675,185,8,4344.685490320326,0.03573343602228436,0.0017251520165174558
0.675,185,9,4384.5349269635235,0.052032169395990355,0.002266652406868609
0.675,185,10,4422.756738604195,0.050683456897584495,0.0022940679929524055
0.675,185,11,4458.738504852957,0.04975663752739805,0.0020168837753817242
0.675,185,12,4492.579787417131,0.04910097515102849,0.0019143311428146338
0.675,185,13,4521.206537377206,0.06317456402785689,0.0005759192645761068
0.675,185,14,4549.373344128763,0.05617572017192772,0.0029271684535686258
0.675,185,15,4576.933414233897,0.050739188015509404,0.0024241268702119207
0.675,185,16,4603.651400473659,0.045994676416551875,0.0014957340751712617
0.675,185,17,4623.15678390091,0.05754510209025251,0.001158592450968198
0.675,185,18,4641.634622499871,0.05056612531514087,0.002532204895554869
0.675,185,19,4658.671671550176,0.04535128569550558,-0.00013309989950290464
0.675,185,20,4673.979252071294,0.040479053213219617,0.0008041016364715296
0.675,185,21,4680.20157366638,0.058014800188761685,-0.004076959143278629
0.675,185,22,4683.1272350235995,0.05832517010368975,-0.004310474278767043
0.675,185,23,4683.154305453822,0.05935246265755815,-0.004721231067804487
0.675,185,24,4680.496646149262,0.05932498463867703,-0.0024730318475940077
0.675,185,25,4670.479383973928,0.07573811541692989,0.0012084881452386997
0.675,185,26,4657.848918054531,0.0738778249855026,0.003635176069421016
0.675,185,27,4642.75682924497,0.07105464842213038,0.0026839126493966295
0.675,185,28,4625.504374311726,0.06696424302800068,0.0050151430396274494
0.675,185,29,4592.995007603991,0.07456732733929118,0.0011780256951447192
0.675,185,30,4559.900380044969,0.06613059023623734,0.005627391084406524
0.675,185,31,4525.577778439633,0.06018833462690727,0.0028847477905568205
0.675,185,32,4489.7394149152715,0.05532691515242957,0.0009181952626250524
0.675,185,33,4430.891974254743,0.06696249539309589,-0.0015215051223257585
0.675,185,34,4369.053999242108,0.06256065777357882,0.004442857087344617
0.675,185,35,4303.507569891645,0.05994688396892257,0.0010400704753641007
0.675,185,36,4234.42893449764,0.056682832486261,-1.8824128419750465e-05
0.675,185,37,4154.163068166025,0.06928932746454763,0.001726601289103911
0.675,185,38,4069.837704246207,0.06553867786265709,0.0020739009585383768
0.675,185,39,3982.4109459759225,0.06220163384726163,0.004144115117534825
0.675,185,40,3890.1057721298357,0.06056844367801416,-0.0018950544695284144
0.675,189,1,4106.303442460129,0.049815863996860846,-0.00793859505509296
0.675,189,2,4164.177823538016,0.045246100576967076,0.0023073945907024444
0.675,189,3,4222.528539452592,0.04188928557782826,0.0006671329698690993
0.675,189,4,4281.741580700766,0.03742358762383798,0.0017918876146552436
0.675,189,5,4339.011071668397,0.053002770938600764,0.0021419904357941957
0.675,189,6,4394.507905593689,0.052196046551502215,0.0014972736669671056
0.675,189,7,4448.465133733027,0.05169092478961308,0.0017688878164621724
0.675,189,8,4500.701850087348,0.05081532787487642,0.001275581237907053
0.675,189,9,4562.191028398086,0.06738094141343819,0.0018988397349668509
0.675,189,10,4622.184192659653,0.06669104834985844,0.0021220432665905015
0.675,189,11,4680.640844716196,0.06610699969965288,0.0021373357164317357
0.675,189,12,4737.459695913187,0.06613985297587203,0.0023751470504569548
0.675,189,13,4789.427886340022,0.07974570107176067,0.0016761954697983661
0.675,189,14,4840.6477168137635,0.07488500845535989,0.002003919662165451
0.675,189,15,4890.5847413365245,0.0699550149525352,0.001777305935248677
0.675,189,16,4939.91362193941,0.0637475096144369,0.0025191805437980233
0.675,189,17,4982.202348104055,0.07402606306293431,0.002106913504506625
0.675,189,18,5024.438979734852,0.06744383591017661,0.003265498800865028
0.675,189,19,5065.13935350454,0.06244513004466941,0.0012875300370680071
0.675,189,20,5103.891430479239,0.05977369231295904,-0.0032707296812756674
0.675,189,21,5133.065046360278,0.07979458668016108,-0.00904135227406192
0.675,189,22,5157.858159808516,0.08323828830604532,-0.007623129913129416
0.675,189,23,5179.732666515292,0.08644065856788812,-0.003908442233256173
0.675,189,24,5198.669962596275,0.08661701988834089,-0.00042583070649276585
0.675,189,25,5210.474551812525,0.09990194666024284,0.0021447922898131635
0.675,189,26,5220.482094110617,0.09611326368763824,0.0011915580138942164
0.675,189,27,5229.723104581393,0.09029916136499908,0.008794253776133227
0.675,189,28,5237.2434422551805,0.08592288455947727,0.006137580979657009
0.675,189,29,5228.325108079783,0.09288211134825791,0.0011927957307751023
0.675,189,30,5219.224548714823,0.08564254622402508,0.0036467537210662557
0.675,189,31,5209.863678012102,0.07943147405441446,0.0014597360375382582
0.675,189,32,5199.114727510516,0.07529536183141605,0.0035592834024361186
0.675,189,33,5161.5193072348975,0.08570512564585991,0.0021840646805691504
0.675,189,34,5120.02449879297,0.08229919699997557,0.0028114215932548425
0.675,189,35,5075.747398670413,0.07819531302658832,0.0015795255809116647
0.675,189,36,5028.256262454587,0.075188049329919,0.0016316916858318735
0.675,189,37,4978.125001119362,0.08662033165913444,0.001959356842931428
0.675,189,38,4923.389827107197,0.08572409668664151,0.0009376214869348838
0.675,189,39,4864.507326508203,0.08634138252456496,-0.0013506134086079121
0.675,189,40,4800.603661237575,0.08886275205167085,-0.005629067606546861
0.675,193,1,4126.348046514353,0.05687754281100356,-0.005036818737583773
0.675,193,2,4203.721678537442,0.057684891552570366,0.001724731711060554
0.675,193,3,4281.029015675092,0.056553130636384855,0.00046711102669251835
0.675,193,4,4358.746165890566,0.05280117353724201,0.0015672454928190823
0.675,193,5,4433.940125052875,0.06883763911135157,0.0007236077970418003
0.675,193,6,4508.216461410584,0.06827694345563869,0.001495712039739426
0.675,193,7,4580.782228538178,0.06761871605374502,0.0013338113422507543
0.675,193,8,4651.677342913233,0.06798096974546138,0.0014954574927365084
0.675,193,9,4731.680954299346,0.08409994735785133,0.0017787005844041354
0.675,193,10,4809.7154727993375,0.08422488258805956,0.001546643847524461
0.675,193,11,4886.570997945223,0.08304548172722098,0.002629143814562193
0.675,193,12,4962.690304252901,0.08329412703325505,0.0024693139452844066
0.675,193,13,5034.737022424229,0.0964520305729989,0.0020254204921611183
0.675,193,14,5106.690158289609,0.09282186192183978,0.0018102883575448093
0.675,193,15,5178.118086344008,0.08865263892033284,0.0022037172540422837
0.675,193,16,5249.860201550353,0.08330514525438902,0.003064391441009466
0.675,193,17,5314.231563913016,0.09352557070806754,0.0023217923893811008
0.675,193,18,5376.996802328402,0.08853241075629562,0.0024250722426277984
0.675,193,19,5437.542067835701,0.0852428252685302,-0.002325129175592231
0.675,193,20,5495.077449587314,0.08428096470633446,-0.0049137094813056165
0.675,193,21,5542.086327247644,0.1034260855643779,-0.008790159403187217
0.675,193,22,5585.415113824859,0.10879669546534612,-0.00721565861815208
0.675,193,23,5626.497793110708,0.11015543219232349,-0.0031286844903899553
0.675,193,24,5666.379796436936,0.10660839721205523,0.0016334836745614575
0.675,193,25,5698.778024598045,0.119523028902235,0.002764200312748181
0.675,193,26,5730.180458246267,0.1152559292044571,0.0054687217353678735
0.675,193,27,5760.377989599728,0.10944366983993985,0.0029361364316162672
0.675,193,28,5790.118190448623,0.10224225614319521,0.007834663809061943
0.675,193,29,5801.752035762969,0.11077779001716533,0.0007914326025555839
0.675,193,30,5812.64884088744,0.10501300760628154,0.004472100389219473
0.675,193,31,5822.996570736535,0.09847632262804759,0.0025538220083165747
0.675,193,32,5832.277668254737,0.09354683217465956,0.004205332436294016
0.675,193,33,5813.592968580798,0.10395281097049526,0.0019863573517197313
0.675,193,34,5792.185192947464,0.10087271396059534,0.0021398199186598932
0.675,193,35,5767.455250475979,0.09783335202376583,0.0035054029626216177
0.675,193,36,5739.278496428212,0.0955730071699851,0.0029970531675909294
0.675,193,37,5715.831619511923,0.10895010010050026,-1.7658079893152216e-05
0.675,193,38,5687.874522005934,0.11088481625213349,-0.0033928901562156307
0.675,193,39,5655.8598950000805,0.11353444389829669,-0.0021116978157035148
0.675,193,40,5619.167460291982,0.11693022722836624,-0.00261966601492505
0.675,197,1,4146.532793311325,0.06309315385585744,-0.0024708293055706637
0.675,197,2,4242.705788133551,0.06841281927880619,0.0010265293615843395
0.675,197,3,4338.188980559703,0.06917028617178192,-0.000446594843087643
0.675,197,4,4433.999643226341,0.06773703401352402,0.00037137339677832166
0.675,197,5,4528.003442662821,0.08241220252700833,0.0013661110537803265
0.675,197,6,4620.733581225883,0.08280201106344688,0.0018715609973738588
0.675,197,7,4711.869313170846,0.08307863199955458,0.000812836658572935
0.675,197,8,4801.422979834019,0.08279861472259813,0.002099485936033908
0.675,197,9,4900.242304158606,0.09835673705225217,0.0024110118162031214
0.675,197,10,4997.5271023090345,0.09827814381394684,0.0014948099489855776
0.675,197,11,5093.228360904403,0.09831764044716952,0.0025455649986098478
0.675,197,12,5187.762123022706,0.09827993321583062,0.002705950365698455
0.675,197,13,5277.865449943131,0.11043252714085354,0.0024954375318778084
0.675,197,14,5367.786841019665,0.10634686805175128,0.0023007957318169295
0.675,197,15,5457.580622593529,0.10188173462432194,0.0029972613278142837
0.675,197,16,5548.260975509956,0.09685109120875095,0.0024656175020536836
0.675,197,17,5632.570978143005,0.10670240602621203,0.003479248365722869
0.675,197,18,5716.2690619348605,0.10229297716944231,0.0024626753710046898
0.675,197,19,5797.4354037226985,0.10094480029224744,-0.004033089244845301
0.675,197,20,5874.487735749029,0.10444673618046682,-0.011945255000550775
0.675,197,21,5941.292533895021,0.12270558496202821,-0.007298592393877334
0.675,197,22,6003.707532846514,0.12974158798683738,-0.009207873736018944
0.675,197,23,6063.64056165616,0.13010679010222362,-0.00022167829579941104
0.675,197,24,6123.499324112496,0.12340804940606627,0.0011311579540353126
0.675,197,25,6176.479892903265,0.13475937624035586,0.0062616841015165165
0.675,197,26,6229.719606136939,0.1260185755109777,0.010939861454671547
0.675,197,27,6282.600573723456,0.11949438461207953,0.0018632974838500775
0.675,197,28,6335.739925293446,0.11230787279972611,0.00669603075764044
0.675,197,29,6368.973020067359,0.12072790296997177,0.0037108223334095408
0.675,197,30,6401.509334190707,0.11545531522120589,0.0034105507473697954
0.675,197,31,6433.39748176273,0.1115884559607386,0.0021045747718009423
0.675,197,32,6464.401465225268,0.10883412816634824,0.001768755347702034
0.675,197,33,6464.320857494999,0.11934664232622191,0.00432385666464146
0.675,197,34,6460.5212690225735,0.11774282380767202,0.003234807115275138
0.675,197,35,6453.616089424464,0.11467448782973817,0.004484596534915151
0.675,197,36,6443.110411627148,0.11397074254281711,0.0003219523982945686
0.675,197,37,6446.446847974361,0.12839874020653416,-0.0009941464383068227
0.675,197,38,6445.1227303390815,0.13527913633832217,-0.008958208929151081
0.675,197,39,6438.8919001756985,0.14177960824393374,-0.003772614680799769
0.675,197,40,6427.600928790678,0.15027260569501982,-0.009344574234408274
0.675,201,1,4165.058647365548,0.06866479696015938,0.001400095205081165
0.675,201,2,4279.512243414992,0.07841374032106942,8.234706351899241e-05
0.675,201,3,4392.399442167091,0.08260370370061433,-0.0020620041401983365
0.675,201,4,4505.301755803977,0.08257022902649398,-0.00033696784139328764
0.675,201,5,4615.732456541123,0.0982846917503695,0.0007299061942221914
0.675,201,6,4724.281025938032,0.09883962086502708,0.0008127208764541946
0.675,201,7,4830.9133945343065,0.09928092298766208,0.00101118942093616
0.675,201,8,4936.554356189666,0.09950609368519663,0.0015438354289549507
0.675,201,9,5051.881993944863,0.1145087133699925,0.0021619053049866384
0.675,201,10,5166.1349224683845,0.11521928596425125,0.002064412147677527
0.675,201,11,5279.140495435795,0.11563469667710516,0.00240616287964985
0.675,201,12,5391.190831415088,0.1168552810522388,0.0027926219656404885
0.675,201,13,5499.228836581842,0.1287876668927436,0.0020889918384685386
0.675,201,14,5607.495788917419,0.12506353453088379,0.003464054743761761
0.675,201,15,5715.577671796643,0.12117752329635308,0.0033025642531987
0.675,201,16,5824.273281203879,0.11709956561337095,0.0032326072809897547
0.675,201,17,5924.859648687751,0.12702696305853375,0.0041583974044993735
0.675,201,18,6025.208411891771,0.12231050480684372,0.0026001980271720326
0.675,201,19,6123.81788047308,0.12114726209395313,-0.0018891947341640142
0.675,201,20,6218.341481978153,0.12955164246707643,-0.01866519489922192
0.675,201,21,6299.777052502992,0.15716253192099366,-0.023650020806139618
0.675,201,22,6376.358113045035,0.16524068211337817,-0.00766810051856545
0.675,201,23,6450.0450987354525,0.1666033149376215,-0.0026224895219351895
0.675,201,24,6522.363231616344,0.16395165059196434,0.005002200285324176
0.675,201,25,6588.105489135604,0.17096851967287846,0.008559546583991851
0.675,201,26,6656.8070230151025,0.15487378580096295,0.013818752738862693
0.675,201,27,6726.571143385663,0.1431177920644752,0.006428139367300579
0.675,201,28,6795.843476446395,0.1366211235027329,0.005408236172943273
0.675,201,29,6844.375520125978,0.14287790498681588,0.0037116218107702465
0.675,201,30,6892.675521432737,0.1372356648069549,0.004182376066905439
0.675,201,31,6940.16419174126,0.13350837842840405,0.004280807979704275
0.675,201,32,6986.586618773098,0.1299868823054384,0.00430765214230719
0.675,201,33,6999.79569487653,0.1403566479327112,0.0030148805392112366
0.675,201,34,7010.007398018002,0.13878265882179674,0.004249769869363757
0.675,201,35,7017.327595402432,0.1384570814640882,0.003359744425622
0.675,201,36,7021.1163213322625,0.13747643189937617,0.0034531179730303684
0.675,201,37,7044.960837737313,0.15194878521785607,-0.00100292832693092
0.675,201,38,7063.308574209376,0.16408947567513593,-0.015791943054047335
0.675,201,39,7076.587117270617,0.17670426408207843,-0.013248079212305216
0.675,201,40,7084.126935292477,0.1913380847154395,-0.013885868599830242
0.675,205,1,4181.419680849153,0.07460572340661759,0.0036802996323838885
0.675,205,2,4311.889693179698,0.08680041658548779,-0.0014591834631074625
0.675,205,3,4442.131302183534,0.09226400712384214,-0.0018666553827009704
0.675,205,4,4572.872406255271,0.09459658806525631,-0.0010150874385232744
0.675,205,5,4701.05065519275,0.11095324535506333,-0.00024364135941446318
0.675,205,6,4828.421074709696,0.11244271447568271,0.0006930768369402795
0.675,205,7,4954.957664805605,0.11272872246727313,0.0011269312367368036
0.675,205,8,5080.21727609592,0.11374314687855741,0.0007588289444363144
0.675,205,9,5214.125945490612,0.1291544789951489,0.002003900579802467
0.675,205,10,5346.787991470093,0.12910216618459197,0.001938197397866166
0.675,205,11,5478.964724081909,0.12937261414283394,0.0032482117770107296
0.675,205,12,5610.91369474008,0.1299732364835578,0.0034825643263935
0.675,205,13,5737.898278486958,0.14271528677276402,0.00268521568706303
0.675,205,14,5864.94598793541,0.13895138265574883,0.0035783404850812622
0.675,205,15,5992.7444567783205,0.13517825322733037,0.0029993549331438136
0.675,205,16,6120.970262240776,0.13104660315688962,0.003544532125533232
0.675,205,17,6241.602058121741,0.14063741977828537,0.0043562233928267375
0.675,205,18,6361.786591781852,0.13625746278983145,0.0040888454394575465
0.675,205,19,6481.052257013249,0.13436515649197803,-0.0004012025979485023
0.675,205,20,6595.511119117149,0.1426373416903456,-0.017492259012758492
0.675,205,21,6695.756571410348,0.16918041872182077,-0.024758587703724817
0.675,205,22,6790.17804641556,0.1834431304674879,-0.020885981282597763
0.675,205,23,6880.348753953013,0.19273205621707054,-0.007663396642309247
0.675,205,24,6970.308950969688,0.18975846855449227,-6.706613190208497e-05
0.675,205,25,7054.5863684673095,0.19459906556976483,0.020828437930088057
0.675,205,26,7140.841595233147,0.18035498793508428,0.013150677412057487
0.675,205,27,7229.3117214707545,0.16565146906954248,0.012526761602194738
0.675,205,28,7320.180353777385,0.1522289680613488,0.004746572185330295
0.675,205,29,7389.999354585897,0.15700501090166707,0.0028843670564033695
0.675,205,30,7459.240889448295,0.1536137489973349,0.004839662953689505
0.675,205,31,7526.202627908688,0.15110480584395644,0.003854882430660987
0.675,205,32,7592.508096957342,0.14736538671689073,0.005330475269912732
0.675,205,33,7622.887718495285,0.15699839658835688,0.004711609779996265
0.675,205,34,7649.600039326873,0.1558232216015731,0.003627088159476633
0.675,205,35,7672.759336231006,0.15487006909501427,0.004415955284940345
0.675,205,36,7692.339254552616,0.15447437641558528,0.00320366516370437
0.675,205,37,7740.896508105814,0.16835555542354097,-0.0015295671010129048
0.675,205,38,7784.782333823362,0.17752405684259254,-0.009599069414113088
0.675,205,39,7821.209564404184,0.19742740784259344,-0.024017812026653176
0.675,205,40,7850.1445373172655,0.22045425148517778,-0.02433708573738007
0.675,209,1,4198.892534903377,0.07842308757004374,0.00673044597568491
0.675,209,2,4345.947056229879,0.09499186212861335,-0.004135695487981149
0.675,209,3,4491.437827463875,0.10327161781306367,-0.0022463010540862386
0.675,209,4,4636.445499068019,0.10684946785569123,-0.0011156208481267992
0.675,209,5,4779.5782632238115,0.1230166589474123,-0.0005840429096971054
0.675,209,6,4921.9195597005255,0.12506257299519197,0.0008146364324718696
0.675,209,7,5063.55539884035,0.12628674488411543,0.0006576695785861359
0.675,209,8,5204.751325851942,0.12679889648427395,0.0014574547011632643
0.675,209,9,5355.850049721269,0.1423059062476865,0.0015831720412533415
0.675,209,10,5507.163714246333,0.14336932002033595,0.002746022805493321
0.675,209,11,5657.596927566645,0.14442753849967285,0.003038119641036541
0.675,209,12,5807.09351620108,0.14560179238725188,0.0023287454720246205
0.675,209,13,5952.714178659809,0.15735075689067493,0.0033289295394259705
0.675,209,14,6098.9955822957745,0.15446012268816392,0.0036151552863070233
0.675,209,15,6245.928076209381,0.15086411522819948,0.004293922226785323
0.675,209,16,6393.869065155709,0.1469504387295516,0.0049011184299020535
0.675,209,17,6533.98758440735,0.15676987474930576,0.004379432643877317
0.675,209,18,6673.736674544306,0.1518537602154456,0.005422850486282971
0.675,209,19,6812.064922915503,0.14819572694523767,0.0025025673962209335
0.675,209,20,6947.578478255384,0.15232342793299758,-0.010226236526319675
0.675,209,21,7067.710813099445,0.18285275189948444,-0.031028929294828766
0.675,209,22,7180.18002280233,0.19981627863074183,-0.025129521659290017
0.675,209,23,7285.2073072614385,0.21670543595773928,-0.025677279055646412
0.675,209,24,7387.459927205666,0.21906313987670645,-0.002855422710617453
0.675,209,25,7482.855792735585,0.22556870423826056,0.023975696474173754
0.675,209,26,7582.604159129393,0.20763596770522363,0.014520573610625583
0.675,209,27,7685.056989230467,0.19501237098923274,0.019690100662788226
0.675,209,28,7792.396599730197,0.17641670397978523,0.006265714366025261
0.675,209,29,7879.639323562858,0.1758386990531263,0.003997917340100647
0.675,209,30,7967.008615040992,0.17194189462851225,0.004695553628575105
0.675,209,31,8054.151353865437,0.16793737280510715,0.004354113289787697
0.675,209,32,8139.725349847597,0.16601091341992016,0.005231462208479295
0.675,209,33,8186.912038164084,0.1754800512513684,0.004524342378797524
0.675,209,34,8230.9987296002,0.17417109917366227,0.00562583888531719
0.675,209,35,8271.420428340723,0.17351240046500846,0.0037918472864271855
0.675,209,36,8308.366988487114,0.1719974629538052,0.0058013337680021615
0.675,209,37,8381.24178284645,0.18478182984783942,0.0010372320153757655
0.675,209,38,8450.017245598812,0.19309837690234435,-0.00919168636352136
0.675,209,39,8511.698117552725,0.21185828118460043,-0.023610352967764727
0.675,209,40,8564.315202488542,0.2426601122972261,-0.03642985229861227
0.7,169,1,4141.705673670628,0.024165846844485292,-0.05232379492683773
0.7,169,2,4087.289266198801,0.003634281714832537,0.012998407260016944
0.7,169,3,4029.58875649329,0.002185621509724482,-0.00452017086773986
0.7,169,4,3969.163685890189,0.0013420693165522198,-0.0018534390057692843
0.7,169,5,3904.0342215397905,0.020750091819944774,0.0003344518423818625
0.7,169,6,3838.983114411964,0.004293734104016977,0.014946388452098934
0.7,169,7,3770.013264756894,0.0033947807651941676,0.0009872698326433545
0.7,169,8,3697.077681435864,0.0028093737433859487,0.0004064998149316374
0.7,169,9,3631.2559474483396,0.022035776652356117,0.0010806671808297659
0.7,169,10,3566.41949387627,0.007529666479511861,0.013115066027556339
0.7,169,11,3498.5264858735964,0.0057886652001932605,0.0015296071287067353
0.7,169,12,3427.243605046191,0.005198523239773689,0.001963593812632801
0.7,169,13,3348.553137721884,0.023021902738679323,-0.0032703450780918485
0.7,169,14,3268.86197359866,0.007898098132715243,0.00758133552595314
0.7,169,15,3185.6282277723394,0.00431091600833636,-0.0018858555163686812
0.7,169,16,3098.153078407144,0.003350982630068081,-0.0033016174226274653
0.7,169,17,3001.7176379989496,0.021983222171571247,-0.004640426308266276
0.7,169,18,2904.290074800481,0.004909497285860715,0.008469739567115556
0.7,169,19,2802.5782907535845,0.0025781831194063723,-0.004138998228806396
0.7,169,20,2695.3275348194334,0.0023327295000550863,-0.0054107282626773045
0.7,169,21,2580.032028118302,0.021432699549987586,-0.002327042570946027
0.7,169,22,2464.562945881982,0.004704798124653112,0.01122469424213089
0.7,169,23,2345.795990001196,0.0021400713249648162,-0.002801228695073807
0.7,169,24,2222.986455284995,0.0014206501865378547,-0.0028466706096154015
0.7,169,25,2092.915941755897,0.021129805222782082,0.0005515297767096064
0.7,169,26,1961.249515854488,0.00767636886759216,0.011923061506368243
0.7,169,27,1825.5481201445705,0.003718156591353099,0.003308480245288736
0.7,169,28,1685.334252280315,0.0033856080692400026,0.0025087665989612365
0.7,169,29,1535.0162577518531,0.02004766743321255,-0.001046408408758486
0.7,169,30,1384.0968278894456,0.007257652363664546,0.005935133412596824
0.7,169,31,1229.8202241727781,0.0033545884131937894,-0.0012486544605111863
0.7,169,32,1071.7886422246568,0.0023659065435833546,-0.002942605996342783
0.7,169,33,902.0200173245028,0.01985364374604486,-0.0036237003232442366
0.7,169,34,730.3920920794226,0.005098801272114717,0.009463423635795467
0.7,169,35,553.6653305024844,0.002807843575003775,-0.0009645207330091104
0.7,169,36,372.307308526195,0.0018035063564446657,-0.0010199033885096027
0.7,169,37,135.50490610417015,0.018750371611013703,-0.002342492218447826
0.7,169,38,-105.23629789721844,0.004733483484767365,0.010709859315355447
0.7,169,39,-352.49609391211567,0.0023947420500367088,-0.0009753918241421247
0.7,169,40,-606.821533769314,0.001576384256296482,-0.00108220111160019
0.7,173,1,4164.600704485043,0.025749743437654585,-0.03816654371897987
0.7,173,2,4132.901249839084,0.0075759188654771666,0.010347770424108813
0.7,173,3,4099.155762112643,0.004172225890512389,-0.0011884000326740948
0.7,173,4,4062.5984153012364,0.003579532789194761,-0.0029333194880570785
0.7,173,5,4021.7996133969664,0.02187063705648695,0.001630822753796895
0.7,173,6,3980.617849694326,0.0082354418040563,0.010774474140675597
0.7,173,7,3936.429695262556,0.0060838187928825465,0.002093439884442818
0.7,173,8,3888.818670885306,0.00548086549901709,0.001575132843899401
0.7,173,9,3848.337733684978,0.024965045677408305,0.0002741147122872006
0.7,173,10,3807.3779246161325,0.014087862573798588,0.009722888953640114
0.7,173,11,3763.817943137811,0.01186953999010961,0.002639726185959941
0.7,173,12,3718.3372459361112,0.010397777543775162,0.0019205647840226869
0.7,173,13,3667.698022635494,0.02759374153193172,-0.0012870311446534662
0.7,173,14,3616.7186733432195,0.016658140422385878,0.005218242284661524
0.7,173,15,3563.241519005006,0.01142921922385947,4.244055967340744e-05
0.7,173,16,3506.9188955007944,0.0083803392828004,-0.0012381729522523736
0.7,173,17,3442.122661244424,0.025411876905039966,-0.002836419132412637
0.7,173,18,3376.2049793561887,0.010692993994813353,0.0069149859091125745
0.7,173,19,3306.1239829483125,0.006954674536215527,-0.0025050336759665916
0.7,173,20,3231.520236631428,0.004609450109144423,-0.0038082937156110725
0.7,173,21,3147.286690651899,0.02351002091345675,-0.0025653401280182017
0.7,173,22,3061.9005658746946,0.01050542935012239,0.0065672133307837395
0.7,173,23,2972.9007171096705,0.005460286825666353,8.929986702557646e-05
0.7,173,24,2879.196394134372,0.003920245722039273,-0.002272494677609588
0.7,173,25,2777.532821891212,0.025401039133419418,-0.002858902812922117
0.7,173,26,2675.163296625196,0.01300278515379744,0.011813023117214713
0.7,173,27,2570.0335607167613,0.009234174147130497,0.005133958031505082
0.7,173,28,2460.5194058541165,0.010234437345758556,0.0009041871964160229
0.7,173,29,2339.6262450461772,0.02474491691740752,-0.003289004845395879
0.7,173,30,2217.465782211349,0.016684326325060807,0.0026637638297765565
0.7,173,31,2093.422743910075,0.011222681936548502,0.003889154891555968
0.7,173,32,1966.912050268342,0.008054146670970066,-0.0011533074700415446
0.7,173,33,1826.4505423578178,0.023481520753579874,-0.0002757309329851326
0.7,173,34,1683.8747205156599,0.012715908251188974,0.0052012464587080955
0.7,173,35,1536.838752243685,0.0075697405302175705,0.001522928121246988
0.7,173,36,1385.1688960198612,0.005033381248213138,-0.001634999384703142
0.7,173,37,1188.8223632279505,0.021382705476918982,-0.0009325970208715233
0.7,173,38,987.8496991479653,0.010864312031002273,0.007858458224665134
0.7,173,39,781.3494283847772,0.0064360947223688235,0.0019509099019145984
0.7,173,40,568.2130100633653,0.004750518139197029,-0.0004907785364133398
0.7,177,1,4187.692807249156,0.030236131566976705,-0.02644726014543106
0.7,177,2,4178.103633421808,0.0149543354615177,0.007196166435672948
0.7,177,3,4167.755965863805,0.00971575654451291,0.0008642527190283971
0.7,177,4,4155.566919491817,0.007414712465458907,-0.0010310729957871516
0.7,177,5,4139.565024284351,0.024858105791925163,0.0007493656778428995
0.7,177,6,4122.932368650453,0.015479221986696082,0.008168665895892184
0.7,177,7,4103.994109339735,0.013570629330724759,0.0025815860408545267
0.7,177,8,4081.8517787181177,0.012960583418746242,0.0014437375691597188
0.7,177,9,4067.2590743280716,0.03055158232388733,0.0013302711486080717
0.7,177,10,4051.7267324316003,0.024884200657106517,0.005509054529540855
0.7,177,11,4034.080440214876,0.021395593392817568,0.002826339255807537
0.7,177,12,4014.0920715983975,0.021130488433237282,0.0014333680898122375
0.7,177,13,3988.909971386015,0.03695612708959342,-9.573591596444193e-05
0.7,177,14,3964.025524552331,0.026900123355723483,0.005324948496807068
0.7,177,15,3937.2514202789116,0.02190696520573774,0.00043288154131830505
0.7,177,16,3908.432103735315,0.018030868487798266,-0.00012660767521294094
0.7,177,17,3872.72845553655,0.031284115409599494,5.562905032762125e-05
0.7,177,18,3836.3129472292085,0.02064956055131942,0.004096973761694186
0.7,177,19,3797.399781132244,0.01525062410355022,0.000108186259666557
0.7,177,20,3755.1048591304307,0.011897588890605246,-0.0018315320220132793
0.7,177,21,3703.1397735644796,0.030352740344941335,-0.0023875963923883797
0.7,177,22,3649.286601838946,0.020976526701443707,0.004979784981639114
0.7,177,23,3592.356787952964,0.015935801193739444,0.00065610304569416
0.7,177,24,3531.3477095785806,0.014626177767560762,-0.003548137600352055
0.7,177,25,3461.646363125597,0.0363322374777772,-0.006467932821637703
0.7,177,26,3389.065390351374,0.0333945920208946,0.005210885942643587
0.7,177,27,3313.4534281355513,0.031158304010077003,0.004458900070004272
0.7,177,28,3234.5343225957313,0.02705735661917734,0.005172352596283027
0.7,177,29,3143.214881404454,0.03966448682535372,-0.000111193791291256
0.7,177,30,3050.668109584525,0.03195003123992206,0.003839619544952904
0.7,177,31,2955.5980798042647,0.025062440357830822,-0.0004533149078177732
0.7,177,32,2858.342804496906,0.019175663147445843,0.00250675366638648
0.7,177,33,2744.5568128311056,0.032057701784549135,0.0011327705273066818
0.7,177,34,2627.982200182384,0.024165758251045662,0.0045780874850959
0.7,177,35,2507.8717109408817,0.018982813330000757,0.0021289359736718708
0.7,177,36,2383.572120813095,0.016429675672045237,-0.000376875976386794
0.7,177,37,2225.3185395993187,0.030566380404628814,-0.0003924086554189743
0.7,177,38,2062.630023282048,0.023815457555812828,0.004343138903623814
0.7,177,39,1894.5581495238691,0.02039377487554526,0.0012141769657709532
0.7,177,40,1720.0019848363563,0.017388660025987202,0.0002770191922496196
0.7,181,1,4209.336339042275,0.03543191933215684,-0.017750890153772594
0.7,181,2,4221.686754540569,0.023448088895704638,0.004941607980397963
0.7,181,3,4233.238358417987,0.01844528212881459,0.00022868288143853478
0.7,181,4,4243.399103109996,0.01438021939297434,0.0011780899939994188
0.7,181,5,4250.162129205215,0.031242416857317813,0.0010575962127247684
0.7,181,6,4255.53430656135,0.024463921633310667,0.005524545943643137
0.7,181,7,4258.475472757504,0.022739637424557382,0.0018892598507105507
0.7,181,8,4259.304502544067,0.021351087589540317,0.0016712838391218228
0.7,181,9,4268.5704679714345,0.03836430414175248,0.0017714925566640624
0.7,181,10,4276.431066225375,0.034785529594623776,0.0036776110571595283
0.7,181,11,4283.148406201316,0.03308623930239349,0.0031401215022169218
0.7,181,12,4287.240406620369,0.032473319253054855,0.001683605356240083
0.7,181,13,4286.167155315604,0.04702819939478716,0.0005363780001832743
0.7,181,14,4284.856810513157,0.04034506402785805,0.0032218154666551965
0.7,181,15,4282.084346228347,0.03535667890513839,0.0003682225885469547
0.7,181,16,4277.6111881592105,0.03017815660712779,0.0012735621020441418
0.7,181,17,4265.5852148158,0.042915502341746826,0.0008893730570073822
0.7,181,18,4253.011429253577,0.03435391549070902,0.0035726074669195826
0.7,181,19,4238.530765090216,0.028076707054252713,0.0005579043166253246
0.7,181,20,4221.481321431453,0.023862990254387758,0.00016732285370088903
0.7,181,21,4195.633305371136,0.04252554289906405,-0.004238978393139675
0.7,181,22,4166.803715272797,0.03955626570531741,-0.0015992743743884702
0.7,181,23,4134.2951103301875,0.03749106994904554,-0.003218746384493609
0.7,181,24,4097.973152830246,0.03661050204585973,-0.0008026454830492815
0.7,181,25,4054.069200689049,0.05387411444584951,9.564396467033991e-05
0.7,181,26,4007.562271792187,0.05030777991944557,0.004158265983501057
0.7,181,27,3958.5569238176317,0.04650535470658015,0.00459081009800795
0.7,181,28,3906.5014724346847,0.04221868720723314,0.0026212778633954363
0.7,181,29,3840.7368355749754,0.052184208990645506,0.0031706680870370544
0.7,181,30,3772.686178417471,0.04402854412727431,0.003223708239977275
0.7,181,31,3702.311295215162,0.0369174427863374,0.0021483334234367467
0.7,181,32,3630.4119280755954,0.03164473854423367,0.0013904270692558889
0.7,181,33,3538.3384962996406,0.04302562631839503,0.00010965602010826985
0.7,181,34,3442.8273620418163,0.03852446178423751,0.0022282610182170833
0.7,181,35,3343.4965411029107,0.033918997861243215,0.0020324104616063583
0.7,181,36,3240.703222519403,0.03034930574532766,0.0008689386379213618
0.7,181,37,3114.8966413259564,0.0434712172199191,0.0005727558097855243
0.7,181,38,2984.628692236561,0.039445527588281695,0.001944587288493189
0.7,181,39,2850.3482877079496,0.036108377758253846,0.0020813929944819777
0.7,181,40,2711.568896857623,0.033953090647382986,0.0021734802790187007
0.7,185,1,4229.812550264775,0.042842540280855324,-0.011330692776719536
0.7,185,2,4262.406200210373,0.03490123163299405,0.0033649770031195857
0.7,185,3,4294.999882694224,0.03016669462244156,0.0004581497060124557
0.7,185,4,4327.807895580571,0.025952320013169494,0.001442141815894033
0.7,185,5,4358.014406750863,0.041954288084725656,0.0017040057041643787
0.7,185,6,4386.809675101974,0.03874124693690306,0.003598619989096013
0.7,185,7,4413.783761377263,0.03764233465700366,0.0017713309500224
0.7,185,8,4438.622893157569,0.037289982552453756,0.0016325913229542875
0.7,185,9,4471.6870758875775,0.054153854182815646,0.0010153784330565005
0.7,185,10,4503.450307991865,0.05162344834868819,0.0031078740177094047
0.7,185,11,4532.714107630022,0.05092633616450103,0.0022337236165857217
0.7,185,12,4559.640594819329,0.05036895608838429,0.0016899283774141208
0.7,185,13,4580.9008220509,0.06366100127529294,0.001103805525183441
0.7,185,14,4601.131102261807,0.05769182765072304,0.002535789064595347
0.7,185,15,4620.294511447083,0.05236294645194601,0.0020183468919248593
0.7,185,16,4638.6672025951375,0.04678241237193735,0.002495128325380391
0.7,185,17,4649.555431120031,0.05858589433686459,0.0008408884192769938
0.7,185,18,4658.37734143456,0.052115246519323574,0.00200659733332432
0.7,185,19,4665.241733907861,0.04661769621236553,0.0015515180101621057
0.7,185,20,4669.556896376237,0.0422273731638384,-0.0013694384680574844
0.7,185,21,4664.334717756739,0.06044203389672953,-0.005289014991948161
0.7,185,22,4654.976993926176,0.062161540863089185,-0.0063775589329626015
0.7,185,23,4643.155035469185,0.06007561431077441,0.0008650431088150966
0.7,185,24,4628.191148767856,0.05801783793502875,-0.0003753497650618998
0.7,185,25,4605.395460245049,0.07488904778080543,0.0008161515246344268
0.7,185,26,4579.870609422,0.07345854373497172,-0.0014964569201819306
0.7,185,27,4551.6792897765745,0.06936364107261381,0.004400318614902133
0.7,185,28,4521.991925051813,0.06475974143286746,0.008310307183004302
0.7,185,29,4477.101142924667,0.07401467243597398,0.00039957724759233696
0.7,185,30,4430.644781769567,0.06723461545491793,0.0018142080399640146
0.7,185,31,4383.402171910319,0.059812220551163246,0.0034464704665246753
0.7,185,32,4334.27185775192,0.05407312186952072,0.0012787777474467276
0.7,185,33,4261.8971204031905,0.06437327635135931,0.002150027350531763
0.7,185,34,4186.182765676468,0.060147310501706436,0.0018375339201045012
0.7,185,35,4107.5718418347415,0.05561556084762656,0.002059905977233913
0.7,185,36,4026.131604270566,0.052196165843474765,0.0013310307947366077
0.7,185,37,3929.963614697958,0.06377084819006713,0.0009286091087683995
0.7,185,38,3829.5107251373424,0.06109260584503391,0.0019207020945813309
0.7,185,39,3724.722692450206,0.058931277765311776,0.001423540443262997
0.7,185,40,3615.4778862191433,0.05715487251551436,0.0014570750197636512
0.7,189,1,4249.3800473286665,0.048931519065528756,-0.0074638638959295235
0.7,189,2,4300.06132243338,0.046203505931898675,0.0015535633540665345
0.7,189,3,4350.125400600667,0.04220781108405249,0.0007059238535452773
0.7,189,4,4400.305985730627,0.03854483633257983,0.0012333641872190307
0.7,189,5,4448.142507566044,0.05300582466667106,0.002210367505014582
0.7,189,6,4495.051370349601,0.05060891535354552,0.0028075766847038617
0.7,189,7,4539.909400928135,0.05046096105451301,0.001240488202675903
0.7,189,8,4583.516021703524,0.049673613016837724,0.001607401787772636
0.7,189,9,4637.121949575515,0.06580058934892172,0.0020238062064942774
0.7,189,10,4689.3433367133985,0.0654722391983036,0.0023445383697165423
0.7,189,11,4739.7188571368315,0.06508087721790488,0.0018630382878583028
0.7,189,12,4787.697509888037,0.06539673379114516,0.001865430748328813
0.7,189,13,4830.600437995818,0.07891796632954458,0.0017062125520800778
0.7,189,14,4872.184981276954,0.07408583587371396,0.0018283030263680925
0.7,189,15,4913.544854594988,0.06883350579209245,0.0019128065657887522
0.7,189,16,4953.883652113395,0.06391403032062525,0.00137042333115807
0.7,189,17,4987.106979264063,0.0742629976241831,0.002914569127036482
0.7,189,18,5018.719982045409,0.06755207201600012,0.0017930184729960553
0.7,189,19,5048.678469569121,0.06286063774561955,-0.00019630846917716318
0.7,189,20,5077.008437111477,0.05886183284963512,-0.0014618250786949275
0.7,189,21,5095.318917500391,0.0762749097510306,-0.004439662034620292
0.7,189,22,5109.771829794569,0.0790657231028468,-0.007423042436018676
0.7,189,23,5121.344872226212,0.08104808695473725,-0.005115602726607913
0.7,189,24,5130.892749783264,0.07819397909165052,0.003001915438751521
0.7,189,25,5133.522234533095,0.09159322745055518,0.004733285471642727
0.7,189,26,5133.631448580285,0.08923682401845302,0.0008166632488357098
0.7,189,27,5131.9812495421065,0.08565743412950483,0.0037392733282080913
0.7,189,28,5129.0281696557395,0.08217807275120556,0.003713878403261755
0.7,189,29,5109.568868006617,0.0921583762268885,0.0029382122543726136
0.7,189,30,5090.535729074674,0.08372199508204646,0.0042222239724842275
0.7,189,31,5070.074292646977,0.07895433761746841,0.0011516629161997273
0.7,189,32,5048.161302968611,0.07520453369680861,0.000990683224581377
0.7,189,33,5000.085794624154,0.0861572998069943,0.0008994012941039221
0.7,189,34,4948.443659595418,0.08312392805574328,0.00191512083857863
0.7,189,35,4892.943015728492,0.07937602422772434,0.0031770411966748507
0.7,189,36,4833.69011763747,0.07600535523818694,-2.44684288471527e-05
0.7,189,37,4769.22075124511,0.0878790755513393,0.0017973910327772817
0.7,189,38,4701.0456689724,0.08506413788468262,0.0020157928673574825
0.7,189,39,4628.460995414566,0.0842876971438797,0.0001853253488710464
0.7,189,40,4551.817904026696,0.08279374971599723,0.0015832068982736297
0.7,193,1,4270.5103301449735,0.05646407923884689,-0.00486531153382847
0.7,193,2,4341.1061024375385,0.05773920736910911,0.0013000079940329353
0.7,193,3,4411.72020195821,0.05565979874036173,0.00042631372719591936
0.7,193,4,4482.705552994671,0.05262594410280142,0.001379867637659963
0.7,193,5,4550.853368268617,0.0675043043672057,0.0014339053487608376
0.7,193,6,4617.213613353115,0.06713829410365633,0.0013342455113435308
0.7,193,7,4681.264615664541,0.0667572300273588,0.0011820839589245509
0.7,193,8,4743.718806030261,0.06639286858019039,0.001592091221312146
0.7,193,9,4814.606047939256,0.08262896988161803,0.0015777750515125915
0.7,193,10,4884.504450997121,0.08158535154725259,0.002408384625929185
0.7,193,11,4953.178843197721,0.0815389763708482,0.0024846111937281996
0.7,193,12,5020.762613812755,0.08177768512770264,0.002051183608963044
0.7,193,13,5083.662229858227,0.09525224808285365,0.0013006740280363607
0.7,193,14,5147.022446411851,0.09112456415235674,0.00278392392070266
0.7,193,15,5209.585609783326,0.08720994828426544,0.001729334462348695
0.7,193,16,5271.844523874733,0.08221826724977371,0.0020787763809754223
0.7,193,17,5326.439611460084,0.091921557298936,0.0028644395989912163
0.7,193,18,5379.680732877364,0.08690063803331355,0.0016706019053664015
0.7,193,19,5431.609795093959,0.08245486184226931,-0.0003153997959350284
0.7,193,20,5482.153469728948,0.07895728888023391,-0.00023010606994411126
0.7,193,21,5522.054096360941,0.09831595285388033,-0.010030278912303708
0.7,193,22,5558.163071299903,0.10391198032099112,-0.010468234615979349
0.7,193,23,5591.816458782794,0.10396116627560319,0.001164532425765805
0.7,193,24,5621.738741644039,0.1047902653516682,-0.0026978685275378654
0.7,193,25,5645.115057206185,0.11592904312292286,0.00534090115897962
0.7,193,26,5666.5131169816195,0.11254751993438052,-0.0004426284536931227
0.7,193,27,5686.073544357238,0.10716572161225123,0.008624083478008453
0.7,193,28,5704.355889352644,0.10154782485456687,0.002494397654795984
0.7,193,29,5705.497498371989,0.10809039999165668,0.004694609967967367
0.7,193,30,5705.957743227001,0.10203163406201533,0.004105891724607498
0.7,193,31,5705.819845483622,0.09690631807014319,0.0013345016545688695
0.7,193,32,5704.724608280959,0.09193656870273212,0.0034991769047135906
0.7,193,33,5675.80436364604,0.10237442371021657,0.001507032138721493
0.7,193,34,5643.780692502683,0.09911986163157319,0.003349190125390045
0.7,193,35,5608.045686406593,0.09698197300759194,0.0016422240731334714
0.7,193,36,5567.573325881157,0.0962444237658986,-0.0007399351275734992
0.7,193,37,5530.485554030954,0.10937450744812967,-0.0019777912470399024
0.7,193,38,5488.741650625673,0.10904943344567883,0.0008528283732745618
0.7,193,39,5443.581930305932,0.10905604468355043,0.0004800316875184735
0.7,193,40,5394.3931746845,0.1119931199013975,-0.00292329345569583
0.7,197,1,4289.892077253351,0.06301009902291389,-0.0025407063857522632
0.7,197,2,4379.155784597313,0.06821054289286434,0.0003489405461518952
0.7,197,3,4467.972238595036,0.06853666411060892,-2.8178358910243163e-05
0.7,197,4,4557.101362953659,0.06674550734416204,0.0006816004038480255
0.7,197,5,4644.164934351127,0.08176361047609214,0.0017547198266516912
0.7,197,6,4728.713348270432,0.08163125204004065,0.0011281786025455634
0.7,197,7,4810.774186451742,0.08138312913757871,0.0008439684799866078
0.7,197,8,4891.2759238022545,0.08085239302579607,0.0018463765009686449
0.7,197,9,4981.750650616037,0.09625234114692269,0.0021964407019843283
0.7,197,10,5071.46473761862,0.09591218438102796,0.0024167453815964555
0.7,197,11,5160.208324688957,0.09598341553869784,0.0024313132118175995
0.7,197,12,5248.016635706632,0.09646461637099187,0.002600783419807812
0.7,197,13,5331.067940326356,0.10924457692799869,0.0015802033462596172
0.7,197,14,5414.446301825038,0.10535246637851219,0.0024296756370649816
0.7,197,15,5497.859879373806,0.10031364175399995,0.0029878999749717535
0.7,197,16,5581.522711457584,0.0959326738639563,0.002173733470552655
0.7,197,17,5657.542429022605,0.10582151352001688,0.002837739678207703
0.7,197,18,5732.478461879335,0.10111163893868252,0.0018513349187850975
0.7,197,19,5805.914500794445,0.09815304952869124,-0.00046704371891268323
0.7,197,20,5876.31552376443,0.09884623767598559,-0.007032870169327316
0.7,197,21,5936.077022082599,0.1178171596590664,-0.009589141210653093
0.7,197,22,5991.253100493985,0.12257534534021361,-0.008247566159231353
0.7,197,23,6042.674030066039,0.1246962342564377,-0.0029370879591098602
0.7,197,24,6093.0306752534925,0.12136895668396779,0.0019849207375323727
0.7,197,25,6136.652112517347,0.13189474892710532,0.005516492076873793
0.7,197,26,6178.511887903409,0.12698128162950392,0.004902575709029738
0.7,197,27,6219.763204132065,0.11970740979363287,0.00505079480224256
0.7,197,28,6259.666469414786,0.11474584797072201,0.004340197366882932
0.7,197,29,6280.148844157767,0.12251560135113516,0.0029265812943289936
0.7,197,30,6300.565611751959,0.11661178067698055,0.003686879795630272
0.7,197,31,6320.4118167196075,0.11168653324330918,0.003491827892872703
0.7,197,32,6339.070138459447,0.10693239038590906,0.0028040096005083246
0.7,197,33,6326.903780537924,0.11713024561661538,0.002914417450039142
0.7,197,34,6312.109551851049,0.11444293835772908,0.002324140812311871
0.7,197,35,6294.381381011633,0.11146632019354116,0.0026005434189030714
0.7,197,36,6274.413014098594,0.10854279136006917,0.005989531824077186
0.7,197,37,6266.0301859628,0.12075865627871529,0.0015232333234493742
0.7,197,38,6253.806110021079,0.12300498302516076,-0.0030913629914527145
0.7,197,39,6236.521865010308,0.12796447718245624,-0.006761475550114002
0.7,197,40,6212.566794624439,0.13729476095141305,-0.012115626745435978
0.7,201,1,4309.462645911049,0.06995249246832119,0.0009971490873053924
0.7,201,2,4418.159546862098,0.07941979465969937,9.952697486445523e-05
0.7,201,3,4525.640247322406,0.08243854437941052,-0.0016680152196644701
0.7,201,4,4632.8010802281815,0.08280970686770707,-0.0008655394043449238
0.7,201,5,4737.716740273139,0.09742534794471898,0.0009814216342010833
0.7,201,6,4841.466317511633,0.09807027530355225,0.0014060059626691628
0.7,201,7,4943.446209094889,0.09908685135613059,0.0008004784754655468
0.7,201,8,5043.992507509994,0.09978438699717294,0.0015555560079429864
0.7,201,9,5153.588006348227,0.11465124814615604,0.001679713132115216
0.7,201,10,5262.709002775921,0.1143454135989941,0.002963637141112671
0.7,201,11,5370.599244782186,0.11530763559881364,0.0017996149921635873
0.7,201,12,5477.189922715859,0.11599719567282248,0.0029757809020292503
0.7,201,13,5579.037236904031,0.12866326229469152,0.001807460211161887
0.7,201,14,5680.575745728114,0.12559366446826264,0.0025584551848004725
0.7,201,15,5782.349677328375,0.12144083007092996,0.0026295994669660824
0.7,201,16,5884.365184561498,0.11704285978257074,0.003851436171550019
0.7,201,17,5978.741042808851,0.12717620432761864,0.0031073988602187703
0.7,201,18,6071.735121534119,0.12273169385274658,0.0021977729365122477
0.7,201,19,6163.661731974114,0.12017929404232096,-0.0003011846423872142
0.7,201,20,6251.80296545895,0.12610390351310502,-0.014896982842227803
0.7,201,21,6326.097922140351,0.15352250453928618,-0.023727261977347393
0.7,201,22,6394.501134123575,0.1653139610110877,-0.017210263665439665
0.7,201,23,6459.884638742953,0.16668175000738747,0.00155928736307786
0.7,201,24,6523.97433984422,0.1625171454252909,0.003561705063352283
0.7,201,25,6580.828059074923,0.16956713971425832,0.015088477707899969
0.7,201,26,6639.913480691506,0.1556172253835403,0.012293682754083076
0.7,201,27,6701.398392340586,0.13979990943654938,0.006622104568375113
0.7,201,28,6763.296109064351,0.13230097979822447,0.004208263314730228
0.7,201,29,6804.03266520571,0.1393192099899049,0.004351922384423708
0.7,201,30,6843.854190407456,0.13541620845431376,0.0006074209970364508
0.7,201,31,6882.607943683043,0.13260360560387008,0.0036707887484489126
0.7,201,32,6919.020128262126,0.13101790906639874,0.0016860615473362876
0.7,201,33,6921.404769723147,0.14180995111258157,0.003909578750195379
0.7,201,34,6920.2701767979615,0.13998702350538383,0.0034710218883985764
0.7,201,35,6916.324615020887,0.13777085703503367,0.004606909033849021
0.7,201,36,6908.987419068392,0.13556688281900436,0.005174492156087747
0.7,201,37,6921.108597735963,0.14789318372824553,0.001086336378039675
0.7,201,38,6930.207829843697,0.1524961508556111,-0.0047316498140398434
0.7,201,39,6933.937280747576,0.1676731074566002,-0.01998120740466738
0.7,201,40,6932.389881396063,0.18024678996802523,-0.010482983306221532
0.7,205,1,4326.9202143908005,0.07366702625010633,0.0039926115322521495
0.7,205,2,4452.457347840042,0.08626017471997818,-0.0017897108666730308
0.7,205,3,4576.688474346222,0.09272680244465079,-0.0024247798729867764
0.7,205,4,4700.846257493617,0.0944208757105239,-0.0008052396841637413
0.7,205,5,4823.2846294702185,0.11060090248500368,0.000301392297427567
0.7,205,6,4944.496063468517,0.11291023956667126,0.0006111749401121126
0.7,205,7,5064.034621091474,0.11369094285439836,0.000353433536225534
0.7,205,8,5182.364656041321,0.11449323977309372,0.0013785476052110427
0.7,205,9,5309.835450036912,0.1293810453900987,0.0017530474457458259
0.7,205,10,5436.921539981516,0.12976636370284403,0.002455603313565816
0.7,205,11,5562.314451984249,0.13113627086405674,0.002367334801478012
0.7,205,12,5687.116109104069,0.13219530387254066,0.0027663598342234016
0.7,205,13,5807.528354236489,0.1440036899449307,0.002824043409564983
0.7,205,14,5928.138761845702,0.14090306643064798,0.0028513990475845788
0.7,205,15,6048.98954606489,0.13731117397703285,0.0031538018794258155
0.7,205,16,6169.319612141166,0.13320584031677415,0.0038835029016670722
0.7,205,17,6281.841434910753,0.14256365424385095,0.00408730598417955
0.7,205,18,6394.963975767,0.13693574916826518,0.0040234621316620495
0.7,205,19,6507.090520404743,0.13544318653553242,-0.0016754725392599489
0.7,205,20,6616.017528634475,0.13964869582908418,-0.008699321730669528
0.7,205,21,6710.596808660974,0.1674656211429128,-0.024505985865735533
0.7,205,22,6797.641395813689,0.18449849345852606,-0.024512579221602104
0.7,205,23,6880.583766058705,0.19329089909046315,-0.01397451407881961
0.7,205,24,6961.621783931192,0.19408404823271513,0.0004979664459779337
0.7,205,25,7036.210894914845,0.2021413522461579,0.01530595871144155
0.7,205,26,7113.186635964537,0.18776257603740412,0.018623348520151142
0.7,205,27,7193.28677893894,0.17029452617608742,0.010577320629422965
0.7,205,28,7274.996405363901,0.15814783196173063,0.009506265952564364
0.7,205,29,7336.294743872541,0.1598526590096493,0.0008161484505793678
0.7,205,30,7397.552076924448,0.1540110016463006,0.004159678349945432
0.7,205,31,7456.793444995163,0.15122146684821575,0.00302740950376723
0.7,205,32,7514.898758989444,0.14826924285309379,0.005380452948251725
0.7,205,33,7536.795728071031,0.1578449935524391,0.0044957908702444
0.7,205,34,7556.016051304849,0.15575937461641506,0.0034916585960874666
0.7,205,35,7572.273789183059,0.15401889591099868,0.005750759173921422
0.7,205,36,7584.526858343289,0.15344369494710092,0.003023443784452289
0.7,205,37,7624.698001512598,0.16663865010294304,0.0017974859072502967
0.7,205,38,7659.881760145737,0.1742631467887237,-0.0072061265010011175
0.7,205,39,7689.969736165251,0.18634052679248062,-0.01407123425671465
0.7,205,40,7714.659913425357,0.2026361165714012,-0.018369795382438988
0.7,209,1,4344.7414614102045,0.07752811679707576,0.006212262347948414
0.7,209,2,4486.891458784447,0.09424986012608663,-0.004101866864519037
0.7,209,3,4627.836165806691,0.10263970949884804,-0.002207069151761776
0.7,209,4,4768.196137822134,0.10580188021663385,-0.0011059576976018555
0.7,209,5,4907.074397073551,0.12212401035286535,0.00030433974725334274
0.7,209,6,5045.031455928797,0.12451106878361967,0.000438148944635475
0.7,209,7,5182.052171664351,0.12591290348426346,0.0006462658307701198
0.7,209,8,5318.268234753631,0.12678766043577827,0.0014333151453937763
0.7,209,9,5464.315459547711,0.14196079326068672,0.001623707834585579
0.7,209,10,5610.233258950543,0.14327363743042124,0.0028186525114674843
0.7,209,11,5755.288488633819,0.144346935175276,0.002720692752878813
0.7,209,12,5899.964728436744,0.14506325909221443,0.0034209484960990902
0.7,209,13,6040.229160795992,0.15694436547069007,0.0027445824100987845
0.7,209,14,6180.689328334136,0.15352202756117547,0.0036401877391855305
0.7,209,15,6320.751402971533,0.1497417799403022,0.0037513648672022194
0.7,209,16,6460.894078952123,0.14529413892271,0.004124723588483725
0.7,209,17,6592.470437579232,0.15488550542723428,0.0038463773521309544
0.7,209,18,6724.296112104311,0.1500672534981803,0.0051268888253421015
0.7,209,19,6855.665914043128,0.14629573340632668,0.0022971636619661157
0.7,209,20,6983.863867237592,0.15277402267642298,-0.01369958849090913
0.7,209,21,7097.224226193034,0.1785322984408337,-0.022640777030867868
0.7,209,22,7202.258919280402,0.19936391896960157,-0.03584853157071313
0.7,209,23,7302.849162431468,0.20907700977439603,-0.012021004190261917
0.7,209,24,7401.790614096138,0.2090820303923544,0.0005034832927018388
0.7,209,25,7493.89959691841,0.21487830960685153,0.02022748360905306
0.7,209,26,7589.04455477735,0.20044672764174437,0.021460640215492002
0.7,209,27,7688.972125349959,0.18202139535388684,0.014180438174354491
0.7,209,28,7792.434030376478,0.16595727115972378,0.003541885387043079
0.7,209,29,7873.732834964423,0.1698424727227585,0.0024643562746263174
0.7,209,30,7954.75267589923,0.1668839914120449,0.004866444524104438
0.7,209,31,8035.064257770082,0.16434274508721122,0.004278655924956294
0.7,209,32,8114.075982519571,0.1616001384318845,0.0056625940280268135
0.7,209,33,8154.162362501555,0.17172776637435666,0.00409662040490425
0.7,209,34,8190.509211784341,0.1705495528066881,0.0045401563276803005
0.7,209,35,8223.330589972664,0.16934757380852644,0.003879143067222326
0.7,209,36,8252.92981512403,0.16867730424888758,0.004094589610633293
0.7,209,37,8317.340458641653,0.18205766850937868,-0.0011674525471483239
0.7,209,38,8377.069943725113,0.19376933827848639,-0.015952495251711756
0.7,209,39,8429.617435268778,0.2142119608859507,-0.024244709825645583
0.7,209,40,8474.703977700332,0.2362439910526812,-0.020322500536289447
0.725,169,1,4279.921100577834,0.0239419872312677,-0.05279975092669277
0.725,169,2,4213.5326967104975,0.004323865265542664,0.01150676712961915
0.725,169,3,4144.522278217173,0.0019094130052520004,-0.0024813854470797734
0.725,169,4,4072.1088547032105,0.0015045928468897052,-0.002746805043735037
0.725,169,5,3994.5625397115455,0.020838118682662814,0.000775418868908548
0.725,169,6,3916.590614453056,0.0047057248508872735,0.013956427229255506
0.725,169,7,3835.3224001808007,0.003072744695570412,0.002044274251307441
0.725,169,8,3749.5966228691536,0.0031352096657191724,0.0004753257930806416
0.725,169,9,3670.8232743684503,0.02224143215281551,0.001081692511729951
0.725,169,10,3592.3057373306333,0.006938170548082637,0.013926805491281054
0.725,169,11,3509.764242002339,0.005337293103285816,0.0009750091035693319
0.725,169,12,3422.5881122409914,0.00523137714649837,0.0009357059971966871
0.725,169,13,3328.354803257734,0.02324005607474263,-0.003046272440786348
0.725,169,14,3234.03889361331,0.007951300261821713,0.008326637982468433
0.725,169,15,3134.5654452448443,0.0046858278296425535,-0.0023258564307374334
0.725,169,16,3030.5888650146317,0.003636097444736903,-0.004253629995277412
0.725,169,17,2918.099652420387,0.02170217527663508,-0.004211327237469809
0.725,169,18,2805.031689422006,0.00512247142962587,0.008276774341992204
0.725,169,19,2687.3199685056534,0.002646686071815505,-0.0037945890664216986
0.725,169,20,2564.0425068720792,0.0017916854296152532,-0.004967758998438858
0.725,169,21,2432.639803088944,0.021229771636804458,-0.0025517854539453487
0.725,169,22,2300.62924456281,0.005269005225272411,0.010472774549762007
0.725,169,23,2163.768738212401,0.0015812009286842717,-0.0020510628332224006
0.725,169,24,2021.895756450532,0.0019652234377857524,-0.004063711790805665
0.725,169,25,1873.5939001825811,0.021691927482822063,0.0010205872217430012
0.725,169,26,1723.8237903880429,0.00717753827044318,0.014252757330359916
0.725,169,27,1569.4585409521626,0.004451695965767457,0.0031437620761977855
0.725,169,28,1410.22354777252,0.0038179198512037237,0.0009218299217841114
0.725,169,29,1241.939832887801,0.019587689606484777,-0.0019397042271001466
0.725,169,30,1072.6169504025074,0.007201839108816064,0.007524990130391527
0.725,169,31,899.6047380292464,0.0036099780595490382,-0.0014513078687280803
0.725,169,32,721.9585486338266,0.0022882746686834674,-0.0021043471763764346
0.725,169,33,534.5658985780103,0.01971519197584168,-0.0035232266764188337
0.725,169,34,344.96029932603943,0.006049592803530877,0.009501718298793796
0.725,169,35,151.16756111162204,0.0029235160764427563,-0.0014317683473769117
0.725,169,36,-47.71048523596657,0.0022384357992264762,-0.0011382014307562095
0.725,169,37,-307.32493495603336,0.019336152326729004,-0.0015472312063840837
0.725,169,38,-572.2296305042413,0.005582231552588636,0.00968249339179019
0.725,169,39,-844.2107588382748,0.0026645840433650422,-0.0007089679671408726
0.725,169,40,-1124.089994560588,0.001700071259662021,-0.0009667279452259948
0.725,173,1,4304.384559576009,0.025194542180239036,-0.03827320159235977
0.725,173,2,4262.117736577508,0.00759838693311268,0.009641777845349477
0.725,173,3,4217.196018824218,0.004868428931836149,-0.001789773689896809
0.725,173,4,4169.860166826747,0.003467766478613834,-0.001156769888783841
0.725,173,5,4117.581744209932,0.02183900095566623,0.0004240367131384915
0.725,173,6,4064.6401002005496,0.008791550249463933,0.01184203527365577
0.725,173,7,4008.584515987601,0.006533987617628864,0.0023256529275225606
0.725,173,8,3949.390046280392,0.00604535430359508,0.0009604606177864409
0.725,173,9,3897.6843604811806,0.02447345362051533,0.001950699399459737
0.725,173,10,3845.677054339806,0.01433564692111894,0.008567517255512842
0.725,173,11,3791.683671516317,0.011703224145893375,0.002792236412857825
0.725,173,12,3734.119970900319,0.0113342967467262,0.001102672996998396
0.725,173,13,3670.6203261750106,0.027790472979811444,-0.0009816782115780272
0.725,173,14,3606.258062923203,0.016934642517200085,0.004815757505312375
0.725,173,15,3538.74586061497,0.01138929711198548,6.349141380535731e-05
0.725,173,16,3467.924606008251,0.008316054885094676,-0.0013361045201400786
0.725,173,17,3388.274868294162,0.02479031677290059,-0.0025389880749344695
0.725,173,18,3306.9890102524655,0.010858158403874446,0.005444330813927738
0.725,173,19,3221.465095908272,0.00732678565004724,-0.0027363763688659113
0.725,173,20,3131.479008800582,0.004192508382676596,-0.002868035845028137
0.725,173,21,3032.2825453460123,0.02348489252777657,-0.002447309410764945
0.725,173,22,2931.002861819264,0.01066416232229697,0.00675781888176263
0.725,173,23,2825.6068229082043,0.00666336948430614,-0.0015237512464396905
0.725,173,24,2715.916578437892,0.003503921587868808,0.00015243107681951756
0.725,173,25,2597.677377882977,0.022901955373002995,0.00018219574257830208
0.725,173,26,2477.3489242128103,0.013327469132517592,0.008972497826131494
0.725,173,27,2352.424629107872,0.009552859741849384,0.0012427693983557873
0.725,173,28,2223.2056993282636,0.008889013291501333,0.0015542397323707452
0.725,173,29,2083.8640978978674,0.024154322457846544,-0.0004523889202801437
0.725,173,30,1943.7097776539988,0.01356257255752422,0.0074179129568485765
0.725,173,31,1800.6308309439942,0.008641575968109074,0.00025360884357201677
0.725,173,32,1654.460587290175,0.006299201823138071,-0.0006942838076237732
0.725,173,33,1496.230324238436,0.02205795401549117,-0.0018960529359696003
0.725,173,34,1336.595856113173,0.01135219902090341,0.0076088780842993855
0.725,173,35,1172.277193274499,0.007215730981888087,-0.0006539030997384195
0.725,173,36,1002.3981874557708,0.004442513020732067,8.817883409505889e-06
0.725,173,37,782.3847866244549,0.020753700136005415,-0.002345825851270254
0.725,173,38,558.189637005626,0.00924641724063382,0.009104299377861013
0.725,173,39,327.6274813383207,0.005427599062369737,0.0011586360559137118
0.725,173,40,89.6760524581167,0.004128017494568812,-0.00040136248804524706
0.725,177,1,4329.286233355605,0.029016894352478093,-0.02609083627874007
0.725,177,2,4312.05145055851,0.014683620273814141,0.006925662939764077
0.725,177,3,4293.455486800861,0.00957769543794381,0.00047489621978425437
0.725,177,4,4272.968299394275,0.0075663035891273935,-0.0008806476024310259
0.725,177,5,4248.009508702975,0.025737182834280455,0.0013149385736161744
0.725,177,6,4221.889837958208,0.01657471575531311,0.007697380778975664
0.725,177,7,4193.2105184273205,0.013839322240510822,0.0022925036472421765
0.725,177,8,4160.705291485761,0.012385113973396467,0.0011818286717695118
0.725,177,9,4135.291470674677,0.03064907070391659,0.0013034061118550972
0.725,177,10,4108.770869984199,0.02306008540899201,0.006979146961369244
0.725,177,11,4079.7846614698556,0.020996679342952556,0.0016410364755611395
0.725,177,12,4047.9919651772884,0.02058232527729077,0.0020090201238911944
0.725,177,13,4009.9479474705745,0.03568676664518448,-0.0005217069665493267
0.725,177,14,3971.091580943673,0.026435585620436828,0.004599982098848184
0.725,177,15,3930.5791530907286,0.02103018372634743,0.0005420249905168012
0.725,177,16,3888.026706764629,0.016748995639799195,-0.00011595717777968254
0.725,177,17,3837.7123230960383,0.03155028090471048,-0.0008191690816561648
0.725,177,18,3786.6187469554416,0.020076615273511986,0.0049897004073970195
0.725,177,19,3732.639726219421,0.014062780585042114,-0.0002668433562857037
0.725,177,20,3674.6025123195677,0.010622346762821974,-0.0020424531499275847
0.725,177,21,3607.737931645334,0.02877769579402115,-0.0019337031727913701
0.725,177,22,3538.486011856116,0.02045618747054946,0.003403917940960342
0.725,177,23,3465.8981436483546,0.01544647833372456,-0.0008335805165448695
0.725,177,24,3389.444764100483,0.013700009778309243,-0.003061181918626347
0.725,177,25,3305.257731873947,0.03127719164031472,0.0028881815106831664
0.725,177,26,3218.135666811476,0.025733958774367238,0.006561483676793702
0.725,177,27,3126.7239759482895,0.02334781932499249,0.001707121396175308
0.725,177,28,3031.5037043660554,0.021824825031491652,-0.0009660176874297672
0.725,177,29,2924.80464511686,0.03365563390857575,0.0023543158520604327
0.725,177,30,2816.02669098855,0.0276242113151934,0.003956347978420589
0.725,177,31,2704.9286021452713,0.02053094667833222,0.002314700396196088
0.725,177,32,2592.1932430852685,0.015149612164841748,-0.0013953512510550005
0.725,177,33,2463.3448313311396,0.02872699615854348,0.0015430822638225932
0.725,177,34,2331.548066003505,0.02055602193706641,0.0037616035747401887
0.725,177,35,2196.877376127653,0.015130140126868676,0.003484892837148564
0.725,177,36,2057.2969099393126,0.012383800045317176,-0.0005246743324250302
0.725,177,37,1880.0117043528994,0.02718966654379147,0.00023550276518233368
0.725,177,38,1698.7250016621501,0.020190002999993024,0.0047984698983346
0.725,177,39,1511.449245701145,0.016027077761368785,0.0015474337404351689
0.725,177,40,1318.052489776982,0.013839661081776663,8.0272740173096e-05
0.725,181,1,4349.853123251217,0.036844156372065305,-0.018334199996851312
0.725,181,2,4352.963329478661,0.024406970539901783,0.005995545609331869
0.725,181,3,4355.218369619549,0.018398423578522505,0.0005036059840543732
0.725,181,4,4356.401309969901,0.014432553741149453,0.0009489849710598713
0.725,181,5,4354.21957572606,0.03153469358381544,0.0010824007149700353
0.725,181,6,4350.348438672697,0.02520640342094654,0.005320678742109858
0.725,181,7,4343.2240697225725,0.02430306076388173,0.001554113510793639
0.725,181,8,4333.650370965406,0.02262340012686293,0.002338528034584038
0.725,181,9,4332.112890470562,0.03920221828338865,0.001751012243582376
0.725,181,10,4329.757090725255,0.03542899858996996,0.003922001649613008
0.725,181,11,4324.703322835327,0.033393655309096215,0.002737555700527535
0.725,181,12,4317.165499354762,0.032777197913013555,0.0014731418356045461
0.725,181,13,4304.459698939387,0.04808779403718931,0.00023022303130994871
0.725,181,14,4291.188521619617,0.04108148925734207,0.0035461724318685437
0.725,181,15,4276.936279901689,0.03461868832801026,0.002009689966278963
0.725,181,16,4261.752340848166,0.02917404727936108,0.0018310574264044715
0.725,181,17,4238.659137882778,0.042431215957419825,-0.0003601451978591715
0.725,181,18,4214.0991427838935,0.03374499565011753,0.002522141473255102
0.725,181,19,4187.7931097153805,0.02745853778100401,0.0008215749710680398
0.725,181,20,4159.023080891404,0.022303379052904287,0.0003771008467485524
0.725,181,21,4121.405856601272,0.0391541734433273,-0.0016065992659136399
0.725,181,22,4080.717195065042,0.03569064171855642,-0.0004978773761463935
0.725,181,23,4036.943244699299,0.0326955094476472,-0.0020610815014915395
0.725,181,24,3989.2261585960077,0.03156907622600347,-0.004114697770777139
0.725,181,25,3934.3563109032134,0.04715815530905249,0.004158620007757097
0.725,181,26,3875.580648362636,0.046152024658159416,0.003201017095939736
0.725,181,27,3813.5567705712047,0.04294344950144502,0.00396303553077052
0.725,181,28,3748.207914316307,0.040069303595465004,0.0011619489969031693
0.725,181,29,3669.2150823018615,0.05009173713898372,0.001823124882278217
0.725,181,30,3588.019621133775,0.04352933802865584,0.002425752875164672
0.725,181,31,3504.8855005181376,0.03747858571863774,0.0014726091214553164
0.725,181,32,3419.7877027879967,0.030931818080503534,0.003360374323009826
0.725,181,33,3315.3947125760596,0.04337502198415492,-0.0004678296248430639
0.725,181,34,3208.5047527804422,0.037508936486307695,0.0033816890754402524
0.725,181,35,3098.1398673413337,0.0333709513616282,0.0004781441550935932
0.725,181,36,2983.608651605542,0.02939942914975434,0.0024583703770332897
0.725,181,37,2842.7411584509246,0.0416688175974665,0.0006128974613224791
0.725,181,38,2697.541604137021,0.03676959994637993,0.003646364477522005
0.725,181,39,2547.5732093565944,0.03414344821438285,-0.0001714685473662383
0.725,181,40,2392.320867756153,0.031030755216686263,0.0015693363126892555
0.725,185,1,4370.873191597509,0.04334371854710071,-0.01172359215924416
0.725,185,2,4394.600192253993,0.03448103871201926,0.0037808120185140754
0.725,185,3,4418.254590639131,0.02884496538015271,0.0006652467030035969
0.725,185,4,4441.700611581082,0.024881260331666145,0.0009131491548369045
0.725,185,5,4462.950585084288,0.040815584709489365,0.0023141746794790217
0.725,185,6,4482.830574660459,0.03811929627012496,0.0031404020803283542
0.725,185,7,4500.079929612278,0.03739230543993565,0.0014564353382615657
0.725,185,8,4514.060630498683,0.03621814110228614,0.001341037625231315
0.725,185,9,4535.8103903616775,0.052615409346909316,0.0019693571379491006
0.725,185,10,4556.16174660641,0.04960148648964323,0.002894915933110934
0.725,185,11,4575.466289827147,0.04850461498937475,0.0028208691360727773
0.725,185,12,4593.216565703135,0.048888837895180455,0.001294944734931758
0.725,185,13,4605.899093208857,0.06266651493284903,0.0009412609413332686
0.725,185,14,4617.98874249958,0.05710133510076902,0.002620256928234056
0.725,185,15,4628.57634331094,0.05114452095514945,0.0018034619796266818
0.725,185,16,4637.583020198466,0.04611689111642798,0.0012012822790916121
0.725,185,17,4638.361372365162,0.05756378286646844,0.0005645991295547824
0.725,185,18,4637.551647620919,0.050143217140538376,0.0028176999734365114
0.725,185,19,4635.3917382313175,0.04360067561266513,0.001382694695310669
0.725,185,20,4630.650206811528,0.03901725952889371,-0.0002255822583238507
0.725,185,21,4616.661503738643,0.05530844525783915,-0.0022236568549360352
0.725,185,22,4599.317603099865,0.053816893644628695,-0.0027198386756805497
0.725,185,23,4579.175272241997,0.05278198899940685,-0.00281813183416206
0.725,185,24,4556.369150113508,0.05225189247373495,-0.004207325487792647
0.725,185,25,4526.266016344753,0.06879422110555357,0.0029776808086245613
0.725,185,26,4492.7765331609025,0.0683333172799101,0.001466414404097863
0.725,185,27,4454.466712818297,0.06788707967276217,0.0036951886694263016
0.725,185,28,4413.0057990356045,0.06438947735582262,-0.0010988110108532871
0.725,185,29,4356.057456610715,0.0730691840490973,0.0034664053031932093
0.725,185,30,4297.749434945653,0.06590495112570244,0.004620306118049548
0.725,185,31,4238.543970965656,0.05757620287908587,0.004108704340264298
0.725,185,32,4178.482488776481,0.05119465785118239,0.003163904322623526
0.725,185,33,4096.419506239141,0.06173576433902291,0.0003041321665497996
0.725,185,34,4010.821871107454,0.05684685823823859,0.0025940350341944075
0.725,185,35,3922.038989160123,0.05190368933443977,0.0027947337017692328
0.725,185,36,3829.5318700792272,0.048501744764274705,0.0006065519979376662
0.725,185,37,3719.525766281413,0.06167716464060176,-8.89250149542131e-05
0.725,185,38,3605.1635719875617,0.05943151712566356,0.0016104049047987827
0.725,185,39,3486.9525070252475,0.05573355063455255,0.0026001197858125566
0.725,185,40,3364.5472034776553,0.055154393811776954,0.0001291149293770208
0.725,189,1,4390.34508162658,0.04995599906113353,-0.00799589163930366
0.725,189,2,4432.069668497907,0.04555571205496851,0.00267602493851954
0.725,189,3,4473.293244010473,0.04188940930634448,0.0005985350929576738
0.725,189,4,4513.925541348226,0.03802748660047739,0.0014289045883459739
0.725,189,5,4552.293947362266,0.053689766309796626,0.0017122102108642994
0.725,189,6,4589.087840043737,0.05222621672140717,0.002425615606852785
0.725,189,7,4624.289939613949,0.05125861407100437,0.0019877981641684417
0.725,189,8,4658.08554223351,0.050669158767952055,0.0014129410215255077
0.725,189,9,4701.053301096995,0.06728667052532615,0.0017112772047442536
0.725,189,10,4742.703168119811,0.06675412052057837,0.0023552301736989596
0.725,189,11,4782.366883245261,0.06660990742883698,0.0016003836213893227
0.725,189,12,4819.574585084748,0.06630305197268525,0.0020998883673011134
0.725,189,13,4851.592364077349,0.07911895518426747,0.0016379138844234303
0.725,189,14,4882.915175541138,0.07456311676448754,0.0018160217622826278
0.725,189,15,4912.647292577691,0.06934531924687108,0.0016487049660873518
0.725,189,16,4941.474269447118,0.06350622160392176,0.002080307712960224
0.725,189,17,4963.132717383888,0.0742311866987936,0.001789384031737258
0.725,189,18,4983.2012171281185,0.0681901843897544,0.002539088249373502
0.725,189,19,5002.283442074974,0.06270768919260537,0.0012952174485144224
0.725,189,20,5019.979321676484,0.05744692602940929,0.0011066412703762082
0.725,189,21,5028.457517791904,0.07278917758515853,-0.0028766401273263354
0.725,189,22,5033.178794619045,0.07447381893391758,-0.005951330766841122
0.725,189,23,5033.375506512342,0.07865055446237239,-0.009485806373968246
0.725,189,24,5030.05892898995,0.08063988976108588,-0.004722694809631246
0.725,189,25,5018.999992001831,0.09564651888412794,0.0062917695001344235
0.725,189,26,5005.405451458628,0.09409627934397226,0.0012988161071985603
0.725,189,27,4989.6622851049,0.08960777239495202,0.008103014998677641
0.725,189,28,4971.8800659880735,0.08423499958060753,0.0005281125716530408
0.725,189,29,4938.921743244334,0.09075023001655858,0.004484526816358854
0.725,189,30,4905.21200776946,0.08296801735385975,0.0035017023710335977
0.725,189,31,4870.720117642877,0.07679408899415252,0.00250081362824893
0.725,189,32,4834.648094982442,0.07250048595652776,0.0006776883928325744
0.725,189,33,4773.157155554769,0.08435348502549339,0.0009005279006030979
0.725,189,34,4708.046070959435,0.0810105797840595,0.0024961252578551006
0.725,189,35,4638.752260533262,0.07863476321137591,0.0009643935283511874
0.725,189,36,4565.640242872797,0.07557645013711643,0.0010946186332687102
0.725,189,37,4484.633189608782,0.08640569354485689,0.0013597139439263278
0.725,189,38,4399.49701789854,0.08313589115952547,0.0018045129568174214
0.725,189,39,4310.249803654348,0.08111526302094238,0.0013208753862203428
0.725,189,40,4216.964036919135,0.07872045015520877,0.0016500782412815318
0.725,193,1,4413.274007096664,0.05724299082263941,-0.00515468823505357
0.725,193,2,4476.926283089036,0.05776758907282298,0.001890921603196959
0.725,193,3,4540.212472985629,0.05636611543797752,0.00028796368275573326
0.725,193,4,4602.749515379442,0.05399857640949517,0.000687128187317921
0.725,193,5,4662.4574982701915,0.06869442442023627,0.0016005088474533638
0.725,193,6,4720.6662610973635,0.06752537305773225,0.0018700924878267057
0.725,193,7,4777.2022939125945,0.06700032947634428,0.0017995621433135145
0.725,193,8,4831.692644722186,0.06705135331759927,0.0008955262063005115
0.725,193,9,4895.574318306045,0.08239945009169784,0.0024896414340679915
0.725,193,10,4958.306370755137,0.08225144307461531,0.0019973566703082907
0.725,193,11,5019.7465822272015,0.08213155376633038,0.002165435964925512
0.725,193,12,5079.701821527824,0.08248753162270027,0.002460482001246608
0.725,193,13,5134.57712517416,0.09556557474300095,0.0014590889552164802
0.725,193,14,5188.854173019937,0.09162127870996363,0.001974384814015446
0.725,193,15,5242.584622454986,0.0866453825366544,0.0017562538416226589
0.725,193,16,5295.288553393877,0.08158496168074934,0.001993806680078929
0.725,193,17,5340.044313291464,0.09143288193274708,0.002603738340058639
0.725,193,18,5384.47532115246,0.08566654944996491,0.002150839845157943
0.725,193,19,5427.066409673464,0.08071883800542407,0.0006096356654728511
0.725,193,20,5467.174647403789,0.07912201997671124,-0.004347742634021479
0.725,193,21,5496.667177993892,0.0984786326455566,-0.010117356408558107
0.725,193,22,5522.408415669669,0.10037085888816867,-0.0041645384292440845
0.725,193,23,5544.611224200265,0.10214161709568761,-0.002365277777304823
0.725,193,24,5564.261838760446,0.10039222958771696,0.0008529183193365872
0.725,193,25,5576.546332464788,0.11308884004457417,0.00016426847471184638
0.725,193,26,5587.233483320608,0.10726844145098516,0.007200029377313135
0.725,193,27,5596.46896677851,0.1022112334901463,0.005038404212660016
0.725,193,28,5604.453299321219,0.09883986897865861,0.00269327933857551
0.725,193,29,5594.773502360758,0.10706754706380366,0.0030072300120857804
0.725,193,30,5584.105707624256,0.10131634897641698,0.0027160301831494057
0.725,193,31,5573.499526232749,0.0964271151700295,0.0032782030534916685
0.725,193,32,5561.337985362489,0.09242796078365728,0.0021090846735914237
0.725,193,33,5521.040054665928,0.10221924643587653,0.0014934739852684362
0.725,193,34,5478.051429642991,0.09772888149807944,0.003236776772908739
0.725,193,35,5431.159304462259,0.09493986405777569,0.002672457345778055
0.725,193,36,5380.265711406019,0.09361222486861835,2.1519643190097647e-05
0.725,193,37,5330.140723182232,0.10575283924944498,-0.0004897894811653387
0.725,193,38,5276.155107392389,0.10483718296159897,0.0013841485274276027
0.725,193,39,5218.706313099171,0.1050757707108171,0.00035911512065748896
0.725,193,40,5156.115260551954,0.10811487280745102,-0.0044174809193126075
0.725,197,1,4435.04739668087,0.06334764329605168,-0.0024221065171701316
0.725,197,2,4519.353642491548,0.0678344062517382,0.0006288461424707752
0.725,197,3,4602.854429494856,0.0682195604044479,-0.0003466634403594418
0.725,197,4,4686.831106150027,0.06622738963533882,0.0009358433405657015
0.725,197,5,4767.915481325746,0.0815765360875804,0.0010655766032941745
0.725,197,6,4847.403471062526,0.08169149758757334,0.0014946707433238008
0.725,197,7,4925.565190548339,0.08161742453115571,0.0012573990934490395
0.725,197,8,5001.967912074307,0.08117936821076314,0.0016509308689228656
0.725,197,9,5086.1534585198,0.09739922378733472,0.001523002909937472
0.725,197,10,5169.080453663881,0.09671276374010877,0.0027419327400929456
0.725,197,11,5250.4311858973215,0.09725569423482015,0.002448381010156282
0.725,197,12,5330.394225268073,0.09737930522735928,0.002128342477944847
0.725,197,13,5405.001735477372,0.10986969885731342,0.0019064629982174113
0.725,197,14,5479.562732714078,0.10569171872075979,0.0021302509526668553
0.725,197,15,5554.621890862089,0.1002151352782295,0.003451535150999108
0.725,197,16,5629.24290690195,0.09618494401636811,0.0021606756266817893
0.725,197,17,5696.383234486857,0.10615018643141297,0.0026909626011009324
0.725,197,18,5762.72266795806,0.10056350081038892,0.0032361613849941776
0.725,197,19,5827.069572171554,0.09697794079613063,-0.0006516198610306361
0.725,197,20,5888.2216010224465,0.0982598403268666,-0.009655894697355024
0.725,197,21,5938.231138489277,0.11795670042414352,-0.011654911400792304
0.725,197,22,5985.311610610933,0.11949297610820006,-0.002221657074635397
0.725,197,23,6028.963648350532,0.12334188010838378,-0.0003624107809782733
0.725,197,24,6071.094449982853,0.11884448994752238,-4.157261692730614e-05
0.725,197,25,6106.054971931427,0.13026080820684,-0.0020904107462740304
0.725,197,26,6139.985432870526,0.1257974793350799,0.008691312061326312
0.725,197,27,6172.762933370603,0.12043203452861675,0.0065181858033585335
0.725,197,28,6205.3551715548265,0.11388962991123061,0.006037055581405124
0.725,197,29,6218.353791467617,0.12040756033276193,0.0024178706494248636
0.725,197,30,6230.763745136402,0.1143580530030686,0.003561527727815636
0.725,197,31,6242.163403260321,0.10937210693799053,0.003128443840312804
0.725,197,32,6252.831850561548,0.10573417251024081,0.0024518728277395027
0.725,197,33,6233.010180565079,0.11604897835956964,0.002524182672256186
0.725,197,34,6209.12665441516,0.11450830661736504,-0.00023884709989192892
0.725,197,35,6181.965579124769,0.11325503852264161,0.002858329396986629
0.725,197,36,6151.271147864886,0.11179252425787502,0.0011940266871142678
0.725,197,37,6130.959385053714,0.12454442059645779,0.0008559576186374845
0.725,197,38,6106.723156673895,0.12514762357497944,0.0008709444551722248
0.725,197,39,6077.906862947931,0.1273673096954998,-0.002381042757184968
0.725,197,40,6044.916179713493,0.13038813258649992,-0.0045005444877236735
0.725,201,1,4453.423501179959,0.07008853660957862,0.0007965370477862829
0.725,201,2,4556.731312875601,0.07961439834659684,0.0001148281255571659
0.725,201,3,4659.169946089776,0.08262217267483216,-0.0013290199762395075
0.725,201,4,4760.945930942948,0.08344730814318768,-0.0008085716215822231
0.725,201,5,4859.378417558947,0.0989422265751018,0.0004777066253844589
0.725,201,6,4956.513056934023,0.09943367952693898,0.0009643235315380497
0.725,201,7,5051.724266086659,0.09921975665956191,0.0011592211603783634
0.725,201,8,5145.060269791093,0.0993969675285457,0.0013589600517057822
0.725,201,9,5247.26794408749,0.11446885742325577,0.0021418718070552374
0.725,201,10,5347.864818337627,0.11464498389325264,0.0019707117832447715
0.725,201,11,5446.243397034194,0.11452523783921195,0.002360153792529266
0.725,201,12,5543.287982651999,0.11503361642693173,0.002307506382282289
0.725,201,13,5635.977316444678,0.1269656628375343,0.002556285411418532
0.725,201,14,5728.677594453674,0.12277850064113771,0.0029185587563622145
0.725,201,15,5821.221301946086,0.11824022715729904,0.0036628944260614785
0.725,201,16,5913.845253629694,0.11404974159422518,0.002992817617709195
0.725,201,17,5998.832629002922,0.12408884996290062,0.0032628075979529905
0.725,201,18,6083.329163976573,0.11936488571898032,0.0027898188826192233
0.725,201,19,6166.5193625567745,0.11768500294992301,-0.002275741711610048
0.725,201,20,6246.178487221808,0.1222417747113239,-0.013029050140176293
0.725,201,21,6313.812224553618,0.14490090650261955,-0.014562213837234574
0.725,201,22,6376.333675472196,0.15386353291147134,-0.011074745650220002
0.725,201,23,6434.040480813654,0.1609184121824429,-0.010323741880479954
0.725,201,24,6490.3333639723805,0.1565373535506956,0.0007320791908039986
0.725,201,25,6539.507344803851,0.16469176618335643,0.01173880923363566
0.725,201,26,6589.517243256812,0.15386518205830318,0.011834697447415908
0.725,201,27,6639.918375429075,0.14302509859361373,0.01094650114592751
0.725,201,28,6690.329106424499,0.13241910653786249,0.001996232126067343
0.725,201,29,6721.09911895355,0.1374037740977526,0.005155678391194262
0.725,201,30,6751.123456005223,0.1334581464855048,0.004278223324700298
0.725,201,31,6779.343535463765,0.13055714494223306,0.002237922437062835
0.725,201,32,6805.954657338405,0.12778672962617618,0.0020134870600568176
0.725,201,33,6799.34249775999,0.1388621631954961,0.0024342848407733876
0.725,201,34,6790.464331851778,0.1368397652466218,0.0038826379762299345
0.725,201,35,6777.912818263011,0.13528370773781795,0.004255928153779984
0.725,201,36,6761.9301773521665,0.13402778883917812,0.0011888715882252606
0.725,201,37,6763.726409502802,0.14695950243276412,0.0013657518654327263
0.725,201,38,6761.42399598773,0.1516732554613148,-0.004742558874483665
0.725,201,39,6753.713452309485,0.16108877789434112,-0.010084532197910497
0.725,201,40,6740.441711652057,0.17543251177578556,-0.01791620219922471
0.725,205,1,4471.476891164545,0.07412697319864957,0.003645239131750633
0.725,205,2,4591.151220500073,0.08767886240652586,-0.00164944425715995
0.725,205,3,4709.7572639611,0.09294083981316859,-0.00239538663821919
0.725,205,4,4828.4240599199065,0.09473766879442837,-0.0008418892154825648
0.725,205,5,4945.209393372683,0.11111657553499175,3.086956142004747e-05
0.725,205,6,5061.239217450825,0.11222735316608698,0.000867709886518243
0.725,205,7,5175.4684689593405,0.11329858484634746,0.0009707221987287901
0.725,205,8,5287.743094117823,0.11383628495365256,0.0007309418843418402
0.725,205,9,5408.961361145805,0.12904683481369134,0.002152225979334729
0.725,205,10,5529.459743297487,0.1296195092421814,0.0024681232907693444
0.725,205,11,5649.06164844528,0.13044884497584447,0.0026835096058800646
0.725,205,12,5767.821633746671,0.13104650039866075,0.00290554239739568
0.725,205,13,5881.673175711416,0.1430001594323995,0.002648943320675429
0.725,205,14,5995.662469483435,0.1404172991013573,0.002536253019045661
0.725,205,15,6110.185760538454,0.13602265567225205,0.00341515637331911
0.725,205,16,6224.388224279862,0.13214640466455263,0.0035465124029880396
0.725,205,17,6330.4434364582885,0.14147999974906644,0.0039315925397057465
0.725,205,18,6436.219625183398,0.13643932944238826,0.0039895619410703015
0.725,205,19,6540.572192417663,0.13350684272140384,0.0012505683649919996
0.725,205,20,6642.162341810399,0.13499827146103488,-0.00610601006466981
0.725,205,21,6729.08734418645,0.1648596349462807,-0.03164460945654253
0.725,205,22,6808.569640111429,0.1798594155894001,-0.021948956683446118
0.725,205,23,6883.060632291642,0.18886468843442034,-0.010976332765836186
0.725,205,24,6955.535987320801,0.18919480570755443,-0.0005493192951815331
0.725,205,25,7020.099768259299,0.19916066763202603,0.01729915109436513
0.725,205,26,7087.633723075813,0.18329879766696083,0.013232401563640488
0.725,205,27,7157.240010207325,0.16906254305925303,0.010897980810157358
0.725,205,28,7228.390230309619,0.1587826471670761,0.0057152199328720146
0.725,205,29,7278.209484591984,0.16235028587374334,0.0032327173872690584
0.725,205,30,7326.999603315571,0.15704526202614696,0.004036533945542887
0.725,205,31,7373.785009810576,0.15318144444775864,0.0036319636337498093
0.725,205,32,7419.087580553805,0.1495541384582659,0.004531582521214916
0.725,205,33,7428.475048307152,0.1596974171003482,0.003095077766717999
0.725,205,34,7435.627948893337,0.15742515682336894,0.00462537511943087
0.725,205,35,7439.504918685055,0.1564039214184891,0.004340306188448526
0.725,205,36,7439.912924910838,0.15479683441423436,0.005760504429460257
0.725,205,37,7466.041769671897,0.16816630289006423,4.514387557168672e-07
0.725,205,38,7488.260496595449,0.17348873776930432,-0.005117037447402797
0.725,205,39,7504.294968736536,0.18833984502843776,-0.01814360160837644
0.725,205,40,7512.594425388654,0.20869048387992634,-0.02354497530612152
0.725,209,1,4490.064603187802,0.07999902605095251,0.006133278604386264
0.725,209,2,4626.970268474042,0.09653136265398952,-0.00420532166138525
0.725,209,3,4762.519053067328,0.10499447135790313,-0.0023534554063378565
0.725,209,4,4898.900645235835,0.10748641580956807,-0.000767998013697
0.725,209,5,5033.062628665038,0.12383222931458861,4.677379435915232e-05
0.725,209,6,5166.087959626315,0.12575885585689223,0.0005694454831576476
0.725,209,7,5298.878593797891,0.12652733191116106,0.0005116267544420262
0.725,209,8,5431.019667289942,0.12755793671360724,0.001309041626767025
0.725,209,9,5572.579995649282,0.14250813823169253,0.001856544277585654
0.725,209,10,5713.824277739327,0.14416575920779992,0.0025026510495491034
0.725,209,11,5854.624449896296,0.14497147824487927,0.002527676312894691
0.725,209,12,5994.470308842394,0.14601614284292513,0.002841160721804419
0.725,209,13,6129.193703748636,0.1575777160357675,0.0025724186121235952
0.725,209,14,6263.933039566526,0.15414773005180848,0.0030426042812037157
0.725,209,15,6398.725987338524,0.15010148347322724,0.004215172636438706
0.725,209,16,6533.661812683779,0.14597782876976984,0.004031116062593512
0.725,209,17,6660.497727124568,0.15550262434922255,0.004192255093975772
0.725,209,18,6786.388034446277,0.15095715613542648,0.004666662043316882
0.725,209,19,6911.077309988387,0.14671993626360497,0.0037780219991487424
0.725,209,20,7033.366883227801,0.14939963446834142,-0.00903317569838367
0.725,209,21,7141.038793423271,0.1763846845549309,-0.022694225485053628
0.725,209,22,7239.41641385348,0.1985238399865575,-0.03710743199703443
0.725,209,23,7332.645956100242,0.2082035291427071,-0.009846926320425857
0.725,209,24,7423.861667108767,0.21013384170456234,-0.005293234168751387
0.725,209,25,7507.21665404631,0.21916376417285183,0.01785701039957725
0.725,209,26,7593.617297621313,0.20459497924656095,0.02235423370191802
0.725,209,27,7685.626619805454,0.18365476052701338,0.011702062376055254
0.725,209,28,7779.249974327585,0.17274207879006115,0.007442648836659295
0.725,209,29,7851.711454982814,0.1722734226265992,0.003524957042695311
0.725,209,30,7924.684482452957,0.16716901555050137,0.004796565473897372
0.725,209,31,7996.558439189106,0.1643170244207952,0.0029705510576530443
0.725,209,32,8066.501052317586,0.1619578500635212,0.005078655690488227
0.725,209,33,8097.972417917331,0.17117015356767,0.004865878550878318
0.725,209,34,8126.461412662339,0.16937679119543378,0.004457033796021058
0.725,209,35,8151.801487114192,0.16845718830847545,0.004364961775777585
0.725,209,36,8173.60615239181,0.1673134339645569,0.0063842391277783616
0.725,209,37,8229.514019046974,0.17985665958591907,0.0017503964182375758
0.725,209,38,8280.692923960485,0.18837311802766926,-0.00936742511978979
0.725,209,39,8325.66044211399,0.2038231055003204,-0.01940787400230955
0.725,209,40,8363.743261165526,0.22480234229979879,-0.024232130300895733
0.75,169,1,4418.66984894538,0.023989763098848708,-0.05220243915624674
0.75,169,2,4340.443610966609,0.003939248577106303,0.01119955432514723
0.75,169,3,4259.707030962939,0.0017018622896642808,-0.0024724483773900046
0.75,169,4,4176.208331202388,0.0018517927075603143,-0.0020343711400668874
0.75,169,5,4087.7138589446104,0.02077861832562803,0.0007843937423132406
0.75,169,6,3999.083203628364,0.0047514690873808035,0.014130719329933324
0.75,169,7,3906.7587023242418,0.003070178095097245,0.0015470378737136178
0.75,169,8,3810.4493598132353,0.0029497021117335246,0.001000951540649506
0.75,169,9,3720.0596834019316,0.021986964413808256,0.0013070248540473159
0.75,169,10,3629.7637559510767,0.008018936417597817,0.012647536544247407
0.75,169,11,3535.397953130147,0.005773527222124774,0.0015469405836941738
0.75,169,12,3436.995639112251,0.00580576419956937,0.0005581077059704353
0.75,169,13,3331.724550140958,0.022801620915295306,-0.0017026583325346727
0.75,169,14,3224.7831276155325,0.008248497827483773,0.006322818368530465
0.75,169,15,3112.824165187626,0.005154321306585956,-0.002129675770340495
0.75,169,16,2995.9812894448855,0.0032400784135962024,-0.002992387394179265
0.75,169,17,2870.180456646407,0.021954755283738314,-0.004879587626603283
0.75,169,18,2742.864424888753,0.006101485773329637,0.007559710074476023
0.75,169,19,2611.262434605557,0.0023877943526643707,-0.0033204187833501945
0.75,169,20,2473.881687748773,0.002311898342377166,-0.0054747741024831304
0.75,169,21,2327.658967375654,0.021328468746613153,-0.002610060705992917
0.75,169,22,2180.0638689930324,0.005174760679848091,0.01045425106758451
0.75,169,23,2028.296250350864,0.0015557625802877192,-0.0013866913628137669
0.75,169,24,1870.709568496572,0.0012337930506421148,-0.004300865748211341
0.75,169,25,1706.2105787683984,0.02079755316440424,0.0007385033890934419
0.75,169,26,1540.681999621021,0.006045810855497737,0.01435235915061585
0.75,169,27,1372.0038857008356,0.002747791553703523,0.003035016315085365
0.75,169,28,1198.300611299466,0.0030505875419983104,0.0007333807929943033
0.75,169,29,1015.8336721221812,0.0193462324763422,-0.0007510912142439714
0.75,169,30,832.2827451958223,0.006195902838538163,0.00807680247991178
0.75,169,31,644.8158522601069,0.003853161496579078,-0.0019103712391225938
0.75,169,32,452.2559118226804,0.0025277717015492374,-0.0029395561127705657
0.75,169,33,251.25757669629567,0.01913324410054506,-0.002192469790268334
0.75,169,34,48.17810452417195,0.005756520959438713,0.009820880218663024
0.75,169,35,-159.44473988583476,0.003215324015101157,-0.002802764096768307
0.75,169,36,-372.69179415801955,0.0025562366209862563,-0.001984264107975616
0.75,169,37,-650.2150588686155,0.01962828919492517,-0.002369368973128724
0.75,169,38,-933.3537120582607,0.005531949422457173,0.010120646733992607
0.75,169,39,-1223.6930384874129,0.0025168069914616297,0.0005407950854039467
0.75,169,40,-1522.930068214123,0.0022918843033907016,-0.0017195154080346586
0.75,173,1,4444.620736394236,0.02590544909425305,-0.038719446659818385
0.75,173,2,4392.3732417488245,0.008517457689998027,0.009257363560155062
0.75,173,3,4337.9637247952,0.004144991131746767,-0.0003362162816006171
0.75,173,4,4281.151917703141,0.00308061583279602,-0.0014570577577333816
0.75,173,5,4219.3198880063965,0.022613308507667677,0.00015407284090517565
0.75,173,6,4156.9934130597285,0.008937099179760781,0.011780990600896496
0.75,173,7,4091.1648558156503,0.006800997389854203,0.0019452030837798845
0.75,173,8,4021.1776356517294,0.0066555981953349734,0.0008625710267534032
0.75,173,9,3958.363295325567,0.02481035422866878,0.0011799419455378196
0.75,173,10,3895.0565766201003,0.014602237398074737,0.009790057214303724
0.75,173,11,3829.0587993269896,0.01221434411726882,0.0022388607838238184
0.75,173,12,3759.7371250754745,0.01087765150510742,0.0016263054804209708
0.75,173,13,3683.869711420462,0.02749375568087176,-0.001692230073196367
0.75,173,14,3606.4526827493414,0.015766202292372127,0.005805281851928374
0.75,173,15,3526.138226029653,0.01158866796025325,-0.00041417514149697025
0.75,173,16,3442.436187782646,0.007989260206954608,-0.0013873795461356022
0.75,173,17,3350.572366855816,0.024234863329376684,-0.002499778329761347
0.75,173,18,3256.9611016146287,0.010987452604832063,0.0048492338192283645
0.75,173,19,3158.981004316741,0.0059038092102547636,-0.0015052762732744051
0.75,173,20,3055.407344407419,0.004628811198875028,-0.004625362931710227
0.75,173,21,2942.0173590908585,0.024001051534738086,-0.0033472529132726465
0.75,173,22,2827.2014431906327,0.009238816020425566,0.009620420220446674
0.75,173,23,2708.4826381714543,0.005620852666665391,-0.00207185442068201
0.75,173,24,2586.0802751941246,0.00391296798953998,-0.0015868220350335157
0.75,173,25,2457.6579719437855,0.021868825083221893,0.0021972294012662626
0.75,173,26,2327.097918014801,0.01193507088932313,0.010395237035038208
0.75,173,27,2191.769044260078,0.009446377089840476,0.0002969475551039934
0.75,173,28,2051.0695826937304,0.008174562248969551,0.000890950227074543
0.75,173,29,1900.2656401013949,0.022302991990301158,0.0013005751273005633
0.75,173,30,1748.9623903314757,0.013396781996729968,0.00470491232352964
0.75,173,31,1595.4122705097054,0.0077860887417487805,0.0019845704786019837
0.75,173,32,1437.5755277181165,0.006335412877766683,-0.0020598936840081953
0.75,173,33,1267.8492216730535,0.02125824734434353,0.0001698175697985471
0.75,173,34,1095.167908399541,0.010994996022198908,0.005330681204369633
0.75,173,35,917.8156104866125,0.006436812017007557,0.0009739367010473145
0.75,173,36,735.089734634334,0.004271604128414653,-0.0014386589273069933
0.75,173,37,499.6307866015022,0.020856857034660562,-0.0012554822593314168
0.75,173,38,258.94020129514104,0.00983012685289373,0.008081463813918123
0.75,173,39,11.69754776991366,0.005015737420539983,0.0015961875549243764
0.75,173,40,-241.85108194552015,0.0029934560250378197,0.00021204933585271143
0.75,177,1,4469.235910574211,0.03006875702207148,-0.026447749019430273
0.75,177,2,4441.0954373948125,0.015287585263471305,0.0072921237350434005
0.75,177,3,4411.731812065876,0.01020273253247901,0.0002180226952621669
0.75,177,4,4379.696977602228,0.007753155480145406,4.5415769921135965e-05
0.75,177,5,4343.059646706154,0.02512684032245898,0.0005348115135144868
0.75,177,6,4305.484104134702,0.014951859764818946,0.00874188688445989
0.75,177,7,4264.558102391843,0.013036686279235066,0.001533971657053991
0.75,177,8,4220.19103369237,0.011837378161085897,0.00134195616572481
0.75,177,9,4182.767529816024,0.03018508278490478,0.0003772145128336094
0.75,177,10,4143.927379102271,0.023388786002258778,0.006714744223018914
0.75,177,11,4102.681826542326,0.02185105651965124,0.0023650786488335226
0.75,177,12,4058.4015142301073,0.019477663114080477,0.002695745812003006
0.75,177,13,4007.135274287168,0.03570697770402002,-0.0007863510381963666
0.75,177,14,3955.215510946912,0.026687121293349863,0.0039756025673068456
0.75,177,15,3901.365032823083,0.021575982720637706,0.0005429418233664375
0.75,177,16,3845.367663842925,0.016960074435034448,0.0003905785741142554
0.75,177,17,3781.3976983326866,0.03129930471043009,-0.000852061182844059
0.75,177,18,3716.176628873823,0.020771305434013135,0.004269546901748393
0.75,177,19,3648.5524818825206,0.014093884075944411,0.0005535624846808798
0.75,177,20,3576.4046999801167,0.011166107042475908,-0.0026087242336579487
0.75,177,21,3495.0138385846362,0.02886703498885511,-0.001234981644077602
0.75,177,22,3412.0571794325538,0.01999021817422232,0.00250738186807079
0.75,177,23,3326.52321953937,0.015125645563354197,0.00026653870860842625
0.75,177,24,3237.250678384167,0.011484890116871796,0.0003146290939546288
0.75,177,25,3139.924330141438,0.03169583017397256,-0.0013986199766790326
0.75,177,26,3039.1946991962686,0.027290687295056505,0.0048863707108633145
0.75,177,27,2934.119032889248,0.02509785187098388,0.0010684151756246564
0.75,177,28,2824.8098483276626,0.023199742097114773,0.00368220860319853
0.75,177,29,2703.3230621643615,0.03522919699562921,0.0011962265596352814
0.75,177,30,2579.680443134879,0.028031155366023023,0.0029335340135389124
0.75,177,31,2453.359600251815,0.022841409248314837,-0.001401090948383726
0.75,177,32,2324.3669849604094,0.018373147446152087,-7.38688136638756e-05
0.75,177,33,2180.335583977642,0.030602244099316046,0.0024583429905619793
0.75,177,34,2034.3664281589504,0.02226707454913997,0.006105005357791514
0.75,177,35,1884.2668464558183,0.017567116548204635,0.0017509649136939864
0.75,177,36,1730.60768452885,0.013810541189181014,-0.000337732822955723
0.75,177,37,1535.6624261725754,0.027961303698285447,0.000897870060042389
0.75,177,38,1335.4786536577374,0.02125496716478413,0.004725442798637574
0.75,177,39,1128.6743447815845,0.017426114416981994,0.0006323952819846829
0.75,177,40,916.2232044122082,0.0145563947777828,0.0008229346807908574
0.75,181,1,4492.481621084928,0.036007362989638886,-0.017943950522845926
0.75,181,2,4487.711321953754,0.024365732470857073,0.004884056997935023
0.75,181,3,4482.006985081781,0.018742077040804488,0.0008535238447848014
0.75,181,4,4474.483042881115,0.014756649925829233,0.00038086197519026786
0.75,181,5,4462.359259021761,0.03127726918794701,0.000886146815047669
0.75,181,6,4448.983033055306,0.024584809418308165,0.005692894300264098
0.75,181,7,4432.821747879091,0.022518633035623997,0.0020837385311484884
0.75,181,8,4413.681420543855,0.021012592396984064,0.0020280857924653115
0.75,181,9,4402.623714790982,0.03828966174769877,0.000994352710934832
0.75,181,10,4390.245958968725,0.03470795330459917,0.004183885986449103
0.75,181,11,4374.866737075593,0.03324918574405035,0.0023762219672976773
0.75,181,12,4357.053934925023,0.03162706124104572,0.002233000008025302
0.75,181,13,4333.288586108402,0.0461496849176297,0.0007998003481785346
0.75,181,14,4308.071758212566,0.03917594472868215,0.00242342074473241
0.75,181,15,4281.878582135183,0.033658857612587384,0.0012980014361362144
0.75,181,16,4254.360954951351,0.028734371571803374,0.0012088244136000575
0.75,181,17,4218.942147936827,0.04162913297982697,-4.346817638795707e-05
0.75,181,18,4181.573546074989,0.03298571862519083,0.0025985587568244897
0.75,181,19,4142.136935001864,0.026833535015592935,0.0009953412224002866
0.75,181,20,4101.039619839835,0.021450803515730553,0.0003753948721400936
0.75,181,21,4051.4835029167343,0.03903374318741782,-0.001701899914486892
0.75,181,22,3999.5337490853576,0.033686076265319165,0.0014309338360231902
0.75,181,23,3944.386155055376,0.03109110417667407,-0.001466979309345975
0.75,181,24,3885.99154161403,0.02889348444129415,-0.0017095788096156879
0.75,181,25,3818.853649892831,0.04776520528922894,-0.001270536385349702
0.75,181,26,3747.4460365706113,0.04642674332047383,0.0036836505982313786
0.75,181,27,3671.368353309622,0.045920076415442414,0.0005362899387880716
0.75,181,28,3592.166834928261,0.043090250977040855,0.004015524541387943
0.75,181,29,3499.578862514372,0.054303904197962674,0.0012487816900705784
0.75,181,30,3405.331022718252,0.047291126970568635,0.0019437615113022738
0.75,181,31,3309.082713846199,0.04046960629000916,0.0023584930475463095
0.75,181,32,3210.1738209647397,0.03500790539766536,0.001369216709738384
0.75,181,33,3092.1929223287757,0.04637469859544419,0.001185214716847454
0.75,181,34,2971.3631092605024,0.038792974171621065,0.002619683325972698
0.75,181,35,2847.312334567872,0.034701366122196355,0.002273611422406516
0.75,181,36,2719.913203340849,0.03021422336686108,0.0017021293170465675
0.75,181,37,2562.800829122711,0.04324397870355775,0.0004783867889712765
0.75,181,38,2400.831355979515,0.039034688769855545,0.0025083237641545966
0.75,181,39,2233.7216701434286,0.03609108713530375,0.0010652195852176593
0.75,181,40,2061.5472949682385,0.032878944555348594,0.0014431174148424907
0.75,185,1,4513.727153589831,0.04213869679518093,-0.01166275503257386
0.75,185,2,4530.2206500111615,0.0342382120678119,0.0032381466837993495
0.75,185,3,4546.346660899952,0.029031347226117808,0.0015396474129522253
0.75,185,4,4561.707316964626,0.026245711939894896,0.00026565757482532984
0.75,185,5,4574.040158574682,0.04175847841633331,0.0018236817309021322
0.75,185,6,4585.252524466108,0.0384601359342256,0.00379164358110254
0.75,185,7,4593.877810233526,0.03664179975239036,0.0018092119511012071
0.75,185,8,4599.069750205549,0.03649624227298349,0.0009567029432900636
0.75,185,9,4611.880950281153,0.05305328291601066,0.0016546758950619631
0.75,185,10,4622.061794907914,0.05083154395677149,0.0023124157156694507
0.75,185,11,4630.1578541319495,0.04888342716109163,0.002348361648920451
0.75,185,12,4636.114748186121,0.048207863540520576,0.002116306131474814
0.75,185,13,4636.643063837723,0.06176808332686482,0.0013743358226220089
0.75,185,14,4635.598546425036,0.05667125560732764,0.0014858480254865108
0.75,185,15,4633.137860097599,0.0513669726653012,0.001589562616431416
0.75,185,16,4630.522985755856,0.04548584067958316,0.0022269625652457533
0.75,185,17,4620.979362081013,0.05574024771882402,0.0019665631303879
0.75,185,18,4609.689133617086,0.048514261468393924,0.0024675061930019967
0.75,185,19,4596.245570450042,0.04293986006645601,0.0012305406409736962
0.75,185,20,4581.475011991946,0.036725122419529674,0.00038228970555714235
0.75,185,21,4557.57302520088,0.0543101653827344,-0.003666326096513102
0.75,185,22,4530.169263450647,0.0535300859879965,-0.0037991576969832563
0.75,185,23,4500.188590586654,0.05190689390348185,-0.0013085579486603162
0.75,185,24,4467.285362754567,0.04994433776896259,0.0015366408868051043
0.75,185,25,4426.110406651334,0.0666852606079023,-0.0008344348068663466
0.75,185,26,4381.970404076349,0.06476676145727202,0.0012784675578763097
0.75,185,27,4333.9648024550215,0.06278012981836299,0.0024740895741922325
0.75,185,28,4282.998686235428,0.060282099819826906,0.0052040837822689
0.75,185,29,4216.108367568564,0.07134708334248786,-0.00015463904687623055
0.75,185,30,4148.015820853396,0.06318963706716106,0.002613361208037195
0.75,185,31,4077.7081752507597,0.0563384180339079,0.003250744012350987
0.75,185,32,4004.787307445729,0.05103868740485004,0.0017550066359395568
0.75,185,33,3910.142934494602,0.06148336547545744,0.0014709769947009717
0.75,185,34,3812.2011345102896,0.056254032432831634,0.0023121770891611853
0.75,185,35,3710.1581536011295,0.05152680897590164,0.0015201008506229915
0.75,185,36,3604.6321784556217,0.047791273213570115,0.0021315690755417723
0.75,185,37,3479.2832746162403,0.06008481688588371,-0.00016109411694198818
0.75,185,38,3348.5290826726045,0.05739325983095167,0.0016286942688750773
0.75,185,39,3212.665091432601,0.05515885903996987,0.0008577639552355337
0.75,185,40,3072.8547985906016,0.05319344099086756,-1.8037240522070045e-05
0.75,189,1,4534.303757955459,0.04936844971071504,-0.007751029406251927
0.75,189,2,4570.375387895988,0.04527114761999526,0.002174365904168442
0.75,189,3,4606.474576785256,0.041369458149448445,0.0008568236184941392
0.75,189,4,4642.496648462993,0.037728084065362,0.0017610169732403121
0.75,189,5,4675.073710301542,0.05317951119238938,0.0015428933192773175
0.75,189,6,4705.918713388407,0.05102907356683679,0.0021648244273577964
0.75,189,7,4735.144931364945,0.05090812779128303,0.0015328931310558884
0.75,189,8,4762.184044810915,0.05103856762841192,0.0016623476146113863
0.75,189,9,4797.941038056569,0.06740053126128184,0.0013573270745268924
0.75,189,10,4832.309707384529,0.0669348689568276,0.0025325689211208946
0.75,189,11,4864.833593274251,0.06642682122840947,0.0020353612392451023
0.75,189,12,4894.685252989065,0.0662202753224756,0.001911183093454787
0.75,189,13,4918.770721920807,0.08018554732865296,0.0011652689230806008
0.75,189,14,4941.2408122486395,0.07475310747170458,0.001662047255591813
0.75,189,15,4962.646678491374,0.0695519837933612,0.002204723847870635
0.75,189,16,4983.221769492279,0.06389820224183886,0.0019367341530840956
0.75,189,17,4996.23281847106,0.074586051950586,0.0013494450970444347
0.75,189,18,5007.249901474236,0.06830918330758175,0.002163650723748574
0.75,189,19,5017.2655996927815,0.06264716899648623,0.0016125527359371172
0.75,189,20,5024.920002910319,0.05851862072267993,-0.001115049017025176
0.75,189,21,5022.91940001467,0.07377079784950888,-0.0024153646261905653
0.75,189,22,5017.316367849076,0.07432767378034981,-0.004365735082958961
0.75,189,23,5008.346207943088,0.07440174199810429,-0.0016421766136894866
0.75,189,24,4996.417392576395,0.07561473596475884,-0.007539423309824339
0.75,189,25,4976.912060401645,0.08991260252723003,0.00527450642179164
0.75,189,26,4953.339060563949,0.09027682873196013,-0.0008017674853185666
0.75,189,27,4926.270857224498,0.08846274070264881,0.004389487444765366
0.75,189,28,4897.2739745921,0.08386574823342885,0.0037715956803585347
0.75,189,29,4852.803111916006,0.09054710986114811,0.00421917988727645
0.75,189,30,4807.743498828347,0.08333159603042686,0.005175272893741123
0.75,189,31,4761.501083871838,0.07630169189898918,0.000943940954401591
0.75,189,32,4713.781456344898,0.07020348181359706,0.0022740343622073673
0.75,189,33,4640.737611942818,0.08037081749234165,0.002075435307690643
0.75,189,34,4564.2066381213235,0.07562759780308766,0.0018023594710406743
0.75,189,35,4484.455325661935,0.07198609004923179,0.0016895640563547255
0.75,189,36,4401.420944271498,0.06883772524529178,0.001302779692157256
0.75,189,37,4307.314612220292,0.08162370160088744,-0.00025739626462618887
0.75,189,38,4209.354665319285,0.079102720408842,0.001414998381119415
0.75,189,39,4106.775961427974,0.07729972718197797,0.001987266517239428
0.75,189,40,4000.011112104226,0.07408015515145892,0.002236481415979644
0.75,193,1,4556.70446917796,0.056370480045320095,-0.004925982970374293
0.75,193,2,4613.734636728389,0.05770956119049402,0.0014212728484861326
0.75,193,3,4670.515103965294,0.05574487660655991,0.0004924903162325968
0.75,193,4,4727.250460177851,0.05276862498584333,0.001013898594246792
0.75,193,5,4781.039828887964,0.06825573111537811,0.0010878949652936396
0.75,193,6,4832.4843414271345,0.06717786423501533,0.001646488191257561
0.75,193,7,4881.6904143031425,0.06723089867107097,0.0014618660126378242
0.75,193,8,4929.39171496585,0.06666930972721724,0.0017210745777596357
0.75,193,9,4985.882667119103,0.0827477602483789,0.0022210566995767003
0.75,193,10,5041.649316738635,0.08175437609092762,0.0023077144230359598
0.75,193,11,5096.034559306815,0.08182482202424782,0.0016516229487709107
0.75,193,12,5148.961809944307,0.08231027950259873,0.0025676765966932166
0.75,193,13,5197.145131379098,0.09563342315516626,0.0011851828227538812
0.75,193,14,5244.120023397815,0.0918144711629783,0.0017313437484772283
0.75,193,15,5290.034825931351,0.08687061176308866,0.0021640373066519076
0.75,193,16,5335.083740815334,0.081174703957012,0.002228076574905019
0.75,193,17,5372.425629880836,0.09169194342131878,0.0019337637358388096
0.75,193,18,5408.087709539028,0.08646034734042289,0.002396479369383004
0.75,193,19,5441.526049049918,0.08300083161399341,-0.0014703120353049368
0.75,193,20,5473.062130921195,0.08008305603721749,-0.00246018295497887
0.75,193,21,5493.764301954103,0.09842395485258264,-0.007181733993966108
0.75,193,22,5510.109983574428,0.10103338856520763,-0.0056685683228812666
0.75,193,23,5522.991079871188,0.10120168975042336,-0.0028627242535659734
0.75,193,24,5533.608333096848,0.09843111220881354,0.0017543773196018499
0.75,193,25,5536.97857037298,0.10985214800004194,0.0045321609726249445
0.75,193,26,5538.853827667247,0.10456795528665565,0.0035642636664142556
0.75,193,27,5538.751580266957,0.10105041332193877,0.005441283900915282
0.75,193,28,5536.514833397809,0.09500444082612686,0.002032532475728127
0.75,193,29,5516.569809069357,0.10213027396108851,0.005414883380223848
0.75,193,30,5495.996944768976,0.09634531662293408,0.002982056080404342
0.75,193,31,5474.021594977316,0.09188452364008194,0.0011727085293507615
0.75,193,32,5450.378420083497,0.08784112506096727,0.00144994300218901
0.75,193,33,5399.744148653354,0.09878292180862032,0.002629415366423108
0.75,193,34,5345.5048813911335,0.09597910768280209,0.0030935827539190597
0.75,193,35,5286.989181985652,0.09394525287905081,-0.0005893215350671876
0.75,193,36,5224.1571184021295,0.09106334719911816,0.0018311897164211008
0.75,193,37,5159.960036764464,0.10322915395758045,0.0008503175559368972
0.75,193,38,5091.388906998138,0.10262810616914579,0.0005741541048132941
0.75,193,39,5018.962211993473,0.10323505889631916,-0.00025696718660395184
0.75,193,40,4941.300297697673,0.10443671017661031,-0.002399298240944757
0.75,197,1,4575.9448241219125,0.06376276197459635,-0.00256293768643917
0.75,197,2,4650.816587143793,0.06821155258062248,0.0003572009258100798
0.75,197,3,4725.084579603411,0.06801495882992664,-7.533454922208779e-05
0.75,197,4,4799.530007592239,0.06553624208132856,0.0011221091674355455
0.75,197,5,4871.377627943907,0.08070058367917433,0.0015462456185486896
0.75,197,6,4942.304270243001,0.08032528607080311,0.001741175626029423
0.75,197,7,5011.834880055519,0.08021364367542581,0.0013813096979448047
0.75,197,8,5080.097184668975,0.08086934551597257,0.0014972756482317792
0.75,197,9,5156.681537579824,0.09736366634450624,0.001580670644541653
0.75,197,10,5231.776633837336,0.09709264341618919,0.0015656710336838353
0.75,197,11,5305.653550009111,0.09722651784404297,0.002059880563800719
0.75,197,12,5378.574561078757,0.0970833450829097,0.0031253694454940095
0.75,197,13,5446.587821582842,0.11008450881957232,0.001218431987006345
0.75,197,14,5513.604997156513,0.10626817804803022,0.0018159793049341664
0.75,197,15,5579.978784132281,0.10090828144627102,0.0031842258224560704
0.75,197,16,5646.947737093874,0.09597207817580082,0.002476671437802187
0.75,197,17,5705.094048715572,0.10698363174161901,0.002073419648073507
0.75,197,18,5762.563284816513,0.10131616003641944,0.001715448166139373
0.75,197,19,5817.722937545582,0.0973742538265586,3.485381637155158e-05
0.75,197,20,5870.565047416668,0.09541378713143835,-0.0027962403651616303
0.75,197,21,5913.222553372679,0.11188980263856174,-0.007066806481643082
0.75,197,22,5952.097703869008,0.11521979580863083,-0.006211144070191053
0.75,197,23,5987.586088886335,0.11762896564911518,-0.005724726217578479
0.75,197,24,6020.1809357638895,0.11731799160316567,0.00024699085512622633
0.75,197,25,6045.177788251132,0.12950952082317874,0.0006540228294742207
0.75,197,26,6068.486894085739,0.1248940444660554,0.005930930482780973
0.75,197,27,6089.772494254546,0.12051472848014179,0.007458061588867445
0.75,197,28,6110.075351094927,0.11456769116579321,0.0021319365558459323
0.75,197,29,6111.355428597259,0.12022490094938688,0.004009187467671801
0.75,197,30,6112.834491572111,0.11346373992471578,0.004225530233531413
0.75,197,31,6113.364420757701,0.10820429970794597,0.0024790899706917746
0.75,197,32,6112.97109334809,0.10352665951652527,0.0036537543601344704
0.75,197,33,6083.019946836047,0.11426443776096447,0.0017546051958768191
0.75,197,34,6049.811699337125,0.11229456007335982,0.0015921881964275468
0.75,197,35,6013.188657558723,0.11006818050327996,0.001489236777819647
0.75,197,36,5973.696499831649,0.1081598370318667,0.0027267255070485986
0.75,197,37,5941.721117299518,0.1217491161198079,0.0021127539855752627
0.75,197,38,5906.467538034265,0.12173322915430825,-0.00022163297184155123
0.75,197,39,5866.79448208006,0.12392769938060516,-0.002266340103198864
0.75,197,40,5822.442019383804,0.12796642064167832,-0.006455203896488932
0.75,201,1,4598.373034899549,0.06974079108321464,0.0007861485768215763
0.75,201,2,4695.839572719489,0.07944025036781478,8.319638471746034e-05
0.75,201,3,4791.317368064458,0.0826598364959463,-0.0016322744745967364
0.75,201,4,4886.379193843926,0.08236065597412988,-0.00031168853979441003
0.75,201,5,4979.027884099831,0.09771594706067198,0.00036738407713562076
0.75,201,6,5069.724167443042,0.09805128654963664,0.0013208979423823307
0.75,201,7,5159.0493996249315,0.09812246708388045,0.001073853580400185
0.75,201,8,5246.143761411584,0.0982370627786002,0.0013655801859387075
0.75,201,9,5341.191276614641,0.11370145980824747,0.0014425615314052462
0.75,201,10,5435.040077659175,0.11389863228604807,0.0024551973266050586
0.75,201,11,5527.648489410599,0.11454644799325525,0.002395415843474178
0.75,201,12,5619.543053953311,0.11416046046470349,0.002328752697782358
0.75,201,13,5706.249750590944,0.12703536456205022,0.001790914950784172
0.75,201,14,5792.311034559043,0.12359177057808338,0.002184248870524832
0.75,201,15,5877.527364823197,0.11925909625635225,0.0031562232786541953
0.75,201,16,5963.250386202012,0.11413165090153364,0.0032682064710916688
0.75,201,17,6041.238500244077,0.124435397888161,0.0029689200817105705
0.75,201,18,6118.59011159654,0.11938785771203946,0.0028583308060594298
0.75,201,19,6194.541074439903,0.11674953200207411,-0.0015662382225129661
0.75,201,20,6267.85387612826,0.11958414366947903,-0.00800854776709016
0.75,201,21,6328.908686344973,0.14155407824864924,-0.015325590454070328
0.75,201,22,6384.811559865486,0.15295758075556246,-0.017018945676432688
0.75,201,23,6436.039444715103,0.15857797023422784,-0.006220274346092934
0.75,201,24,6485.665416615827,0.15498929552013524,-0.0003196277187542662
0.75,201,25,6528.681436906346,0.1627039017423141,0.012798624114332033
0.75,201,26,6572.115393357547,0.15318503289950794,0.014802884365234149
0.75,201,27,6617.104893217203,0.14147810640538278,0.0064688122969936415
0.75,201,28,6663.138302194574,0.13173531149816106,0.004186491419331987
0.75,201,29,6687.761624605501,0.13830420334268861,0.0023100920375792753
0.75,201,30,6710.913082424178,0.1346502899327909,0.0013395907082082033
0.75,201,31,6731.762072722031,0.13210383570221904,0.0028541145441107413
0.75,201,32,6751.232700714332,0.1290168158572143,0.0026981882857801264
0.75,201,33,6737.530454803043,0.13848405272970102,0.0035574866135911157
0.75,201,34,6720.730163494681,0.1357193777761217,0.0026996147129935886
0.75,201,35,6701.011867855816,0.1333542215149706,0.004023441096095073
0.75,201,36,6677.844871099286,0.1319597460623914,0.0034994596991557267
0.75,201,37,6671.215610001728,0.14499579173436225,-0.0002324429466447755
0.75,201,38,6660.10599544091,0.14980738886241446,-0.0059470602962958365
0.75,201,39,6644.144172756947,0.15780545582291558,-0.008883703877274943
0.75,201,40,6623.377152040669,0.16765818398273274,-0.009532153033283041
0.75,205,1,4616.4094612593635,0.07515448251605458,0.0032987033742630707
0.75,205,2,4730.653210390413,0.08767424423866164,-0.0016004156048998936
0.75,205,3,4843.397973388007,0.09273694040684408,-0.0022660788305917724
0.75,205,4,4956.167007219887,0.09423062527966794,-0.0009567154214058422
0.75,205,5,5067.23731367243,0.11024256448089755,0.00053368196070516
0.75,205,6,5177.939775313074,0.11142225557252573,0.001139834674430483
0.75,205,7,5286.675161288693,0.11280543146432427,0.0004865125237562215
0.75,205,8,5393.47867135159,0.1136355998147272,0.0007317808602936252
0.75,205,9,5508.637375158887,0.12825498519236708,0.0018554497589541828
0.75,205,10,5622.97286606528,0.12890887220608763,0.0016797101421719635
0.75,205,11,5736.330682319207,0.12983879631416956,0.002430974071075636
0.75,205,12,5848.3995315463335,0.1303127917622119,0.0031053079758110265
0.75,205,13,5954.8395994630155,0.14237086782175856,0.0022978864120153978
0.75,205,14,6061.363420080771,0.13907447756847613,0.0035181168365649735
0.75,205,15,6167.827660244425,0.13503343043966282,0.0028891658379625795
0.75,205,16,6273.9016629808075,0.13089922973610063,0.0029846809416027497
0.75,205,17,6372.367797370268,0.14012357131266986,0.004513689408613006
0.75,205,18,6470.231866879243,0.13519724905893113,0.003844888366903792
0.75,205,19,6567.666856164327,0.13082241697058236,0.0029110750130816295
0.75,205,20,6663.9327497457525,0.13070818367282352,-0.003484548669509065
0.75,205,21,6744.697787662549,0.16079183619503878,-0.030579152418690546
0.75,205,22,6818.000104420533,0.17652365426181385,-0.022925874920363513
0.75,205,23,6886.909144727859,0.1867797376343488,-0.011204244761991307
0.75,205,24,6953.040118653559,0.18844636836406164,-0.002151959280341647
0.75,205,25,7011.87934746095,0.19638255687371062,0.015944652472713983
0.75,205,26,7072.652185509099,0.18260275768530565,0.014875531300573326
0.75,205,27,7134.786354277915,0.16889554112407631,0.009094633391943833
0.75,205,28,7198.260080384348,0.15675433756627316,0.00752515076456227
0.75,205,29,7240.750207272463,0.15919463828377323,0.000760110400271849
0.75,205,30,7282.68811812168,0.15483337514964526,0.0033745746971883444
0.75,205,31,7322.678901633463,0.15218932303396188,0.003802302524043444
0.75,205,32,7360.949976975606,0.14929753888844882,0.0035439622984514674
0.75,205,33,7364.128219899013,0.159438776077657,0.00311065528995554
0.75,205,34,7364.580881661835,0.15693959056863777,0.004381005351708258
0.75,205,35,7361.643342406558,0.15626736747368536,0.004192305733139635
0.75,205,36,7355.680930493787,0.15415049753360302,0.00537296231353488
0.75,205,37,7374.697092471847,0.16557645527183115,0.003311686956459577
0.75,205,38,7389.9719617369055,0.17001821093069888,-0.004479377758931846
0.75,205,39,7400.1018991217215,0.18108500512998144,-0.012483902685822137
0.75,205,40,7404.070454341911,0.19812758415801193,-0.01954447874869054
0.75,209,1,4634.033208100822,0.07838752877270624,0.005560619273964317
0.75,209,2,4765.778500637509,0.09466091189725274,-0.0038122961305725464
0.75,209,3,4895.575077525977,0.10302099890717976,-0.0020721960947618413
0.75,209,4,5025.573180480577,0.10569330579521334,-0.0008455164085451861
0.75,209,5,5153.533589356729,0.12219172309184768,9.981987174268614e-05
0.75,209,6,5280.283823685432,0.12417996870148136,0.00037727306429607743
0.75,209,7,5406.4893352313775,0.12511485619285706,0.000942528246816508
0.75,209,8,5532.10505360965,0.12681839648029064,0.0011762079261162215
0.75,209,9,5666.802576375903,0.14237957841177273,0.0014565358771534878
0.75,209,10,5801.040294705901,0.1434148358103408,0.002515737615587547
0.75,209,11,5934.766293396365,0.14454641451378253,0.0025763857890818
0.75,209,12,6068.143199679632,0.14497036770956412,0.003022535390719541
0.75,209,13,6196.207260533309,0.15711429628693682,0.001776901271378554
0.75,209,14,6324.268544633918,0.15366866310175326,0.0036251115181485803
0.75,209,15,6452.207655804192,0.14941464259000772,0.0039109316247459775
0.75,209,16,6579.983737934429,0.14514505590151622,0.004280238434662344
0.75,209,17,6698.6292987442885,0.15474982040515564,0.003769386144759117
0.75,209,18,6816.277002949163,0.15010707140710347,0.004124758261540269
0.75,209,19,6932.342318995681,0.1472017826687825,0.0007780441131552039
0.75,209,20,7045.007120639727,0.15057644348709373,-0.0086955960546747
0.75,209,21,7142.782269830859,0.17798608754624828,-0.026799262644849015
0.75,209,22,7233.837845386966,0.19385638218502152,-0.024001597945307335
0.75,209,23,7318.527052570545,0.208853045616405,-0.021391976554914833
0.75,209,24,7402.1178807349415,0.2068960566939608,0.00295038750285092
0.75,209,25,7478.161930917843,0.21569042686220874,0.019131167453664753
0.75,209,26,7557.987146828768,0.1998490690077561,0.015953544821089134
0.75,209,27,7640.850424455306,0.18505729746325464,0.013198503117547838
0.75,209,28,7726.952605214625,0.16986605589335987,0.00457613588871209
0.75,209,29,7791.804650130183,0.17360115529585685,0.003413015485950437
0.75,209,30,7856.581793016604,0.16879753720217522,0.004713034073159019
0.75,209,31,7920.181285184436,0.16576137375868702,0.003665772624800129
0.75,209,32,7982.281932069115,0.16250674337272372,0.004112861896740976
0.75,209,33,8006.01828467136,0.17158242058783063,0.004727601130831293
0.75,209,34,8026.891219586066,0.16939084379419064,0.004870287917048628
0.75,209,35,8044.076781318987,0.16812878100812967,0.00519199290010719
0.75,209,36,8057.579974672093,0.16680423988898682,0.0037766086113557207
0.75,209,37,8103.547241076278,0.17913338347950683,0.0023793324567499903
0.75,209,38,8146.655647291524,0.18435419010357812,-0.0031540384715709035
0.75,209,39,8184.538860386941,0.1974675169776459,-0.015004691258896
0.75,209,40,8215.16655696774,0.2165275874231384,-0.020491988297391198
